ICD10Code,trad_icd_count,BFA_icd_count,trad_%,BFA_%
M54.16,28679,9928,1.184694667586004e-07,9.084794718763416e-08
M62.838,941,273,3.887156742558771e-09,2.4981355340677e-09
M75.101,80,42,3.30470286296176e-10,3.8432854370272307e-10
M25.531,1306,520,5.394927423785074e-09,4.758353398224191e-09
M45.2,105,14,4.3374225076373104e-10,1.2810951456757437e-10
M79.673,3826,3125,1.580474144211462e-08,2.859587378740499e-08
M99.03,5154,371,2.129054819463114e-08,3.3949021360407206e-09
M76.02,96,5,3.9656434355541125e-10,4.5753398059847985e-11
M79.2,1502,436,6.204579625210705e-09,3.9896963108187445e-09
M43.02,221,78,9.129241658931862e-10,7.137530097336286e-10
M96.1,2441,378,1.0083474610612071e-08,3.4589568933245078e-09
M47.12,603,155,2.490919782957427e-09,1.4183553398552876e-09
M06.9,870,737,3.593864363470914e-09,6.744050874021593e-09
M51.34,646,96,2.6685475618416214e-09,8.784652427490814e-10
M46.46,51,17,2.106748075138122e-10,1.5556155340348316e-10
M76.30,33,3,1.363189930971726e-10,2.7452038835908793e-11
M43.17,373,129,1.5408177098559206e-09,1.1804376699440781e-09
M99.01,3518,341,1.4532430839874341e-08,3.1203817476816324e-09
M54.2,196381,57616,8.112260661641168e-07,5.272255565232403e-07
M99.05,895,40,3.6971363279384694e-09,3.660271844787839e-10
M79.672,3776,2011,1.559819751317951e-08,1.840201669967086e-08
M70.62,265,89,1.094682823356083e-09,8.144104854652941e-10
M19.92,46,48,1.9002041462030122e-10,4.392326213745407e-10
M25.519,11372,7851,4.697635119700142e-08,7.184198563357331e-08
M50.31,101,25,4.172187364489222e-10,2.2876699029923994e-10
N52.9,121,45,4.998363080229663e-10,4.117805825386319e-10
M50.03,99,9,4.0895697929151783e-10,8.235611650772638e-11
M50.93,134,91,5.535377295460948e-10,8.327118446892334e-10
M16.7,17,4,7.02249358379374e-11,3.660271844787839e-11
M40.04,6,0,2.4785271472213203e-11,0.0
M54.41,7001,1592,2.8920280929494103e-08,1.4567881942255599e-08
M26.81,4,1,1.6523514314808802e-11,9.150679611969598e-12
M17.31,63,187,2.6024535045823864e-10,1.7111770874383146e-09
M41.34,22,13,9.08793287314484e-11,1.1895883495560475e-10
M70.60,161,31,6.650714511710543e-10,2.836710679710575e-10
M50.13,836,233,3.4534144917950393e-09,2.1321083495889163e-09
M94.0,108,81,4.461348864998376e-10,7.412050485695374e-10
M25.571,2956,1613,1.2210877078643704e-08,1.4760046214106961e-08
M43.6,132,83,5.452759723886904e-10,7.595064077934765e-10
L40.53,20,1,8.2617571574044e-11,9.150679611969598e-12
M48.12,29,2,1.1979547878236381e-10,1.8301359223939195e-11
M43.16,1696,273,7.005970069478932e-09,2.4981355340677e-09
E11.42,1091,357,4.506788529364101e-09,3.2667926214731464e-09
E11.65,103,160,4.2548049360632665e-10,1.4641087379151355e-09
E11.9,807,965,3.3336190130126756e-09,8.830405825550662e-09
E13.42,24,9,9.914108588885281e-11,8.235611650772638e-11
E16.9,3,0,1.2392635736106602e-11,0.0
E43.,5,0,2.0654392893511e-11,0.0
E66.09,161,58,6.650714511710543e-10,5.307394174942366e-10
E83.19,1,3,4.1308785787022006e-12,2.7452038835908793e-11
F10.20,3300,539,1.3631899309717261e-08,4.932216310851613e-09
F10.21,428,39,1.7680160316845417e-09,3.568765048668143e-10
F11.10,61,24,2.519835933008342e-10,2.1961631068727034e-10
F11.988,7,1,2.8916150050915402e-11,9.150679611969598e-12
F12.288,5,2,2.0654392893511e-11,1.8301359223939195e-11
F25.0,84,130,3.4699380061098484e-10,1.1895883495560477e-09
F33.0,536,265,2.2141509181843793e-09,2.4249300971719434e-09
F33.1,2106,846,8.699630286746834e-09,7.74147495172628e-09
F33.8,472,259,1.9497746891474386e-09,2.3700260195001256e-09
F33.9,999,440,4.126747700123498e-09,4.026299029266623e-09
F41.0,216,111,8.922697729996752e-10,1.0157254369286254e-09
F41.1,3968,1225,1.639132620029033e-08,1.1209582524662757e-08
F41.8,241,142,9.955417374672302e-10,1.2993965048996828e-09
F43.0,324,21,1.3384046594995128e-09,1.9216427185136153e-10
F43.10,8795,2531,3.633107709968585e-08,2.316037009789505e-08
F43.12,21382,6555,8.832644576981044e-08,5.998270485646072e-08
E29.1,16,22,6.609405725923521e-11,2.0131495146333113e-10
F39.,210,100,8.674845015274621e-10,9.150679611969597e-10
F43.20,293,52,1.2103474235597446e-09,4.75835339822419e-10
B02.22,203,62,8.385683514765467e-10,5.67342135942115e-10
B35.1,18,12,7.435581441663961e-11,1.0980815534363517e-10
B37.84,2,0,8.261757157404401e-12,0.0
E08.40,478,86,1.974559960619652e-09,7.869584466293854e-10
E13.40,450,137,1.8588953604159902e-09,1.2536431068398349e-09
F11.21,183,49,7.559507799025026e-10,4.4838330098651025e-10
F15.93,2,0,8.261757157404401e-12,0.0
F18.10,3,1,1.2392635736106602e-11,9.150679611969598e-12
F43.23,624,182,2.577668233110173e-09,1.6654236893784667e-09
F43.9,291,81,1.2020856664023403e-09,7.412050485695374e-10
F44.4,37,3,1.528425074119814e-10,2.7452038835908793e-11
F90.9,121,38,4.998363080229663e-10,3.477258252548447e-10
G40.89,73,27,3.015541362452606e-10,2.4706834952317913e-10
G40.919,5,0,2.0654392893511e-11,0.0
G43.019,737,380,3.0444575125035216e-09,3.477258252548447e-09
G43.811,87,42,3.593864363470914e-10,3.8432854370272307e-10
G43.911,156,77,6.444170582775433e-10,7.04602330121659e-10
G44.89,425,211,1.755623395948435e-09,1.930793398125585e-09
G47.00,4096,749,1.6920078658364214e-08,6.853859029365228e-09
G50.1,564,148,2.329815518388041e-09,1.3543005825715003e-09
G61.81,103,26,4.2548049360632665e-10,2.379176699112095e-10
G63.,145,28,5.98977393911819e-10,2.5621902913514875e-10
G82.22,341,234,1.4086295953374503e-09,2.1412590292008858e-09
G82.51,79,39,3.2633940771747383e-10,3.568765048668143e-10
G90.50,148,111,6.113700296479256e-10,1.0157254369286254e-09
G90.521,178,47,7.352963870089917e-10,4.3008194176257107e-10
G90.522,128,67,5.287524580738817e-10,6.13095534001963e-10
G90.529,148,31,6.113700296479256e-10,2.836710679710575e-10
G93.3,17,1,7.02249358379374e-11,9.150679611969598e-12
H93.13,1047,247,4.3250298719012034e-09,2.2602178641564906e-09
I67.9,58,27,2.3959095756472763e-10,2.4706834952317913e-10
I69.351,274,23,1.131860730564403e-09,2.1046563107530072e-10
I73.00,152,16,6.278935439627345e-10,1.4641087379151356e-10
I83.813,3,2,1.2392635736106602e-11,1.8301359223939195e-11
J02.9,8,3,3.3047028629617605e-11,2.7452038835908793e-11
K58.9,269,39,1.1112063376708918e-09,3.568765048668143e-10
K90.9,1,0,4.1308785787022006e-12,0.0
L90.5,68,10,2.808997433517496e-10,9.150679611969597e-11
M16.11,447,388,1.8465027246798836e-09,3.5504636894442036e-09
M17.0,3459,2910,1.428870900373091e-08,2.6628477670831527e-08
M23.52,8,5,3.3047028629617605e-11,4.5753398059847985e-11
M25.532,1044,419,4.312637236165097e-09,3.834134757415261e-09
M31.6,2,4,8.261757157404401e-12,3.660271844787839e-11
M47.22,2172,426,8.972268272941179e-09,3.898189514699049e-09
M51.16,5988,1993,2.4735700929268776e-08,1.8237304466655406e-08
M54.12,11152,3721,4.6067557909686936e-08,3.404967883613887e-08
M54.31,1721,642,7.109242033946487e-09,5.874736310884482e-09
M54.5,58209,14109,2.404543111876764e-07,1.2910693864527905e-07
M54.89,1740,981,7.187728726941828e-09,8.976816699342174e-09
M62.08,3,1,1.2392635736106602e-11,9.150679611969598e-12
M77.11,386,60,1.5945191313790493e-09,5.490407767181759e-10
M79.622,236,79,9.748873445737193e-10,7.229036893455981e-10
M79.641,1762,1049,7.278608055673277e-09,9.599062912956107e-09
M79.643,1484,984,6.1302238107940654e-09,9.004268738178083e-09
M79.651,445,101,1.8382409675224791e-09,9.242186408089293e-10
M79.662,1013,415,4.184580000225329e-09,3.797532038967383e-09
M79.675,74,46,3.056850148239628e-10,4.2093126215060144e-10
R10.10,344,131,1.421022231073557e-09,1.1987390291680171e-09
R10.11,124,56,5.122289437590728e-10,5.124380582702975e-10
R12.,10,3,4.1308785787022e-11,2.7452038835908793e-11
R13.10,85,17,3.5112467918968703e-10,1.5556155340348316e-10
R26.2,238,31,9.831491017311238e-10,2.836710679710575e-10
R43.8,35,1,1.4458075025457702e-10,9.150679611969598e-12
M72.2,1312,838,5.4197126952572865e-09,7.668269514830522e-09
M75.52,51,30,2.106748075138122e-10,2.7452038835908793e-10
M79.602,986,510,4.0730462786003695e-09,4.666846602104494e-09
M79.605,2484,1369,1.0261102389496265e-08,1.252728038878638e-08
M79.644,229,93,9.459711945228039e-10,8.510132039131725e-10
M79.669,975,368,4.027606614234645e-09,3.3674500972048116e-09
M79.7,14599,6936,6.030669637047343e-08,6.346911378862113e-08
R06.02,86,26,3.5525555776838923e-10,2.379176699112095e-10
R07.89,338,149,1.3962369596013436e-09,1.36345126218347e-09
R13.19,15,6,6.1963178680533e-11,5.4904077671817586e-11
R19.7,207,33,8.550918657913554e-10,3.019724271949967e-10
R25.2,859,106,3.5484246991051902e-09,9.699720388687773e-10
R26.89,292,63,1.2062165449810425e-09,5.764928155540846e-10
R26.9,376,112,1.5532103455920273e-09,1.024876116540595e-09
R35.1,30,1,1.23926357361066e-10,9.150679611969598e-12
R44.0,3,0,1.2392635736106602e-11,0.0
R53.81,59,4,2.437218361434298e-10,3.660271844787839e-11
R54.,44,45,1.817586574628968e-10,4.117805825386319e-10
R63.0,9,4,3.7177907208319803e-11,3.660271844787839e-11
R63.8,3,0,1.2392635736106602e-11,0.0
A69.20,27,4,1.115337216249594e-10,3.660271844787839e-11
C61.,247,205,1.0203270089394435e-09,1.8758893204537674e-09
C67.9,20,32,8.2617571574044e-11,2.928217475830271e-10
D29.1,2,0,8.261757157404401e-12,0.0
D53.1,1,1,4.1308785787022006e-12,9.150679611969598e-12
E03.9,181,136,7.476890227450982e-10,1.2444924272278652e-09
E11.21,91,112,3.7590995066190024e-10,1.024876116540595e-09
E11.40,4240,1471,1.751492517369733e-08,1.3460649709207278e-08
E11.59,13,36,5.3701421523128606e-11,3.294244660309055e-10
E11.8,211,472,8.716153801061643e-10,4.31912077684965e-09
F43.21,284,74,1.173169516351425e-09,6.771502912857501e-10
F51.01,186,19,7.683434156386092e-10,1.7386291262742234e-10
F51.05,106,39,4.3787312934243323e-10,3.568765048668143e-10
F51.5,137,27,5.659303652822015e-10,2.4706834952317913e-10
F52.21,30,6,1.23926357361066e-10,5.4904077671817586e-11
F55.8,1,6,4.1308785787022006e-12,5.4904077671817586e-11
F60.3,30,12,1.23926357361066e-10,1.0980815534363517e-10
F63.0,92,3,3.8004082924060243e-10,2.7452038835908793e-11
G25.0,502,69,2.0737010465085045e-09,6.313968932259022e-10
G25.81,750,255,3.0981589340266503e-09,2.333423301052247e-09
G35.,787,371,3.2510014414386315e-09,3.3949021360407206e-09
G43.109,3246,1420,1.3408831866467343e-08,1.2993965048996828e-08
G43.809,1797,1332,7.423188805927854e-09,1.2188705243143504e-08
G44.329,534,113,2.205889161026975e-09,1.0340267961525644e-09
K21.9,614,215,2.536359447323151e-09,1.9673961165734636e-09
K40.90,96,60,3.9656434355541125e-10,5.490407767181759e-10
K50.919,23,7,9.501020731015061e-11,6.405475728378719e-11
K57.30,11,5,4.54396643657242e-11,4.5753398059847985e-11
K59.00,362,33,1.4953780454901965e-09,3.019724271949967e-10
K60.2,8,2,3.3047028629617605e-11,1.8301359223939195e-11
L03.90,15,13,6.1963178680533e-11,1.1895883495560475e-10
L23.89,0,2,0.0,1.8301359223939195e-11
M13.812,53,47,2.1893656467121662e-10,4.3008194176257107e-10
M13.89,175,348,7.229037512728851e-10,3.18443650496542e-09
M16.0,527,427,2.1769730109760596e-09,3.907340194311018e-09
M16.12,374,227,1.544948588434623e-09,2.0772042719170986e-09
M16.9,722,775,2.9824943338229887e-09,7.091776699276438e-09
M17.30,7,11,2.8916150050915402e-11,1.0065747573166556e-10
M17.9,2353,2811,9.719957295686278e-09,2.5722560389246537e-08
M19.012,508,467,2.0984863179807177e-09,4.273367378789802e-09
M19.019,278,332,1.1483842448792117e-09,3.038025631173906e-09
M19.119,14,3,5.7832300101830805e-11,2.7452038835908793e-11
M19.91,1046,1316,4.320898993322501e-09,1.204229436935199e-08
M21.372,204,32,8.426992300552488e-10,2.928217475830271e-10
M22.2X9,167,61,6.898567226432674e-10,5.581914563301454e-10
M22.42,36,24,1.4871162883327921e-10,2.1961631068727034e-10
M25.372,7,12,2.8916150050915402e-11,1.0980815534363517e-10
M25.512,23654,10305,9.771180190062185e-08,9.42977534013467e-08
E55.9,128,94,5.287524580738817e-10,8.601638835251421e-10
K26.9,4,0,1.6523514314808802e-11,0.0
I86.2,1,0,4.1308785787022006e-12,0.0
G72.81,3,3,1.2392635736106602e-11,2.7452038835908793e-11
B02.29,278,34,1.1483842448792117e-09,3.111231068069663e-10
E08.42,40,6,1.65235143148088e-10,5.4904077671817586e-11
G89.29,58242,41844,2.4059063018077353e-07,3.829010376832558e-07
G43.709,3965,1776,1.6378933564554225e-08,1.6251606990858006e-08
I63.311,1,1,4.1308785787022006e-12,9.150679611969598e-12
F31.9,272,113,1.1235989734069984e-09,1.0340267961525644e-09
J42.,13,3,5.3701421523128606e-11,2.7452038835908793e-11
G56.01,346,163,1.4292839882309614e-09,1.4915607767510444e-09
J34.2,15,3,6.1963178680533e-11,2.7452038835908793e-11
G62.9,5118,1331,2.114183656579786e-08,1.2179554563531533e-08
G43.719,1431,450,5.911287246122849e-09,4.117805825386319e-09
G81.94,64,9,2.6437622903694084e-10,8.235611650772638e-11
F41.9,11741,3389,4.850064539254253e-08,3.1011653204964965e-08
G31.84,115,38,4.75051036550753e-10,3.477258252548447e-10
M47.812,4721,632,1.9501877770053086e-08,5.783229514764785e-09
M75.01,241,35,9.955417374672302e-10,3.202737864189359e-10
M19.039,32,19,1.3218811451847042e-10,1.7386291262742234e-10
M47.892,5927,1349,2.448371733596794e-08,1.2344266796546986e-08
M75.122,141,60,5.824538795970102e-10,5.490407767181759e-10
M51.9,664,590,2.742903376258261e-09,5.398900971062062e-09
M54.15,23,1,9.501020731015061e-11,9.150679611969598e-12
M76.821,9,8,3.7177907208319803e-11,7.320543689575678e-11
M19.041,143,85,5.907156367544146e-10,7.778077670174158e-10
K76.0,40,29,1.65235143148088e-10,2.653697087471183e-10
M99.08,65,6,2.6850710761564303e-10,5.4904077671817586e-11
M22.2X1,84,26,3.4699380061098484e-10,2.379176699112095e-10
M99.02,1369,157,5.655172774243313e-09,1.4366566990792267e-09
M40.209,4,0,1.6523514314808802e-11,0.0
M71.562,6,3,2.4785271472213203e-11,2.7452038835908793e-11
M75.32,29,12,1.1979547878236381e-10,1.0980815534363517e-10
M54.6,20150,4245,8.323720336084934e-08,3.884463495281094e-08
M47.27,1105,296,4.564620829465932e-09,2.7086011651430006e-09
M19.011,692,445,2.8585679764619228e-09,4.072052427326471e-09
Z87.820,630,502,2.6024535045823863e-09,4.593641165208738e-09
Z72.0,3298,533,1.3623637552559857e-08,4.877312233179795e-09
Z96.698,3,0,1.2392635736106602e-11,0.0
Z77.29,876,158,3.6186496349431274e-09,1.4458073786911963e-09
R07.9,438,181,1.8093248174715637e-09,1.6562730097664971e-09
M46.1,792,331,3.2716558343321427e-09,3.0288749515619366e-09
M17.11,1112,992,4.593536979516847e-09,9.07747417507384e-09
E10.40,122,130,5.039671866016684e-10,1.1895883495560477e-09
B02.23,103,44,4.2548049360632665e-10,4.0262990292666226e-10
C44.311,1,1,4.1308785787022006e-12,9.150679611969598e-12
M54.30,1377,966,5.68821980287293e-09,8.83955650516263e-09
M54.32,1406,609,5.8080152816552935e-09,5.5727638836894845e-09
M54.40,8291,1899,3.4249114296019944e-08,1.7377140583130266e-08
M54.9,33794,14290,1.3959891068866216e-07,1.3076321165504553e-07
M62.81,340,89,1.4044987167587481e-09,8.144104854652941e-10
M62.830,1301,626,5.374273030891563e-09,5.728325437092968e-09
S09.90XS,6,4,2.4785271472213203e-11,3.660271844787839e-11
S22.000A,6,8,2.4785271472213203e-11,7.320543689575678e-11
S06.9X9S,4,0,1.6523514314808802e-11,0.0
S33.6XXS,258,55,1.0657666733051676e-09,5.032873786583279e-10
R20.8,35,31,1.4458075025457702e-10,2.836710679710575e-10
R52.,13042,30071,5.38749184234341e-08,2.7517008661153777e-07
R10.9,970,371,4.0069522213411345e-09,3.3949021360407206e-09
S43.421D,9,17,3.7177907208319803e-11,1.5556155340348316e-10
S46.022A,2,0,8.261757157404401e-12,0.0
S46.101S,2,0,8.261757157404401e-12,0.0
S46.012D,24,10,9.914108588885281e-11,9.150679611969597e-11
S63.609S,1,0,4.1308785787022006e-12,0.0
S46.201S,2,0,8.261757157404401e-12,0.0
S46.012S,20,11,8.2617571574044e-11,1.0065747573166556e-10
S43.432A,14,3,5.7832300101830805e-11,2.7452038835908793e-11
S62.309A,1,0,4.1308785787022006e-12,0.0
S43.422A,9,3,3.7177907208319803e-11,2.7452038835908793e-11
S46.211S,6,0,2.4785271472213203e-11,0.0
S46.012A,42,48,1.7349690030549242e-10,4.392326213745407e-10
S46.921S,2,0,8.261757157404401e-12,0.0
S43.90XS,9,0,3.7177907208319803e-11,0.0
S43.401S,8,0,3.3047028629617605e-11,0.0
S43.82XS,5,0,2.0654392893511e-11,0.0
S64.11XA,3,0,1.2392635736106602e-11,0.0
S43.421A,27,5,1.115337216249594e-10,4.5753398059847985e-11
S66.301A,1,0,4.1308785787022006e-12,0.0
S76.312S,8,0,3.3047028629617605e-11,0.0
S76.311A,9,4,3.7177907208319803e-11,3.660271844787839e-11
S72.435G,1,0,4.1308785787022006e-12,0.0
S76.311D,7,2,2.8916150050915402e-11,1.8301359223939195e-11
S76.111A,3,0,1.2392635736106602e-11,0.0
S76.212D,4,0,1.6523514314808802e-11,0.0
S66.991A,3,0,1.2392635736106602e-11,0.0
S76.312A,6,4,2.4785271472213203e-11,3.660271844787839e-11
S82.64XA,1,1,4.1308785787022006e-12,9.150679611969598e-12
S93.401A,6,21,2.4785271472213203e-11,1.9216427185136153e-10
S92.135S,1,0,4.1308785787022006e-12,0.0
Z71.0,6,4,2.4785271472213203e-11,3.660271844787839e-11
T84.50XS,1,0,4.1308785787022006e-12,0.0
Z75.9,0,4,0.0,3.660271844787839e-11
Z71.89,936,13021,3.866502349665259e-09,1.1915099922745613e-07
Z51.89,19,615,7.848669299534181e-11,5.627667961361303e-09
F06.4,50,11,2.0654392893511e-10,1.0065747573166556e-10
B36.0,1,1,4.1308785787022006e-12,9.150679611969598e-12
F33.2,377,207,1.5573412241707296e-09,1.8941906796777066e-09
F33.3,79,37,3.2633940771747383e-10,3.3857514564287507e-10
F33.41,161,92,6.650714511710543e-10,8.418625243012029e-10
F34.1,151,77,6.237626653840323e-10,7.04602330121659e-10
G89.4,46457,27469,1.9190822613076812e-07,2.513600182611929e-07
G99.0,541,307,2.2348053110778904e-09,2.809258640874666e-09
H40.9,13,3,5.3701421523128606e-11,2.7452038835908793e-11
H53.2,42,4,1.7349690030549242e-10,3.660271844787839e-11
H57.11,30,16,1.23926357361066e-10,1.4641087379151356e-10
H81.399,61,12,2.519835933008342e-10,1.0980815534363517e-10
H93.11,59,11,2.437218361434298e-10,1.0065747573166556e-10
H93.19,555,240,2.2926376111797212e-09,2.1961631068727035e-09
I10.,1360,2109,5.6179948670349925e-09,1.929878330164388e-08
I11.9,50,40,2.0654392893511e-10,3.660271844787839e-10
I48.0,24,70,9.914108588885281e-11,6.405475728378718e-10
I48.91,66,94,2.726379861943452e-10,8.601638835251421e-10
I50.9,43,48,1.7762777888419461e-10,4.392326213745407e-10
J00.,14,2,5.7832300101830805e-11,1.8301359223939195e-11
J01.90,69,14,2.850306219304518e-10,1.2810951456757437e-10
J30.2,80,10,3.30470286296176e-10,9.150679611969597e-11
J30.9,408,76,1.6853984601104976e-09,6.954516505096894e-10
J32.8,157,28,6.485479368562454e-10,2.5621902913514875e-10
J44.0,23,1,9.501020731015061e-11,9.150679611969598e-12
J44.9,942,373,3.891287621137473e-09,3.41320349526466e-09
J45.20,21,12,8.674845015274621e-11,1.0980815534363517e-10
J45.909,95,54,3.92433464976709e-10,4.941366990463583e-10
J66.2,3,0,1.2392635736106602e-11,0.0
K02.7,8,3,3.3047028629617605e-11,2.7452038835908793e-11
R55.,37,32,1.528425074119814e-10,2.928217475830271e-10
R43.0,89,18,3.6764819350449586e-10,1.6471223301545275e-10
G83.4,30,11,1.23926357361066e-10,1.0065747573166556e-10
H81.10,172,25,7.105111155367785e-10,2.2876699029923994e-10
M79.604,2367,1336,9.777789595788108e-09,1.2225307961591381e-08
Z96.652,60,78,2.47852714722132e-10,7.137530097336286e-10
M79.10,4702,597,1.9423391077057747e-08,5.46295572834585e-09
M25.511,27021,12318,1.1162047007511216e-07,1.127180714602415e-07
F43.89,203,44,8.385683514765467e-10,4.0262990292666226e-10
G89.18,143,670,5.907156367544146e-10,6.13095534001963e-09
Z73.3,1771,654,7.315785962881596e-09,5.984544466228116e-09
G43.001,132,222,5.452759723886904e-10,2.0314508738572507e-09
G64.,614,351,2.536359447323151e-09,3.2118885438013286e-09
D23.9,1,3,4.1308785787022006e-12,2.7452038835908793e-11
Z59.2,0,1,0.0,9.150679611969598e-12
R68.84,1014,417,4.188710878804031e-09,3.815833398191322e-09
G90.09,6506,1406,2.6875496033036515e-08,1.2865855534429253e-08
M25.562,15427,8731,6.372706383363884e-08,7.989458369210656e-08
J43.9,9,8,3.7177907208319803e-11,7.320543689575678e-11
M22.41,61,39,2.519835933008342e-10,3.568765048668143e-10
I63.9,473,123,1.9539055677261407e-09,1.1255335922722604e-09
G44.1,47,126,1.941512931990034e-10,1.1529856311081693e-09
M75.82,5,5,2.0654392893511e-11,4.5753398059847985e-11
G43.919,650,386,2.6850710761564304e-09,3.5321623302202643e-09
M50.123,581,156,2.4000404542259785e-09,1.4275060194672572e-09
M54.51,29792,10863,1.2306713461669595e-07,9.940383262482573e-08
Z13.31,41,7,1.693660217267902e-10,6.405475728378719e-11
M50.121,211,79,8.716153801061643e-10,7.229036893455981e-10
S61.209A,0,1,0.0,9.150679611969598e-12
C50.919,42,7,1.7349690030549242e-10,6.405475728378719e-11
Z71.9,525,5199,2.1687112538186553e-09,4.7574383302629936e-08
M60.9,293,15,1.2103474235597446e-09,1.3726019417954397e-10
M25.552,9912,5609,4.094526847209621e-08,5.132616194353747e-08
M75.02,233,67,9.624947088376127e-10,6.13095534001963e-10
Z78.9,1946,996,8.038689714154482e-09,9.11407689352172e-09
M51.369,319,204,1.317750266606002e-09,1.866738640841798e-09
E78.2,76,145,3.1394677198136725e-10,1.3268485437355916e-09
M79.606,1245,933,5.14294383048424e-09,8.537584077967634e-09
I50.22,28,46,1.1566460020366161e-10,4.2093126215060144e-10
D84.9,2,0,8.261757157404401e-12,0.0
M86.672,0,3,0.0,2.7452038835908793e-11
B37.81,0,1,0.0,9.150679611969598e-12
Z96.1,2,6,8.261757157404401e-12,5.4904077671817586e-11
R10.30,594,116,2.453741875749107e-09,1.0614788349884733e-09
M13.841,3,5,1.2392635736106602e-11,4.5753398059847985e-11
S22.088D,0,1,0.0,9.150679611969598e-12
G21.8,14,0,5.7832300101830805e-11,0.0
H81.03,78,4,3.2220852913877163e-10,3.660271844787839e-11
G43.701,177,43,7.311655084302895e-10,3.934792233146927e-10
M75.91,18,1,7.435581441663961e-11,9.150679611969598e-12
M48.062,5347,894,2.2087807760320666e-08,8.18070757310082e-09
M54.42,5766,1346,2.3818645884796888e-08,1.2316814757711077e-08
E11.610,13,37,5.3701421523128606e-11,3.3857514564287507e-10
M19.131,13,7,5.3701421523128606e-11,6.405475728378719e-11
Z23.,209,440,8.633536229487598e-10,4.026299029266623e-09
R73.03,119,93,4.915745508655619e-10,8.510132039131725e-10
S12.191G,0,4,0.0,3.660271844787839e-11
R60.9,161,35,6.650714511710543e-10,3.202737864189359e-10
K03.6,6,1,2.4785271472213203e-11,9.150679611969598e-12
R20.2,1235,299,5.1016350446972175e-09,2.7360532039789096e-09
F25.9,159,44,6.568096940136499e-10,4.0262990292666226e-10
M79.18,2889,441,1.1934108213870657e-08,4.035449708878592e-09
G57.02,33,13,1.363189930971726e-10,1.1895883495560475e-10
M17.12,1069,866,4.415909200632652e-09,7.924488543965671e-09
L40.59,61,50,2.519835933008342e-10,4.575339805984799e-10
M50.01,181,21,7.476890227450982e-10,1.9216427185136153e-10
G43.909,8257,6056,3.410866442434407e-08,5.541651573008788e-08
G43.711,222,69,9.170550444718885e-10,6.313968932259022e-10
G50.0,978,509,4.039999249970752e-09,4.657695922492525e-09
K70.2,0,2,0.0,1.8301359223939195e-11
M48.05,11,16,4.54396643657242e-11,1.4641087379151356e-10
E29.9,4,2,1.6523514314808802e-11,1.8301359223939195e-11
M79.642,1596,706,6.592882211608712e-09,6.460379806050536e-09
G43.009,5605,3496,2.315357443362583e-08,3.199077592344571e-08
G20.,502,88,2.0737010465085045e-09,8.052598058533245e-10
L94.9,4,2,1.6523514314808802e-11,1.8301359223939195e-11
F10.94,16,3,6.609405725923521e-11,2.7452038835908793e-11
S86.002S,9,0,3.7177907208319803e-11,0.0
N32.81,140,15,5.783230010183081e-10,1.3726019417954397e-10
S63.592A,5,3,2.0654392893511e-11,2.7452038835908793e-11
M76.61,141,24,5.824538795970102e-10,2.1961631068727034e-10
R53.83,633,74,2.6148461403184928e-09,6.771502912857501e-10
S39.012D,95,37,3.92433464976709e-10,3.3857514564287507e-10
R91.8,9,10,3.7177907208319803e-11,9.150679611969597e-11
F14.280,0,1,0.0,9.150679611969598e-12
M18.9,32,40,1.3218811451847042e-10,3.660271844787839e-10
F41.3,149,12,6.155009082266279e-10,1.0980815534363517e-10
M79.671,3675,2123,1.5180978776730587e-08,1.9426892816211454e-08
S30.0XXA,6,0,2.4785271472213203e-11,0.0
M43.22,582,119,2.4041713328046807e-09,1.0889308738243821e-09
N75.0,0,1,0.0,9.150679611969598e-12
G72.3,1,0,4.1308785787022006e-12,0.0
M51.06,217,65,8.964006515783775e-10,5.947941747780239e-10
D72.828,1,0,4.1308785787022006e-12,0.0
G98.0,0,2,0.0,1.8301359223939195e-11
C18.9,5,9,2.0654392893511e-11,8.235611650772638e-11
M48.02,4632,2172,1.913422957654859e-08,1.9875276117197966e-08
S39.012A,192,196,7.931286871108225e-10,1.793533203946041e-09
T25.222A,1,0,4.1308785787022006e-12,0.0
M25.561,16690,10716,6.894436347853973e-08,9.80586827218662e-08
R47.02,15,0,6.1963178680533e-11,0.0
M25.569,12768,8664,5.2743057692869695e-08,7.928148815810459e-08
M51.372,569,101,2.350469911281552e-09,9.242186408089293e-10
M65.321,28,8,1.1566460020366161e-10,7.320543689575678e-11
A52.9,1,0,4.1308785787022006e-12,0.0
M19.049,206,110,8.509609872126533e-10,1.0065747573166557e-09
M43.20,2,1,8.261757157404401e-12,9.150679611969598e-12
M51.37,3088,707,1.2756153051032394e-08,6.469530485662505e-09
M67.431,2,2,8.261757157404401e-12,1.8301359223939195e-11
M51.27,456,133,1.8836806318882035e-09,1.2170403883919564e-09
M12.9,192,107,7.931286871108225e-10,9.791227184807469e-10
M79.603,207,107,8.550918657913554e-10,9.791227184807469e-10
M24.541,10,0,4.1308785787022e-11,0.0
M50.10,2226,502,9.195335716191098e-09,4.593641165208738e-09
M51.24,56,10,2.3132920040732322e-10,9.150679611969597e-11
M77.01,65,16,2.6850710761564303e-10,1.4641087379151356e-10
M47.897,819,151,3.383189555957102e-09,1.3817526214074091e-09
M43.26,540,79,2.2306744324991883e-09,7.229036893455981e-10
M53.3,616,115,2.5446212044805555e-09,1.0523281553765036e-09
M75.112,107,32,4.420040079211354e-10,2.928217475830271e-10
M62.831,117,10,4.833127937081574e-10,9.150679611969597e-11
S23.3XXA,48,2,1.9828217177770563e-10,1.8301359223939195e-11
S33.6XXA,191,32,7.889978085321203e-10,2.928217475830271e-10
R29.810,58,0,2.3959095756472763e-10,0.0
S24.103A,3,0,1.2392635736106602e-11,0.0
S19.9XXA,55,5,2.2719832182862103e-10,4.5753398059847985e-11
R68.2,292,4,1.2062165449810425e-09,3.660271844787839e-11
S32.010A,28,9,1.1566460020366161e-10,8.235611650772638e-11
S06.0X1D,6,1,2.4785271472213203e-11,9.150679611969598e-12
S22.069S,3,0,1.2392635736106602e-11,0.0
R60.0,120,37,4.95705429444264e-10,3.3857514564287507e-10
S16.1XXD,114,19,4.709201579720509e-10,1.7386291262742234e-10
S13.4XXS,119,19,4.915745508655619e-10,1.7386291262742234e-10
S32.039S,2,0,8.261757157404401e-12,0.0
G95.9,33,14,1.363189930971726e-10,1.2810951456757437e-10
D64.9,51,44,2.106748075138122e-10,4.0262990292666226e-10
I69.954,9,1,3.7177907208319803e-11,9.150679611969598e-12
G89.3,326,255,1.3466664166569173e-09,2.333423301052247e-09
K42.9,22,12,9.08793287314484e-11,1.0980815534363517e-10
D89.813,7,0,2.8916150050915402e-11,0.0
K40.91,17,11,7.02249358379374e-11,1.0065747573166556e-10
K52.9,4,15,1.6523514314808802e-11,1.3726019417954397e-10
G89.0,239,34,9.87279980309826e-10,3.111231068069663e-10
F22.,3,1,1.2392635736106602e-11,9.150679611969598e-12
H81.393,43,23,1.7762777888419461e-10,2.1046563107530072e-10
G60.0,52,40,2.1480568609251442e-10,3.660271844787839e-10
B02.9,49,19,2.0241305035640782e-10,1.7386291262742234e-10
G57.11,130,25,5.370142152312861e-10,2.2876699029923994e-10
I69.941,1,0,4.1308785787022006e-12,0.0
G47.9,243,64,1.0038034946246347e-09,5.856434951660542e-10
E21.0,1,16,4.1308785787022006e-12,1.4641087379151356e-10
F11.20,754,198,3.1146824483414592e-09,1.8118345631699803e-09
I35.0,12,19,4.9570542944426407e-11,1.7386291262742234e-10
G62.81,84,61,3.4699380061098484e-10,5.581914563301454e-10
G56.20,70,94,2.8916150050915404e-10,8.601638835251421e-10
G44.309,123,26,5.080980651803707e-10,2.379176699112095e-10
I25.10,189,503,7.807360513747159e-10,4.602791844820708e-09
G62.0,687,29,2.8379135835684117e-09,2.653697087471183e-10
K08.531,2,0,8.261757157404401e-12,0.0
F19.90,26,13,1.0740284304625721e-10,1.1895883495560475e-10
D73.89,8,0,3.3047028629617605e-11,0.0
J31.0,108,18,4.461348864998376e-10,1.6471223301545275e-10
C79.82,1,0,4.1308785787022006e-12,0.0
G90.9,20,11,8.2617571574044e-11,1.0065747573166556e-10
D75.81,2,2,8.261757157404401e-12,1.8301359223939195e-11
C34.12,18,9,7.435581441663961e-11,8.235611650772638e-11
J84.112,18,4,7.435581441663961e-11,3.660271844787839e-11
I51.9,1,3,4.1308785787022006e-12,2.7452038835908793e-11
D07.5,161,51,6.650714511710543e-10,4.666846602104495e-10
F12.10,109,22,4.5026576507853986e-10,2.0131495146333113e-10
H65.01,1,2,4.1308785787022006e-12,1.8301359223939195e-11
G44.321,224,180,9.253168016292929e-10,1.6471223301545275e-09
J98.2,1,0,4.1308785787022006e-12,0.0
C83.30,2,0,8.261757157404401e-12,0.0
F31.4,8,4,3.3047028629617605e-11,3.660271844787839e-11
J30.0,19,0,7.848669299534181e-11,0.0
M47.893,7,1,2.8916150050915402e-11,9.150679611969598e-12
K64.9,55,14,2.2719832182862103e-10,1.2810951456757437e-10
M67.843,1,0,4.1308785787022006e-12,0.0
M10.072,4,1,1.6523514314808802e-11,9.150679611969598e-12
M40.294,22,2,9.08793287314484e-11,1.8301359223939195e-11
M24.152,3,1,1.2392635736106602e-11,9.150679611969598e-12
N39.41,340,7,1.4044987167587481e-09,6.405475728378719e-11
M76.811,14,1,5.7832300101830805e-11,9.150679611969598e-12
M45.4,13,4,5.3701421523128606e-11,3.660271844787839e-11
M13.861,82,51,3.387320434535804e-10,4.666846602104495e-10
M24.673,4,0,1.6523514314808802e-11,0.0
M23.305,1,0,4.1308785787022006e-12,0.0
M10.071,1,0,4.1308785787022006e-12,0.0
M47.20,65,3,2.6850710761564303e-10,2.7452038835908793e-11
M50.00,188,95,7.766051727960136e-10,8.693145631371118e-10
M87.022,5,0,2.0654392893511e-11,0.0
M35.2,9,6,3.7177907208319803e-11,5.4904077671817586e-11
L29.0,10,0,4.1308785787022e-11,0.0
M16.6,8,15,3.3047028629617605e-11,1.3726019417954397e-10
K59.02,3,0,1.2392635736106602e-11,0.0
M18.0,111,69,4.5852752223594424e-10,6.313968932259022e-10
M70.61,352,77,1.4540692597031744e-09,7.04602330121659e-10
M75.121,109,84,4.5026576507853986e-10,7.686570874054461e-10
M50.80,105,34,4.3374225076373104e-10,3.111231068069663e-10
M19.042,87,33,3.593864363470914e-10,3.019724271949967e-10
M79.621,322,118,1.3301429023421086e-09,1.0797801942124125e-09
M17.10,90,40,3.7177907208319805e-10,3.660271844787839e-10
M53.2X2,6,1,2.4785271472213203e-11,9.150679611969598e-12
M45.5,9,10,3.7177907208319803e-11,9.150679611969597e-11
M48.00,604,320,2.495050661536129e-09,2.928217475830271e-09
M24.811,9,3,3.7177907208319803e-11,2.7452038835908793e-11
M79.629,131,127,5.411450938099882e-10,1.1621363107201389e-09
M13.162,1,8,4.1308785787022006e-12,7.320543689575678e-11
M20.20,12,14,4.9570542944426407e-11,1.2810951456757437e-10
S22.058S,1,0,4.1308785787022006e-12,0.0
S15.302A,1,0,4.1308785787022006e-12,0.0
S22.081S,1,0,4.1308785787022006e-12,0.0
G43.119,462,240,1.9084659033604168e-09,2.1961631068727035e-09
G44.221,332,103,1.3714516881291306e-09,9.425200000328686e-10
G44.229,713,316,2.945316426614669e-09,2.8916147573823925e-09
G47.33,530,414,2.189365646712166e-09,3.788381359355413e-09
G54.6,704,343,2.908138519406349e-09,3.1386831069055717e-09
G60.3,4241,1040,1.7519056052276032e-08,9.516706796448382e-09
G89.21,1770,937,7.311655084302894e-09,8.574186796415513e-09
H91.93,31,8,1.280572359397682e-10,7.320543689575678e-11
I67.89,3,1,1.2392635736106602e-11,9.150679611969598e-12
I82.402,4,4,1.6523514314808802e-11,3.660271844787839e-11
J45.40,16,4,6.609405725923521e-11,3.660271844787839e-11
L20.89,6,1,2.4785271472213203e-11,9.150679611969598e-12
E66.2,4,5,1.6523514314808802e-11,4.5753398059847985e-11
E66.3,133,56,5.494068509673927e-10,5.124380582702975e-10
E66.9,790,304,3.2633940771747384e-09,2.7818066020387575e-09
E83.42,5,6,2.0654392893511e-11,5.4904077671817586e-11
E88.9,9,0,3.7177907208319803e-11,0.0
F06.31,109,66,4.5026576507853986e-10,6.039448543899934e-10
F06.34,23,3,9.501020731015061e-11,2.7452038835908793e-11
F10.10,795,151,3.284048470068249e-09,1.3817526214074091e-09
F10.129,43,10,1.7762777888419461e-10,9.150679611969597e-11
F10.14,22,4,9.08793287314484e-11,3.660271844787839e-11
F10.19,53,2,2.1893656467121662e-10,1.8301359223939195e-11
F10.220,13,0,5.3701421523128606e-11,0.0
F10.229,47,6,1.941512931990034e-10,5.4904077671817586e-11
F10.230,47,1,1.941512931990034e-10,9.150679611969598e-12
F11.23,77,7,3.1807765056006944e-10,6.405475728378719e-11
F11.288,15,2,6.1963178680533e-11,1.8301359223939195e-11
G47.09,461,72,1.904335024781714e-09,6.58848932061811e-10
G47.37,6,2,2.4785271472213203e-11,1.8301359223939195e-11
G47.39,35,14,1.4458075025457702e-10,1.2810951456757437e-10
G51.0,706,54,2.9164002765637536e-09,4.941366990463583e-10
G81.11,93,1,3.841717078193046e-10,9.150679611969598e-12
G82.52,357,100,1.4747236525966856e-09,9.150679611969597e-10
G89.28,315,214,1.3012267522911932e-09,1.9582454369614938e-09
M25.529,391,205,1.6151735242725604e-09,1.8758893204537674e-09
M47.817,1164,631,4.808342665609361e-09,5.774078835152816e-09
M47.894,458,44,1.8919423890456078e-09,4.0262990292666226e-10
M47.9,1040,394,4.2961137218502885e-09,3.6053677671160213e-09
M48.15,8,3,3.3047028629617605e-11,2.7452038835908793e-11
M49.82,11,8,4.54396643657242e-11,7.320543689575678e-11
M50.11,132,93,5.452759723886904e-10,8.510132039131725e-10
M50.20,133,55,5.494068509673927e-10,5.032873786583279e-10
M50.30,4881,1135,2.016281834264544e-08,1.0386021359585494e-08
M50.90,1055,640,4.358076900530821e-09,5.856434951660542e-09
M51.86,1190,541,4.915745508655619e-09,4.950517670075552e-09
M53.80,6,13,2.4785271472213203e-11,1.1895883495560475e-10
M54.02,21,0,8.674845015274621e-11,0.0
M81.0,63,204,2.6024535045823864e-10,1.866738640841798e-09
N18.4,26,14,1.0740284304625721e-10,1.2810951456757437e-10
N52.8,25,4,1.03271964467555e-10,3.660271844787839e-11
R03.0,35,61,1.4458075025457702e-10,5.581914563301454e-10
R06.6,94,11,3.883025863980068e-10,1.0065747573166556e-10
R10.32,94,42,3.883025863980068e-10,3.8432854370272307e-10
R21.,57,41,2.3546007898602544e-10,3.751778640907535e-10
R29.3,6,4,2.4785271472213203e-11,3.660271844787839e-11
R41.3,8,8,3.3047028629617605e-11,7.320543689575678e-11
R41.9,43,8,1.7762777888419461e-10,7.320543689575678e-11
R44.8,3,14,1.2392635736106602e-11,1.2810951456757437e-10
R44.9,32,2,1.3218811451847042e-10,1.8301359223939195e-11
R53.1,401,97,1.6564823100595822e-09,8.876159223610509e-10
R53.82,666,115,2.7511651334156655e-09,1.0523281553765036e-09
R56.9,14,7,5.7832300101830805e-11,6.405475728378719e-11
R91.1,21,33,8.674845015274621e-11,3.019724271949967e-10
S06.300S,35,3,1.4458075025457702e-10,2.7452038835908793e-11
S13.4XXA,92,22,3.8004082924060243e-10,2.0131495146333113e-10
G60.9,1123,249,4.638976643882571e-09,2.27851922338043e-09
G90.512,96,17,3.9656434355541125e-10,1.5556155340348316e-10
M19.90,1664,2846,6.8737819549604615e-09,2.6042834175665475e-08
M25.522,1178,557,4.866174965711192e-09,5.096928543867066e-09
M25.539,711,474,2.9370546694572643e-09,4.337422136073589e-09
M79.661,967,442,3.994559585605028e-09,4.044600388490562e-09
M99.84,74,2,3.056850148239628e-10,1.8301359223939195e-11
R26.81,145,44,5.98977393911819e-10,4.0262990292666226e-10
R41.89,71,9,2.9329237908785624e-10,8.235611650772638e-11
R63.4,33,37,1.363189930971726e-10,3.3857514564287507e-10
G56.22,71,39,2.9329237908785624e-10,3.568765048668143e-10
G57.00,33,11,1.363189930971726e-10,1.0065747573166556e-10
K50.90,39,35,1.6110426456938582e-10,3.202737864189359e-10
M25.50,1454,2725,6.0062974534329996e-09,2.4935601942617152e-08
M42.12,34,22,1.404498716758748e-10,2.0131495146333113e-10
M51.17,1984,493,8.195663100145165e-09,4.511285048701012e-09
M70.811,1,0,4.1308785787022006e-12,0.0
M75.51,98,58,4.0482610071281564e-10,5.307394174942366e-10
M77.12,196,63,8.096522014256313e-10,5.764928155540846e-10
M79.645,171,91,7.063802369580762e-10,8.327118446892334e-10
N80.9,112,42,4.6265840081464644e-10,3.8432854370272307e-10
R06.83,18,19,7.435581441663961e-11,1.7386291262742234e-10
S22.32XS,5,4,2.0654392893511e-11,3.660271844787839e-11
S39.011D,1,1,4.1308785787022006e-12,9.150679611969598e-12
S46.021S,3,0,1.2392635736106602e-11,0.0
S22.000S,27,6,1.115337216249594e-10,5.4904077671817586e-11
S22.008S,10,0,4.1308785787022e-11,0.0
S22.080D,43,1,1.7762777888419461e-10,9.150679611969598e-12
S42.021S,2,2,8.261757157404401e-12,1.8301359223939195e-11
S43.431S,16,0,6.609405725923521e-11,0.0
S46.099A,5,0,2.0654392893511e-11,0.0
S52.292A,1,0,4.1308785787022006e-12,0.0
S61.402S,1,1,4.1308785787022006e-12,9.150679611969598e-12
S76.091S,1,0,4.1308785787022006e-12,0.0
S77.21XS,1,0,4.1308785787022006e-12,0.0
S22.49XD,9,5,3.7177907208319803e-11,4.5753398059847985e-11
S33.0XXD,3,1,1.2392635736106602e-11,9.150679611969598e-12
S46.811A,19,4,7.848669299534181e-11,3.660271844787839e-11
S93.411A,2,1,8.261757157404401e-12,9.150679611969598e-12
Z74.09,99,12,4.0895697929151783e-10,1.0980815534363517e-10
S80.812A,1,1,4.1308785787022006e-12,9.150679611969598e-12
S82.91XS,1,1,4.1308785787022006e-12,9.150679611969598e-12
S83.412A,2,2,8.261757157404401e-12,1.8301359223939195e-11
T31.10,1,0,4.1308785787022006e-12,0.0
T43.625S,5,0,2.0654392893511e-11,0.0
T43.626D,1,0,4.1308785787022006e-12,0.0
W10.8XXS,1,0,4.1308785787022006e-12,0.0
Z01.31,1,1,4.1308785787022006e-12,9.150679611969598e-12
Z59.9,32,16,1.3218811451847042e-10,1.4641087379151356e-10
Z73.89,1,1,4.1308785787022006e-12,9.150679611969598e-12
Z86.73,41,19,1.693660217267902e-10,1.7386291262742234e-10
Z96.612,16,17,6.609405725923521e-11,1.5556155340348316e-10
Z96.653,10,40,4.1308785787022e-11,3.660271844787839e-10
C22.9,1,2,4.1308785787022006e-12,1.8301359223939195e-11
Z72.89,10,6,4.1308785787022e-11,5.4904077671817586e-11
Z87.891,53,48,2.1893656467121662e-10,4.392326213745407e-10
B20.,11,28,4.54396643657242e-11,2.5621902913514875e-10
C44.729,0,2,0.0,1.8301359223939195e-11
C46.1,1,3,4.1308785787022006e-12,2.7452038835908793e-11
C64.1,2,4,8.261757157404401e-12,3.660271844787839e-11
C79.51,93,69,3.841717078193046e-10,6.313968932259022e-10
C7A.024,0,3,0.0,2.7452038835908793e-11
C83.38,0,8,0.0,7.320543689575678e-11
D02.20,14,11,5.7832300101830805e-11,1.0065747573166556e-10
E11.39,13,11,5.3701421523128606e-11,1.0065747573166556e-10
E11.69,23,8,9.501020731015061e-11,7.320543689575678e-11
H25.13,12,1,4.9570542944426407e-11,9.150679611969598e-12
I63.312,7,2,2.8916150050915402e-11,1.8301359223939195e-11
I67.2,2,2,8.261757157404401e-12,1.8301359223939195e-11
I79.0,2,0,8.261757157404401e-12,0.0
I87.333,1,2,4.1308785787022006e-12,1.8301359223939195e-11
J30.89,54,18,2.230674432499188e-10,1.6471223301545275e-10
J84.111,1,0,4.1308785787022006e-12,0.0
K59.2,28,8,1.1566460020366161e-10,7.320543689575678e-11
K62.89,18,16,7.435581441663961e-11,1.4641087379151356e-10
L40.9,44,17,1.817586574628968e-10,1.5556155340348316e-10
M05.9,76,49,3.1394677198136725e-10,4.4838330098651025e-10
M25.572,3199,1251,1.3214680573268339e-08,1.1447500194573965e-08
M35.3,295,127,1.2186091807171491e-09,1.1621363107201389e-09
M43.06,864,217,3.569079091998701e-09,1.9856974757974024e-09
M43.07,99,36,4.0895697929151783e-10,3.294244660309055e-10
M47.26,4620,1389,1.9084659033604165e-08,1.2710293981025771e-08
A53.9,2,1,8.261757157404401e-12,9.150679611969598e-12
D35.00,3,0,1.2392635736106602e-11,0.0
E11.43,500,152,2.0654392893511e-09,1.3909033010193788e-09
E11.628,2,1,8.261757157404401e-12,9.150679611969598e-12
F03.90,74,47,3.056850148239628e-10,4.3008194176257107e-10
F06.30,11,7,4.54396643657242e-11,6.405475728378719e-11
F09.,16,11,6.609405725923521e-11,1.0065747573166556e-10
F10.280,10,2,4.1308785787022e-11,1.8301359223939195e-11
F10.929,4,1,1.6523514314808802e-11,9.150679611969598e-12
F14.19,2,5,8.261757157404401e-12,4.5753398059847985e-11
F15.21,46,6,1.9002041462030122e-10,5.4904077671817586e-11
F15.90,13,14,5.3701421523128606e-11,1.2810951456757437e-10
F17.291,7,5,2.8916150050915402e-11,4.5753398059847985e-11
F20.1,4,0,1.6523514314808802e-11,0.0
F20.9,41,31,1.693660217267902e-10,2.836710679710575e-10
F25.1,25,15,1.03271964467555e-10,1.3726019417954397e-10
F32.1,225,35,9.294476802079951e-10,3.202737864189359e-10
F32.9,803,315,3.317095498697867e-09,2.882464077770423e-09
F33.40,20,31,8.2617571574044e-11,2.836710679710575e-10
F44.9,7,1,2.8916150050915402e-11,9.150679611969598e-12
F51.09,2,2,8.261757157404401e-12,1.8301359223939195e-11
F52.8,1,0,4.1308785787022006e-12,0.0
F63.9,1,1,4.1308785787022006e-12,9.150679611969598e-12
G04.1,1,0,4.1308785787022006e-12,0.0
G44.301,70,17,2.8916150050915404e-10,1.5556155340348316e-10
G45.4,1,1,4.1308785787022006e-12,9.150679611969598e-12
G46.4,87,9,3.593864363470914e-10,8.235611650772638e-11
G47.23,1,2,4.1308785787022006e-12,1.8301359223939195e-11
G47.419,8,5,3.3047028629617605e-11,4.5753398059847985e-11
G65.1,3,3,1.2392635736106602e-11,2.7452038835908793e-11
G91.2,2,3,8.261757157404401e-12,2.7452038835908793e-11
G91.9,1,1,4.1308785787022006e-12,9.150679611969598e-12
H57.12,27,9,1.115337216249594e-10,8.235611650772638e-11
H61.21,3,5,1.2392635736106602e-11,4.5753398059847985e-11
H66.91,1,8,4.1308785787022006e-12,7.320543689575678e-11
H70.892,1,0,4.1308785787022006e-12,0.0
H91.8X3,12,2,4.9570542944426407e-11,1.8301359223939195e-11
H91.92,2,2,8.261757157404401e-12,1.8301359223939195e-11
I20.9,8,6,3.3047028629617605e-11,5.4904077671817586e-11
J14.,1,0,4.1308785787022006e-12,0.0
J30.1,91,4,3.7590995066190024e-10,3.660271844787839e-11
J39.8,1,0,4.1308785787022006e-12,0.0
K40.30,4,1,1.6523514314808802e-11,9.150679611969598e-12
K62.5,5,9,2.0654392893511e-11,8.235611650772638e-11
K64.8,16,6,6.609405725923521e-11,5.4904077671817586e-11
L73.2,18,5,7.435581441663961e-11,4.5753398059847985e-11
L89.312,1,1,4.1308785787022006e-12,9.150679611969598e-12
L91.0,45,3,1.8588953604159902e-10,2.7452038835908793e-11
M13.869,66,167,2.726379861943452e-10,1.5281634951989226e-09
M19.231,1,3,4.1308785787022006e-12,2.7452038835908793e-11
M25.462,13,9,5.3701421523128606e-11,8.235611650772638e-11
M48.04,31,7,1.280572359397682e-10,6.405475728378719e-11
M54.13,141,4,5.824538795970102e-10,3.660271844787839e-11
M62.82,2,1,8.261757157404401e-12,9.150679611969598e-12
M65.242,5,0,2.0654392893511e-11,0.0
M66.822,2,0,8.261757157404401e-12,0.0
M75.110,17,11,7.02249358379374e-11,1.0065747573166556e-10
M75.41,293,222,1.2103474235597446e-09,2.0314508738572507e-09
M76.51,25,7,1.03271964467555e-10,6.405475728378719e-11
M77.9,21,9,8.674845015274621e-11,8.235611650772638e-11
M79.631,212,28,8.757462586848665e-10,2.5621902913514875e-10
M85.812,0,1,0.0,9.150679611969598e-12
M25.551,12501,7033,5.1640113112356205e-08,6.435672971098218e-08
M25.559,4528,4145,1.870461820436356e-08,3.792956699161398e-08
M25.579,1605,1065,6.630060118817032e-09,9.745473786747621e-09
M45.9,228,160,9.418403159441017e-10,1.4641087379151355e-09
M47.816,10332,2122,4.2680237475151134e-08,1.9417742136599484e-08
S39.012S,77,18,3.1807765056006944e-10,1.6471223301545275e-10
S81.801D,3,2,1.2392635736106602e-11,1.8301359223939195e-11
S83.232D,12,0,4.9570542944426407e-11,0.0
Z63.0,43,9,1.7762777888419461e-10,8.235611650772638e-11
Z65.3,13,5,5.3701421523128606e-11,4.5753398059847985e-11
Z89.511,101,30,4.172187364489222e-10,2.7452038835908793e-10
Z89.519,3,10,1.2392635736106602e-11,9.150679611969597e-11
Z92.3,5,1,2.0654392893511e-11,9.150679611969598e-12
Z95.810,3,4,1.2392635736106602e-11,3.660271844787839e-11
Z96.651,58,61,2.3959095756472763e-10,5.581914563301454e-10
Z00.00,114,277,4.709201579720509e-10,2.5347382525155784e-09
Z02.9,145,521,5.98977393911819e-10,4.76750407783616e-09
Z04.9,108,383,4.461348864998376e-10,3.5047102913843557e-09
Z09.,14,22,5.7832300101830805e-11,2.0131495146333113e-10
Z13.9,34,105,1.404498716758748e-10,9.608213592568076e-10
Z21.,4,4,1.6523514314808802e-11,3.660271844787839e-11
Z47.31,3,0,1.2392635736106602e-11,0.0
Z47.89,52,21,2.1480568609251442e-10,1.9216427185136153e-10
Z68.41,15,10,6.1963178680533e-11,9.150679611969597e-11
Q76.1,35,1,1.4458075025457702e-10,9.150679611969598e-12
R00.2,31,19,1.280572359397682e-10,1.7386291262742234e-10
R10.31,118,40,4.874436722868596e-10,3.660271844787839e-10
R13.12,24,17,9.914108588885281e-11,1.5556155340348316e-10
R25.9,19,1,7.848669299534181e-11,9.150679611969598e-12
R41.82,11,2,4.54396643657242e-11,1.8301359223939195e-11
R93.0,1,0,4.1308785787022006e-12,0.0
S00.12XA,0,1,0.0,9.150679611969598e-12
S04.31XA,11,0,4.54396643657242e-11,0.0
G57.91,28,11,1.1566460020366161e-10,1.0065747573166556e-10
K76.9,10,1,4.1308785787022e-11,9.150679611969598e-12
M25.9,36,28,1.4871162883327921e-10,2.5621902913514875e-10
M45.6,210,53,8.674845015274621e-10,4.849860194343886e-10
M47.819,56,4,2.3132920040732322e-10,3.660271844787839e-11
M47.896,13696,3344,5.6576513013905334e-08,3.0599872622426334e-08
M48.07,2211,987,9.133372537510566e-09,9.031720777013992e-09
M51.36,11893,2727,4.912853893650527e-08,2.4953903301841093e-08
M65.341,31,12,1.280572359397682e-10,1.0980815534363517e-10
M67.80,0,1,0.0,9.150679611969598e-12
M67.823,4,3,1.6523514314808802e-11,2.7452038835908793e-11
G44.219,306,83,1.2640488450828733e-09,7.595064077934765e-10
G44.59,110,47,4.5439664365724205e-10,4.3008194176257107e-10
G45.9,24,27,9.914108588885281e-11,2.4706834952317913e-10
G47.30,166,105,6.857258440645653e-10,9.608213592568076e-10
G47.62,51,43,2.106748075138122e-10,3.934792233146927e-10
G54.0,298,36,1.2310018164532557e-09,3.294244660309055e-10
G54.9,72,18,2.9742325766655843e-10,1.6471223301545275e-10
G56.02,252,151,1.0409814018329546e-09,1.3817526214074091e-09
G70.00,51,20,2.106748075138122e-10,1.8301359223939194e-10
G82.20,286,134,1.1814312735088292e-09,1.226191068003926e-09
G82.50,402,48,1.6606131886382846e-09,4.392326213745407e-10
M17.4,127,177,5.246215794951794e-10,1.6196702913186186e-09
M50.021,47,11,1.941512931990034e-10,1.0065747573166556e-10
M76.60,95,31,3.92433464976709e-10,2.836710679710575e-10
M19.93,36,86,1.4871162883327921e-10,7.869584466293854e-10
M12.59,18,4,7.435581441663961e-11,3.660271844787839e-11
R79.89,3,3,1.2392635736106602e-11,2.7452038835908793e-11
M54.50,330974,161264,1.3672134067073821e-06,1.475675196944665e-06
M51.362,2239,575,9.249037137714227e-09,5.261640776882519e-09
G72.49,1,2,4.1308785787022006e-12,1.8301359223939195e-11
M25.819,72,44,2.9742325766655843e-10,4.0262990292666226e-10
M72.0,64,23,2.6437622903694084e-10,2.1046563107530072e-10
G44.86,769,141,3.176645627021992e-09,1.2902458252877131e-09
S82.102A,0,2,0.0,1.8301359223939195e-11
M54.59,47710,21928,1.9708421698988197e-07,2.0065610253126933e-07
M99.53,428,145,1.7680160316845417e-09,1.3268485437355916e-09
C90.00,56,84,2.3132920040732322e-10,7.686570874054461e-10
S43.005A,1,0,4.1308785787022006e-12,0.0
S32.000S,32,13,1.3218811451847042e-10,1.1895883495560475e-10
R51.9,18941,9592,7.824297115919838e-08,8.777331883801238e-08
K08.9,7,7,2.8916150050915402e-11,6.405475728378719e-11
M50.222,52,9,2.1480568609251442e-10,8.235611650772638e-11
S93.431D,5,0,2.0654392893511e-11,0.0
R97.20,51,45,2.106748075138122e-10,4.117805825386319e-10
I25.118,3,29,1.2392635736106602e-11,2.653697087471183e-10
F17.210,1748,201,7.220775755571446e-09,1.8392866020058891e-09
J20.9,17,23,7.02249358379374e-11,2.1046563107530072e-10
G43.E09,271,179,1.1194680948282963e-09,1.6379716505425579e-09
F60.2,1,3,4.1308785787022006e-12,2.7452038835908793e-11
M45.0,190,111,7.84866929953418e-10,1.0157254369286254e-09
N92.1,8,1,3.3047028629617605e-11,9.150679611969598e-12
F43.22,291,108,1.2020856664023403e-09,9.882733980927165e-10
R42.,958,281,3.957381678396708e-09,2.571340970963457e-09
M41.9,344,94,1.421022231073557e-09,8.601638835251421e-10
M70.70,37,18,1.528425074119814e-10,1.6471223301545275e-10
K85.90,11,5,4.54396643657242e-11,4.5753398059847985e-11
M43.12,249,13,1.028588766096848e-09,1.1895883495560475e-10
S24.109S,20,3,8.2617571574044e-11,2.7452038835908793e-11
D01.0,33,6,1.363189930971726e-10,5.4904077671817586e-11
M25.375,1,0,4.1308785787022006e-12,0.0
M70.42,5,1,2.0654392893511e-11,9.150679611969598e-12
G56.00,393,217,1.6234352814299647e-09,1.9856974757974024e-09
M41.80,7,0,2.8916150050915402e-11,0.0
M24.411,2,7,8.261757157404401e-12,6.405475728378719e-11
G43.819,321,169,1.3260120237634062e-09,1.5464648544228619e-09
G20.B1,78,6,3.2220852913877163e-10,5.4904077671817586e-11
S74.01XS,2,0,8.261757157404401e-12,0.0
M62.461,1,0,4.1308785787022006e-12,0.0
M26.623,72,14,2.9742325766655843e-10,1.2810951456757437e-10
Z98.1,52,36,2.1480568609251442e-10,3.294244660309055e-10
G43.901,104,55,4.2961137218502885e-10,5.032873786583279e-10
G47.01,55,15,2.2719832182862103e-10,1.3726019417954397e-10
I73.9,235,106,9.707564659950171e-10,9.699720388687773e-10
G43.E19,177,78,7.311655084302895e-10,7.137530097336286e-10
H93.233,12,2,4.9570542944426407e-11,1.8301359223939195e-11
I31.9,0,1,0.0,9.150679611969598e-12
N18.32,29,13,1.1979547878236381e-10,1.1895883495560475e-10
K29.30,0,4,0.0,3.660271844787839e-11
Z02.89,108,77,4.461348864998376e-10,7.04602330121659e-10
M15.0,113,137,4.667892793933486e-10,1.2536431068398349e-09
K86.1,43,63,1.7762777888419461e-10,5.764928155540846e-10
S81.809A,1,0,4.1308785787022006e-12,0.0
S33.8XXA,7,2,2.8916150050915402e-11,1.8301359223939195e-11
Q66.50,59,60,2.437218361434298e-10,5.490407767181759e-10
R11.11,13,0,5.3701421523128606e-11,0.0
M79.609,202,95,8.344374728978444e-10,8.693145631371118e-10
H46.3,10,0,4.1308785787022e-11,0.0
R20.0,166,40,6.857258440645653e-10,3.660271844787839e-10
R11.0,172,27,7.105111155367785e-10,2.4706834952317913e-10
M54.17,5355,1366,2.2120854788950283e-08,1.249982834995047e-08
E78.5,228,487,9.418403159441017e-10,4.456380971029194e-09
E11.22,12,31,4.9570542944426407e-11,2.836710679710575e-10
M13.859,33,30,1.363189930971726e-10,2.7452038835908793e-10
M15.9,194,315,8.013904442682269e-10,2.882464077770423e-09
M19.021,10,6,4.1308785787022e-11,5.4904077671817586e-11
M19.111,76,31,3.1394677198136725e-10,2.836710679710575e-10
M21.40,41,61,1.693660217267902e-10,5.581914563301454e-10
M25.373,4,12,1.6523514314808802e-11,1.0980815534363517e-10
M51.26,1809,287,7.47275934887228e-09,2.6262450486352746e-09
C43.8,0,1,0.0,9.150679611969598e-12
C44.310,2,1,8.261757157404401e-12,9.150679611969598e-12
C44.42,12,1,4.9570542944426407e-11,9.150679611969598e-12
C46.0,0,1,0.0,9.150679611969598e-12
C91.10,6,3,2.4785271472213203e-11,2.7452038835908793e-11
C95.00,1,0,4.1308785787022006e-12,0.0
D23.4,1,1,4.1308785787022006e-12,9.150679611969598e-12
D48.5,9,11,3.7177907208319803e-11,1.0065747573166556e-10
D63.1,8,4,3.3047028629617605e-11,3.660271844787839e-11
E07.9,4,2,1.6523514314808802e-11,1.8301359223939195e-11
E08.43,161,21,6.650714511710543e-10,1.9216427185136153e-10
F15.10,126,21,5.204907009164773e-10,1.9216427185136153e-10
F20.0,34,27,1.404498716758748e-10,2.4706834952317913e-10
F54.,9,53,3.7177907208319803e-11,4.849860194343886e-10
B00.1,2,2,8.261757157404401e-12,1.8301359223939195e-11
E05.90,2,4,8.261757157404401e-12,3.660271844787839e-11
E27.9,1,3,4.1308785787022006e-12,2.7452038835908793e-11
F31.81,68,51,2.808997433517496e-10,4.666846602104495e-10
G12.21,227,41,9.377094373653994e-10,3.751778640907535e-10
G43.101,178,78,7.352963870089917e-10,7.137530097336286e-10
G43.829,91,43,3.7590995066190024e-10,3.934792233146927e-10
G89.11,26,23,1.0740284304625721e-10,2.1046563107530072e-10
H11.062,1,0,4.1308785787022006e-12,0.0
H60.21,1,0,4.1308785787022006e-12,0.0
I12.0,2,4,8.261757157404401e-12,3.660271844787839e-11
I69.20,1,0,4.1308785787022006e-12,0.0
I77.71,1,0,4.1308785787022006e-12,0.0
I83.204,0,1,0.0,9.150679611969598e-12
K71.0,1,0,4.1308785787022006e-12,0.0
K95.09,1,0,4.1308785787022006e-12,0.0
L24.5,1,0,4.1308785787022006e-12,0.0
L40.52,99,127,4.0895697929151783e-10,1.1621363107201389e-09
L89.44,1,0,4.1308785787022006e-12,0.0
M05.69,3,0,1.2392635736106602e-11,0.0
M13.862,92,212,3.8004082924060243e-10,1.9399440777375545e-09
M19.071,111,34,4.5852752223594424e-10,3.111231068069663e-10
M19.141,1,2,4.1308785787022006e-12,1.8301359223939195e-11
M23.321,1,0,4.1308785787022006e-12,0.0
M48.14,44,0,1.817586574628968e-10,0.0
M48.8X7,4,0,1.6523514314808802e-11,0.0
M51.84,70,30,2.8916150050915404e-10,2.7452038835908793e-10
M60.811,7,0,2.8916150050915402e-11,0.0
M65.841,24,3,9.914108588885281e-11,2.7452038835908793e-11
M70.21,20,12,8.2617571574044e-11,1.0980815534363517e-10
M75.42,249,206,1.028588766096848e-09,1.8850400000657372e-09
M76.31,116,6,4.791819151294553e-10,5.4904077671817586e-11
M76.50,11,46,4.54396643657242e-11,4.2093126215060144e-10
F45.42,447,831,1.8465027246798836e-09,7.604214757546736e-09
G24.1,9,82,3.7177907208319803e-11,7.50355728181507e-10
F43.11,117,15,4.833127937081574e-10,1.3726019417954397e-10
J96.11,7,21,2.8916150050915402e-11,1.9216427185136153e-10
K59.09,43,3,1.7762777888419461e-10,2.7452038835908793e-11
L40.0,19,3,7.848669299534181e-11,2.7452038835908793e-11
M10.9,204,316,8.426992300552488e-10,2.8916147573823925e-09
M13.0,766,531,3.1642529912858853e-09,4.859010873955856e-09
M17.2,141,130,5.824538795970102e-10,1.1895883495560477e-09
M19.171,22,30,9.08793287314484e-11,2.7452038835908793e-10
M19.172,23,9,9.501020731015061e-11,8.235611650772638e-11
M21.371,199,31,8.220448371617379e-10,2.836710679710575e-10
M32.9,79,22,3.2633940771747383e-10,2.0131495146333113e-10
M40.12,6,0,2.4785271472213203e-11,0.0
M47.24,39,3,1.6110426456938582e-10,2.7452038835908793e-11
M47.899,61,19,2.519835933008342e-10,1.7386291262742234e-10
M48.03,36,32,1.4871162883327921e-10,2.928217475830271e-10
F34.9,23,11,9.501020731015061e-11,1.0065747573166556e-10
F40.240,2,2,8.261757157404401e-12,1.8301359223939195e-11
F28.,11,1,4.54396643657242e-11,9.150679611969598e-12
G31.9,1,6,4.1308785787022006e-12,5.4904077671817586e-11
Z13.89,5,7,2.0654392893511e-11,6.405475728378719e-11
Z71.41,10,5,4.1308785787022e-11,4.5753398059847985e-11
G43.011,165,111,6.815949654858631e-10,1.0157254369286254e-09
G61.9,15,8,6.1963178680533e-11,7.320543689575678e-11
G62.1,47,43,1.941512931990034e-10,3.934792233146927e-10
G62.2,129,15,5.328833366525838e-10,1.3726019417954397e-10
G62.82,62,1,2.561144718795364e-10,9.150679611969598e-12
H92.09,9,16,3.7177907208319803e-11,1.4641087379151356e-10
I50.20,15,13,6.1963178680533e-11,1.1895883495560475e-10
I69.393,9,0,3.7177907208319803e-11,0.0
G90.59,20,4,8.2617571574044e-11,3.660271844787839e-11
H93.3X2,5,0,2.0654392893511e-11,0.0
J01.00,6,8,2.4785271472213203e-11,7.320543689575678e-11
J06.9,46,46,1.9002041462030122e-10,4.2093126215060144e-10
J32.0,45,17,1.8588953604159902e-10,1.5556155340348316e-10
M84.375A,0,2,0.0,1.8301359223939195e-11
M94.1,0,1,0.0,9.150679611969598e-12
N14.3,3,0,1.2392635736106602e-11,0.0
N40.0,61,77,2.519835933008342e-10,7.04602330121659e-10
N40.1,231,53,9.542329516802084e-10,4.849860194343886e-10
N64.4,14,16,5.7832300101830805e-11,1.4641087379151356e-10
N94.6,111,17,4.5852752223594424e-10,1.5556155340348316e-10
N95.9,87,9,3.593864363470914e-10,8.235611650772638e-11
R00.0,14,6,5.7832300101830805e-11,5.4904077671817586e-11
R01.1,2,5,8.261757157404401e-12,4.5753398059847985e-11
R10.84,514,170,2.123271589452931e-09,1.5556155340348315e-09
R25.1,475,163,1.962167324883545e-09,1.4915607767510444e-09
R31.9,15,10,6.1963178680533e-11,9.150679611969597e-11
S10.11XA,0,3,0.0,2.7452038835908793e-11
S86.111S,1,0,4.1308785787022006e-12,0.0
S92.354S,1,11,4.1308785787022006e-12,1.0065747573166556e-10
T78.40XS,8,1,3.3047028629617605e-11,9.150679611969598e-12
T78.49XA,6,0,2.4785271472213203e-11,0.0
G44.209,483,179,1.995214353513163e-09,1.6379716505425579e-09
G60.8,74,26,3.056850148239628e-10,2.379176699112095e-10
G62.89,151,12,6.237626653840323e-10,1.0980815534363517e-10
L29.9,45,25,1.8588953604159902e-10,2.2876699029923994e-10
M51.360,3135,476,1.2950304344231398e-08,4.3557234952975285e-09
M50.320,189,36,7.807360513747159e-10,3.294244660309055e-10
R45.89,18,10,7.435581441663961e-11,9.150679611969597e-11
M47.16,278,101,1.1483842448792117e-09,9.242186408089293e-10
E66.811,50,10,2.0654392893511e-10,9.150679611969597e-11
R10.2,771,226,3.1849073841793965e-09,2.068053592305129e-09
M51.85,21,9,8.674845015274621e-11,8.235611650772638e-11
Z73.9,7,15,2.8916150050915402e-11,1.3726019417954397e-10
R06.00,103,51,4.2548049360632665e-10,4.666846602104495e-10
M62.89,44,13,1.817586574628968e-10,1.1895883495560475e-10
M25.312,8,6,3.3047028629617605e-11,5.4904077671817586e-11
G99.2,35,2,1.4458075025457702e-10,1.8301359223939195e-11
M25.752,3,0,1.2392635736106602e-11,0.0
S80.02XA,1,5,4.1308785787022006e-12,4.5753398059847985e-11
S14.2XXD,2,6,8.261757157404401e-12,5.4904077671817586e-11
S32.018S,10,9,4.1308785787022e-11,8.235611650772638e-11
R93.422,1,1,4.1308785787022006e-12,9.150679611969598e-12
I87.2,68,53,2.808997433517496e-10,4.849860194343886e-10
S76.192D,5,0,2.0654392893511e-11,0.0
H69.82,2,1,8.261757157404401e-12,9.150679611969598e-12
J09.X2,4,2,1.6523514314808802e-11,1.8301359223939195e-11
M53.1,192,11,7.931286871108225e-10,1.0065747573166556e-10
R29.6,10,10,4.1308785787022e-11,9.150679611969597e-11
M99.63,154,16,6.361553011201389e-10,1.4641087379151356e-10
S46.092D,12,11,4.9570542944426407e-11,1.0065747573166556e-10
M19.29,5,0,2.0654392893511e-11,0.0
M75.40,81,153,3.346011648748782e-10,1.4000539806313484e-09
G82.54,209,171,8.633536229487598e-10,1.5647662136468011e-09
E09.40,94,100,3.883025863980068e-10,9.150679611969597e-10
G20.C,377,102,1.5573412241707296e-09,9.33369320420899e-10
D33.4,6,2,2.4785271472213203e-11,1.8301359223939195e-11
M81.8,32,90,1.3218811451847042e-10,8.235611650772638e-10
Z85.118,0,1,0.0,9.150679611969598e-12
M43.25,11,1,4.54396643657242e-11,9.150679611969598e-12
H60.8X2,1,4,4.1308785787022006e-12,3.660271844787839e-11
M13.851,18,37,7.435581441663961e-11,3.3857514564287507e-10
I80.292,1,0,4.1308785787022006e-12,0.0
N94.819,11,0,4.54396643657242e-11,0.0
M19.072,50,40,2.0654392893511e-10,3.660271844787839e-10
F45.1,41,63,1.693660217267902e-10,5.764928155540846e-10
D47.2,25,13,1.03271964467555e-10,1.1895883495560475e-10
M19.079,63,58,2.6024535045823864e-10,5.307394174942366e-10
E66.01,241,83,9.955417374672302e-10,7.595064077934765e-10
M75.31,27,11,1.115337216249594e-10,1.0065747573166556e-10
L30.8,18,0,7.435581441663961e-11,0.0
U07.1,38,48,1.5697338599068362e-10,4.392326213745407e-10
G43.409,35,17,1.4458075025457702e-10,1.5556155340348316e-10
I95.1,32,16,1.3218811451847042e-10,1.4641087379151356e-10
S06.2XAS,30,8,1.23926357361066e-10,7.320543689575678e-11
M50.122,666,168,2.7511651334156655e-09,1.5373141748108923e-09
G56.21,54,19,2.230674432499188e-10,1.7386291262742234e-10
R14.0,41,3,1.693660217267902e-10,2.7452038835908793e-11
K59.04,79,7,3.2633940771747383e-10,6.405475728378719e-11
M79.652,351,133,1.4499383811244723e-09,1.2170403883919564e-09
S22.009A,1,1,4.1308785787022006e-12,9.150679611969598e-12
G44.021,54,14,2.230674432499188e-10,1.2810951456757437e-10
M25.371,12,23,4.9570542944426407e-11,2.1046563107530072e-10
I12.9,16,35,6.609405725923521e-11,3.202737864189359e-10
Z87.410,26,13,1.0740284304625721e-10,1.1895883495560475e-10
C18.1,0,1,0.0,9.150679611969598e-12
M76.62,127,31,5.246215794951794e-10,2.836710679710575e-10
M79.601,1294,532,5.345356880840647e-09,4.8681615535678256e-09
M79.632,137,26,5.659303652822015e-10,2.379176699112095e-10
M79.659,100,35,4.1308785787022e-10,3.202737864189359e-10
M87.050,12,0,4.9570542944426407e-11,0.0
M93.88,2,2,8.261757157404401e-12,1.8301359223939195e-11
M51.14,30,20,1.23926357361066e-10,1.8301359223939194e-10
M54.10,184,27,7.600816584812049e-10,2.4706834952317913e-10
G90.519,11,18,4.54396643657242e-11,1.6471223301545275e-10
H90.3,59,31,2.437218361434298e-10,2.836710679710575e-10
I48.92,10,5,4.1308785787022e-11,4.5753398059847985e-11
J32.9,257,47,1.0616357947264655e-09,4.3008194176257107e-10
K51.90,15,30,6.1963178680533e-11,2.7452038835908793e-10
L90.0,4,0,1.6523514314808802e-11,0.0
M07.60,1,2,4.1308785787022006e-12,1.8301359223939195e-11
M13.142,3,2,1.2392635736106602e-11,1.8301359223939195e-11
M18.2,1,21,4.1308785787022006e-12,1.9216427185136153e-10
M24.819,6,6,2.4785271472213203e-11,5.4904077671817586e-11
G24.8,57,7,2.3546007898602544e-10,6.405475728378719e-11
G24.9,186,42,7.683434156386092e-10,3.8432854370272307e-10
Z00.6,181,0,7.476890227450982e-10,0.0
Z13.850,16,8,6.609405725923521e-11,7.320543689575678e-11
Z59.0,16,3,6.609405725923521e-11,2.7452038835908793e-11
Z65.9,44,97,1.817586574628968e-10,8.876159223610509e-10
Z76.89,162,212,6.692023297497564e-10,1.9399440777375545e-09
M48.9,50,21,2.0654392893511e-10,1.9216427185136153e-10
M53.2X9,1,1,4.1308785787022006e-12,9.150679611969598e-12
M54.18,92,12,3.8004082924060243e-10,1.0980815534363517e-10
G81.91,37,2,1.528425074119814e-10,1.8301359223939195e-11
I69.398,116,5,4.791819151294553e-10,4.5753398059847985e-11
I70.0,3,3,1.2392635736106602e-11,2.7452038835908793e-11
N30.10,50,12,2.0654392893511e-10,1.0980815534363517e-10
R76.0,10,1,4.1308785787022e-11,9.150679611969598e-12
B33.0,2,0,8.261757157404401e-12,0.0
C77.3,2,0,8.261757157404401e-12,0.0
G90.523,34,12,1.404498716758748e-10,1.0980815534363517e-10
H93.12,61,13,2.519835933008342e-10,1.1895883495560475e-10
I69.853,2,0,8.261757157404401e-12,0.0
I69.951,17,0,7.02249358379374e-11,0.0
I89.0,148,116,6.113700296479256e-10,1.0614788349884733e-09
J34.89,11,3,4.54396643657242e-11,2.7452038835908793e-11
K51.911,3,4,1.2392635736106602e-11,3.660271844787839e-11
K58.0,284,17,1.173169516351425e-09,1.5556155340348316e-10
L85.3,14,6,5.7832300101830805e-11,5.4904077671817586e-11
L98.6,1,1,4.1308785787022006e-12,9.150679611969598e-12
M12.511,15,6,6.1963178680533e-11,5.4904077671817586e-11
M13.852,26,20,1.0740284304625721e-10,1.8301359223939194e-10
M18.51,0,3,0.0,2.7452038835908793e-11
M19.249,5,6,2.0654392893511e-11,5.4904077671817586e-11
M45.8,4,7,1.6523514314808802e-11,6.405475728378719e-11
M51.25,13,2,5.3701421523128606e-11,1.8301359223939195e-11
S29.012A,30,27,1.23926357361066e-10,2.4706834952317913e-10
M67.51,1,2,4.1308785787022006e-12,1.8301359223939195e-11
G56.03,884,484,3.651696663572745e-09,4.4289289321932854e-09
F17.200,590,125,2.4372183614342982e-09,1.1438349514961996e-09
C71.3,2,0,8.261757157404401e-12,0.0
M77.32,17,14,7.02249358379374e-11,1.2810951456757437e-10
M50.822,44,6,1.817586574628968e-10,5.4904077671817586e-11
M41.86,51,25,2.106748075138122e-10,2.2876699029923994e-10
M25.521,1520,433,6.278935439627344e-09,3.9622442719828354e-09
G57.63,15,3,6.1963178680533e-11,2.7452038835908793e-11
R11.2,131,14,5.411450938099882e-10,1.2810951456757437e-10
F32.89,220,47,9.087932873144841e-10,4.3008194176257107e-10
Z96.659,8,13,3.3047028629617605e-11,1.1895883495560475e-10
Z00.8,20,43,8.2617571574044e-11,3.934792233146927e-10
M51.370,626,78,2.5859299902675774e-09,7.137530097336286e-10
M48.061,5131,2000,2.119553798732099e-08,1.8301359223939194e-08
N39.3,37,3,1.528425074119814e-10,2.7452038835908793e-11
R07.2,5,4,2.0654392893511e-11,3.660271844787839e-11
S86.119S,4,0,1.6523514314808802e-11,0.0
H02.9,0,2,0.0,1.8301359223939195e-11
F12.259,1,0,4.1308785787022006e-12,0.0
M13.832,16,2,6.609405725923521e-11,1.8301359223939195e-11
L85.8,0,1,0.0,9.150679611969598e-12
F15.180,0,1,0.0,9.150679611969598e-12
I70.211,3,0,1.2392635736106602e-11,0.0
M75.102,80,37,3.30470286296176e-10,3.3857514564287507e-10
M77.10,99,13,4.0895697929151783e-10,1.1895883495560475e-10
K56.691,0,1,0.0,9.150679611969598e-12
L03.116,8,14,3.3047028629617605e-11,1.2810951456757437e-10
M25.59,146,149,6.031082724905212e-10,1.36345126218347e-09
M26.601,198,25,8.179139585830357e-10,2.2876699029923994e-10
M95.4,0,2,0.0,1.8301359223939195e-11
G43.B1,12,24,4.9570542944426407e-11,2.1961631068727034e-10
G44.81,5,5,2.0654392893511e-11,4.5753398059847985e-11
G14.,0,5,0.0,4.5753398059847985e-11
G43.E11,77,36,3.1807765056006944e-10,3.294244660309055e-10
T74.21XA,6,0,2.4785271472213203e-11,0.0
L89.321,1,1,4.1308785787022006e-12,9.150679611969598e-12
M25.541,561,207,2.3174228826519345e-09,1.8941906796777066e-09
J01.30,1,0,4.1308785787022006e-12,0.0
J13.,0,2,0.0,1.8301359223939195e-11
J34.9,8,3,3.3047028629617605e-11,2.7452038835908793e-11
K92.1,3,6,1.2392635736106602e-11,5.4904077671817586e-11
L98.9,25,54,1.03271964467555e-10,4.941366990463583e-10
M18.4,8,15,3.3047028629617605e-11,1.3726019417954397e-10
M67.813,32,2,1.3218811451847042e-10,1.8301359223939195e-11
M70.71,37,13,1.528425074119814e-10,1.1895883495560475e-10
M70.72,50,20,2.0654392893511e-10,1.8301359223939194e-10
M76.01,123,22,5.080980651803707e-10,2.0131495146333113e-10
R10.12,73,20,3.015541362452606e-10,1.8301359223939194e-10
R73.01,42,44,1.7349690030549242e-10,4.0262990292666226e-10
S83.242A,7,1,2.8916150050915402e-11,9.150679611969598e-12
S83.242S,1,0,4.1308785787022006e-12,0.0
S88.112S,4,2,1.6523514314808802e-11,1.8301359223939195e-11
S90.934A,1,0,4.1308785787022006e-12,0.0
S96.211A,1,0,4.1308785787022006e-12,0.0
T79.A21S,2,0,8.261757157404401e-12,0.0
G43.C1,13,9,5.3701421523128606e-11,8.235611650772638e-11
G43.D0,53,6,2.1893656467121662e-10,5.4904077671817586e-11
G46.3,26,2,1.0740284304625721e-10,1.8301359223939195e-11
G47.36,0,1,0.0,9.150679611969598e-12
I05.9,1,1,4.1308785787022006e-12,9.150679611969598e-12
I25.9,9,13,3.7177907208319803e-11,1.1895883495560475e-10
K22.2,2,2,8.261757157404401e-12,1.8301359223939195e-11
L82.1,8,12,3.3047028629617605e-11,1.0980815534363517e-10
L93.0,23,3,9.501020731015061e-11,2.7452038835908793e-11
M05.89,7,7,2.8916150050915402e-11,6.405475728378719e-11
M21.332,1,0,4.1308785787022006e-12,0.0
M46.20,1,0,4.1308785787022006e-12,0.0
M67.40,0,1,0.0,9.150679611969598e-12
M72.9,0,1,0.0,9.150679611969598e-12
M79.646,169,62,6.981184798006718e-10,5.67342135942115e-10
M85.80,23,52,9.501020731015061e-11,4.75835339822419e-10
N20.0,60,52,2.47852714722132e-10,4.75835339822419e-10
N28.1,3,8,1.2392635736106602e-11,7.320543689575678e-11
N31.9,38,22,1.5697338599068362e-10,2.0131495146333113e-10
N43.40,0,1,0.0,9.150679611969598e-12
N91.2,3,1,1.2392635736106602e-11,9.150679611969598e-12
Q61.3,4,0,1.6523514314808802e-11,0.0
M79.674,132,59,5.452759723886904e-10,5.398900971062062e-10
Z91.81,14,19,5.7832300101830805e-11,1.7386291262742234e-10
Z96.641,18,17,7.435581441663961e-11,1.5556155340348316e-10
R45.4,138,35,5.700612438609036e-10,3.202737864189359e-10
R60.1,9,2,3.7177907208319803e-11,1.8301359223939195e-11
R73.02,3,1,1.2392635736106602e-11,9.150679611969598e-12
S06.2X9S,517,9,2.1356642251890374e-09,8.235611650772638e-11
S06.300A,2,6,8.261757157404401e-12,5.4904077671817586e-11
G40.909,31,7,1.280572359397682e-10,6.405475728378719e-11
G44.009,143,23,5.907156367544146e-10,2.1046563107530072e-10
H54.62,1,1,4.1308785787022006e-12,9.150679611969598e-12
I63.40,0,1,0.0,9.150679611969598e-12
I87.8,3,0,1.2392635736106602e-11,0.0
L20.84,32,4,1.3218811451847042e-10,3.660271844787839e-11
M13.849,49,16,2.0241305035640782e-10,1.4641087379151356e-10
M23.8X2,5,8,2.0654392893511e-11,7.320543689575678e-11
M65.30,76,10,3.1394677198136725e-10,9.150679611969597e-11
M75.80,14,9,5.7832300101830805e-11,8.235611650772638e-11
M76.819,6,1,2.4785271472213203e-11,9.150679611969598e-12
M93.271,0,5,0.0,4.5753398059847985e-11
N30.00,3,3,1.2392635736106602e-11,2.7452038835908793e-11
S23.41XS,7,5,2.8916150050915402e-11,4.5753398059847985e-11
C50.911,2,6,8.261757157404401e-12,5.4904077671817586e-11
C71.2,0,1,0.0,9.150679611969598e-12
E04.1,21,16,8.674845015274621e-11,1.4641087379151356e-10
F45.0,42,30,1.7349690030549242e-10,2.7452038835908793e-10
F48.9,0,3,0.0,2.7452038835908793e-11
Y93.9,1,0,4.1308785787022006e-12,0.0
Z01.30,1,1,4.1308785787022006e-12,9.150679611969598e-12
Z01.411,2,7,8.261757157404401e-12,6.405475728378719e-11
Z01.810,3,1,1.2392635736106602e-11,9.150679611969598e-12
Z34.90,1,0,4.1308785787022006e-12,0.0
Z46.1,2,3,8.261757157404401e-12,2.7452038835908793e-11
Z48.812,3,2,1.2392635736106602e-11,1.8301359223939195e-11
Z55.8,2,0,8.261757157404401e-12,0.0
Z71.51,4,2,1.6523514314808802e-11,1.8301359223939195e-11
S16.2XXA,1,1,4.1308785787022006e-12,9.150679611969598e-12
S22.080A,3,4,1.2392635736106602e-11,3.660271844787839e-11
S24.103S,2,1,8.261757157404401e-12,9.150679611969598e-12
S32.031D,0,2,0.0,1.8301359223939195e-11
S43.492A,4,0,1.6523514314808802e-11,0.0
S44.8X2D,8,1,3.3047028629617605e-11,9.150679611969598e-12
S44.90XD,0,1,0.0,9.150679611969598e-12
S50.11XA,1,0,4.1308785787022006e-12,0.0
S58.112D,0,1,0.0,9.150679611969598e-12
S22.000D,2,28,8.261757157404401e-12,2.5621902913514875e-10
S92.535A,0,2,0.0,1.8301359223939195e-11
S93.691S,0,1,0.0,9.150679611969598e-12
S16.1XXA,95,59,3.92433464976709e-10,5.398900971062062e-10
G43.B0,82,34,3.387320434535804e-10,3.111231068069663e-10
G44.051,0,1,0.0,9.150679611969598e-12
N18.2,33,20,1.363189930971726e-10,1.8301359223939194e-10
N95.1,247,34,1.0203270089394435e-09,3.111231068069663e-10
Q65.89,0,2,0.0,1.8301359223939195e-11
R07.82,362,78,1.4953780454901965e-09,7.137530097336286e-10
M46.26,5,8,2.0654392893511e-11,7.320543689575678e-11
M54.81,708,295,2.924662033721158e-09,2.699450485531031e-09
Z47.33,21,2,8.674845015274621e-11,1.8301359223939195e-11
Z51.81,26,124,1.0740284304625721e-10,1.13468427188423e-09
Z79.891,87,91,3.593864363470914e-10,8.327118446892334e-10
Z89.512,41,18,1.693660217267902e-10,1.6471223301545275e-10
Z00.01,88,319,3.635173149257936e-10,2.9190667962183016e-09
Z33.1,25,2,1.03271964467555e-10,1.8301359223939195e-11
M43.27,36,8,1.4871162883327921e-10,7.320543689575678e-11
I89.9,1,0,4.1308785787022006e-12,0.0
M23.8X9,10,13,4.1308785787022e-11,1.1895883495560475e-10
M35.7,21,8,8.674845015274621e-11,7.320543689575678e-11
W51.XXXA,0,1,0.0,9.150679611969598e-12
Z01.89,39,51,1.6110426456938582e-10,4.666846602104495e-10
Z68.39,1,2,4.1308785787022006e-12,1.8301359223939195e-11
Z72.9,610,7,2.5198359330083423e-09,6.405475728378719e-11
Z89.201,1,0,4.1308785787022006e-12,0.0
Z01.818,47,59,1.941512931990034e-10,5.398900971062062e-10
Z86.69,69,53,2.850306219304518e-10,4.849860194343886e-10
Z87.828,62,2,2.561144718795364e-10,1.8301359223939195e-11
Z89.612,52,15,2.1480568609251442e-10,1.3726019417954397e-10
C80.1,3,3,1.2392635736106602e-11,2.7452038835908793e-11
D69.59,1,2,4.1308785787022006e-12,1.8301359223939195e-11
D75.1,7,2,2.8916150050915402e-11,1.8301359223939195e-11
E11.621,18,15,7.435581441663961e-11,1.3726019417954397e-10
F11.94,1,0,4.1308785787022006e-12,0.0
F90.0,44,24,1.817586574628968e-10,2.1961631068727034e-10
G43.111,144,45,5.948465153331169e-10,4.117805825386319e-10
G43.D1,47,25,1.941512931990034e-10,2.2876699029923994e-10
G54.1,41,10,1.693660217267902e-10,9.150679611969597e-11
G81.90,77,16,3.1807765056006944e-10,1.4641087379151356e-10
G82.21,102,41,4.213496150276244e-10,3.751778640907535e-10
H40.013,2,0,8.261757157404401e-12,0.0
H72.90,1,1,4.1308785787022006e-12,9.150679611969598e-12
I26.99,4,7,1.6523514314808802e-11,6.405475728378719e-11
I50.32,27,32,1.115337216249594e-10,2.928217475830271e-10
I50.42,4,20,1.6523514314808802e-11,1.8301359223939194e-10
I63.219,1,0,4.1308785787022006e-12,0.0
I83.893,1,3,4.1308785787022006e-12,2.7452038835908793e-11
J01.80,28,11,1.1566460020366161e-10,1.0065747573166556e-10
K63.5,15,13,6.1963178680533e-11,1.1895883495560475e-10
M17.32,68,84,2.808997433517496e-10,7.686570874054461e-10
M19.232,1,4,4.1308785787022006e-12,3.660271844787839e-11
M22.2X2,53,36,2.1893656467121662e-10,3.294244660309055e-10
M22.40,54,31,2.230674432499188e-10,2.836710679710575e-10
M25.60,64,8,2.6437622903694084e-10,7.320543689575678e-11
M49.86,47,12,1.941512931990034e-10,1.0980815534363517e-10
F43.25,30,10,1.23926357361066e-10,9.150679611969597e-11
F44.7,9,0,3.7177907208319803e-11,0.0
G37.3,45,10,1.8588953604159902e-10,9.150679611969597e-11
S42.302A,0,2,0.0,1.8301359223939195e-11
S46.091A,34,17,1.404498716758748e-10,1.5556155340348316e-10
S46.091D,22,4,9.08793287314484e-11,3.660271844787839e-11
S99.912A,9,1,3.7177907208319803e-11,9.150679611969598e-12
Z47.81,13,6,5.3701421523128606e-11,5.4904077671817586e-11
Z63.79,69,13,2.850306219304518e-10,1.1895883495560475e-10
Z86.12,0,6,0.0,5.4904077671817586e-11
Z87.39,31,50,1.280572359397682e-10,4.575339805984799e-10
G90.511,188,21,7.766051727960136e-10,1.9216427185136153e-10
H47.013,11,0,4.54396643657242e-11,0.0
H81.09,97,8,4.0069522213411345e-10,7.320543689575678e-11
H92.01,33,23,1.363189930971726e-10,2.1046563107530072e-10
I69.30,47,6,1.941512931990034e-10,5.4904077671817586e-11
I69.354,147,18,6.072391510692235e-10,1.6471223301545275e-10
K02.52,10,0,4.1308785787022e-11,0.0
K31.84,72,18,2.9742325766655843e-10,1.6471223301545275e-10
M62.3,5,4,2.0654392893511e-11,3.660271844787839e-11
M65.4,41,17,1.693660217267902e-10,1.5556155340348316e-10
R09.89,6,3,2.4785271472213203e-11,2.7452038835908793e-11
S82.034G,1,0,4.1308785787022006e-12,0.0
S93.401S,7,10,2.8916150050915402e-11,9.150679611969597e-11
S93.411S,1,1,4.1308785787022006e-12,9.150679611969598e-12
C43.31,3,0,1.2392635736106602e-11,0.0
D86.9,14,8,5.7832300101830805e-11,7.320543689575678e-11
E10.9,1,5,4.1308785787022006e-12,4.5753398059847985e-11
E11.311,3,0,1.2392635736106602e-11,0.0
E28.310,40,3,1.65235143148088e-10,2.7452038835908793e-11
E46.,2,3,8.261757157404401e-12,2.7452038835908793e-11
F31.70,16,40,6.609405725923521e-11,3.660271844787839e-10
F31.78,0,2,0.0,1.8301359223939195e-11
F32.0,53,20,2.1893656467121662e-10,1.8301359223939194e-10
F48.2,1,1,4.1308785787022006e-12,9.150679611969598e-12
S29.012S,12,0,4.9570542944426407e-11,0.0
S29.9XXS,0,1,0.0,9.150679611969598e-12
S46.001A,10,2,4.1308785787022e-11,1.8301359223939195e-11
S46.001S,18,10,7.435581441663961e-11,9.150679611969597e-11
Z59.8,1,1,4.1308785787022006e-12,9.150679611969598e-12
Z87.01,1,1,4.1308785787022006e-12,9.150679611969598e-12
G43.419,24,13,9.914108588885281e-11,1.1895883495560475e-10
G44.311,9,9,3.7177907208319803e-11,8.235611650772638e-11
G47.8,21,9,8.674845015274621e-11,8.235611650772638e-11
G81.14,84,28,3.4699380061098484e-10,2.5621902913514875e-10
G81.92,23,1,9.501020731015061e-11,9.150679611969598e-12
I25.5,8,19,3.3047028629617605e-11,1.7386291262742234e-10
I35.1,2,5,8.261757157404401e-12,4.5753398059847985e-11
I63.319,6,0,2.4785271472213203e-11,0.0
I63.432,0,3,0.0,2.7452038835908793e-11
I69.361,4,1,1.6523514314808802e-11,9.150679611969598e-12
I69.851,20,1,8.2617571574044e-11,9.150679611969598e-12
I69.854,3,2,1.2392635736106602e-11,1.8301359223939195e-11
I69.959,3,2,1.2392635736106602e-11,1.8301359223939195e-11
I82.409,7,12,2.8916150050915402e-11,1.0980815534363517e-10
M13.88,37,46,1.528425074119814e-10,4.2093126215060144e-10
M14.679,18,8,7.435581441663961e-11,7.320543689575678e-11
M19.211,27,24,1.115337216249594e-10,2.1961631068727034e-10
M32.19,9,0,3.7177907208319803e-11,0.0
M41.85,8,1,3.3047028629617605e-11,9.150679611969598e-12
M47.814,362,65,1.4953780454901965e-09,5.947941747780239e-10
M48.48XS,1,0,4.1308785787022006e-12,0.0
M51.87,149,57,6.155009082266279e-10,5.21588737882267e-10
M53.88,2,1,8.261757157404401e-12,9.150679611969598e-12
M62.9,22,20,9.08793287314484e-11,1.8301359223939194e-10
M76.72,14,3,5.7832300101830805e-11,2.7452038835908793e-11
M80.88XS,1,8,4.1308785787022006e-12,7.320543689575678e-11
M87.859,28,33,1.1566460020366161e-10,3.019724271949967e-10
N18.6,49,33,2.0241305035640782e-10,3.019724271949967e-10
S22.080G,25,0,1.03271964467555e-10,0.0
S33.5XXA,136,32,5.617994867034992e-10,2.928217475830271e-10
S33.5XXD,111,4,4.5852752223594424e-10,3.660271844787839e-11
S64.12XD,8,0,3.3047028629617605e-11,0.0
S76.102D,15,0,6.1963178680533e-11,0.0
G61.0,88,2,3.635173149257936e-10,1.8301359223939195e-11
G57.82,3,1,1.2392635736106602e-11,9.150679611969598e-12
G72.9,25,0,1.03271964467555e-10,0.0
M54.14,151,22,6.237626653840323e-10,2.0131495146333113e-10
F12.90,14,15,5.7832300101830805e-11,1.3726019417954397e-10
M27.9,9,0,3.7177907208319803e-11,0.0
M67.863,3,0,1.2392635736106602e-11,0.0
Z59.00,47,81,1.941512931990034e-10,7.412050485695374e-10
G93.0,9,0,3.7177907208319803e-11,0.0
F33.42,140,28,5.783230010183081e-10,2.5621902913514875e-10
M05.19,1,0,4.1308785787022006e-12,0.0
M20.10,9,7,3.7177907208319803e-11,6.405475728378719e-11
S63.519A,1,2,4.1308785787022006e-12,1.8301359223939195e-11
J17.,1,3,4.1308785787022006e-12,2.7452038835908793e-11
M12.572,3,3,1.2392635736106602e-11,2.7452038835908793e-11
R10.23,31,22,1.280572359397682e-10,2.0131495146333113e-10
E10.43,50,10,2.0654392893511e-10,9.150679611969597e-11
N39.490,1,0,4.1308785787022006e-12,0.0
F32.81,34,2,1.404498716758748e-10,1.8301359223939195e-11
R09.1,3,2,1.2392635736106602e-11,1.8301359223939195e-11
M31.7,0,1,0.0,9.150679611969598e-12
Z94.4,16,7,6.609405725923521e-11,6.405475728378719e-11
N87.0,1,3,4.1308785787022006e-12,2.7452038835908793e-11
I82.621,0,1,0.0,9.150679611969598e-12
M23.206,2,9,8.261757157404401e-12,8.235611650772638e-11
E27.1,1,0,4.1308785787022006e-12,0.0
Z79.85,0,1,0.0,9.150679611969598e-12
M06.4,91,141,3.7590995066190024e-10,1.2902458252877131e-09
F19.232,0,1,0.0,9.150679611969598e-12
M85.9,16,15,6.609405725923521e-11,1.3726019417954397e-10
R73.9,46,6,1.9002041462030122e-10,5.4904077671817586e-11
L40.50,109,71,4.5026576507853986e-10,6.496982524498414e-10
F11.259,1,0,4.1308785787022006e-12,0.0
R22.42,4,5,1.6523514314808802e-11,4.5753398059847985e-11
M43.10,56,35,2.3132920040732322e-10,3.202737864189359e-10
Z98.890,66,74,2.726379861943452e-10,6.771502912857501e-10
M51.46,14,1,5.7832300101830805e-11,9.150679611969598e-12
S84.02XS,0,1,0.0,9.150679611969598e-12
G57.31,1,0,4.1308785787022006e-12,0.0
E09.43,41,23,1.693660217267902e-10,2.1046563107530072e-10
F44.5,7,12,2.8916150050915402e-11,1.0980815534363517e-10
G40.209,6,2,2.4785271472213203e-11,1.8301359223939195e-11
M99.82,197,19,8.137830800043334e-10,1.7386291262742234e-10
G93.39,18,3,7.435581441663961e-11,2.7452038835908793e-11
E53.8,17,6,7.02249358379374e-11,5.4904077671817586e-11
S93.421D,0,1,0.0,9.150679611969598e-12
S43.391S,1,0,4.1308785787022006e-12,0.0
M94.211,2,0,8.261757157404401e-12,0.0
F14.982,2,0,8.261757157404401e-12,0.0
E11.51,7,6,2.8916150050915402e-11,5.4904077671817586e-11
S00.411A,1,0,4.1308785787022006e-12,0.0
E28.2,37,4,1.528425074119814e-10,3.660271844787839e-11
R29.898,37,43,1.528425074119814e-10,3.934792233146927e-10
R35.0,41,4,1.693660217267902e-10,3.660271844787839e-11
R61.,95,0,3.92433464976709e-10,0.0
T21.34XS,0,1,0.0,9.150679611969598e-12
Z12.39,1,12,4.1308785787022006e-12,1.0980815534363517e-10
Z12.4,12,27,4.9570542944426407e-11,2.4706834952317913e-10
Z68.43,2,0,8.261757157404401e-12,0.0
S22.31XA,2,5,8.261757157404401e-12,4.5753398059847985e-11
G44.029,68,39,2.808997433517496e-10,3.568765048668143e-10
G44.211,43,11,1.7762777888419461e-10,1.0065747573166556e-10
G50.9,10,8,4.1308785787022e-11,7.320543689575678e-11
G56.90,5,1,2.0654392893511e-11,9.150679611969598e-12
G57.92,28,2,1.1566460020366161e-10,1.8301359223939195e-11
G58.9,23,5,9.501020731015061e-11,4.5753398059847985e-11
G71.3,127,0,5.246215794951794e-10,0.0
G89.12,9,6,3.7177907208319803e-11,5.4904077671817586e-11
H42.,0,1,0.0,9.150679611969598e-12
H90.2,0,2,0.0,1.8301359223939195e-11
H90.5,6,6,2.4785271472213203e-11,5.4904077671817586e-11
H93.231,1,0,4.1308785787022006e-12,0.0
I25.110,4,4,1.6523514314808802e-11,3.660271844787839e-11
I70.293,3,0,1.2392635736106602e-11,0.0
I72.9,2,1,8.261757157404401e-12,9.150679611969598e-12
J30.81,3,1,1.2392635736106602e-11,9.150679611969598e-12
M12.39,2,4,8.261757157404401e-12,3.660271844787839e-11
M15.1,0,1,0.0,9.150679611969598e-12
M26.69,91,30,3.7590995066190024e-10,2.7452038835908793e-10
M63.811,0,1,0.0,9.150679611969598e-12
M79.81,1,4,4.1308785787022006e-12,3.660271844787839e-11
M84.371S,0,1,0.0,9.150679611969598e-12
N39.43,2,1,8.261757157404401e-12,9.150679611969598e-12
N81.84,0,1,0.0,9.150679611969598e-12
R22.32,6,2,2.4785271472213203e-11,1.8301359223939195e-11
R49.9,1,0,4.1308785787022006e-12,0.0
R92.8,4,1,1.6523514314808802e-11,9.150679611969598e-12
S83.211D,0,3,0.0,2.7452038835908793e-11
S98.921S,0,1,0.0,9.150679611969598e-12
W34.00XA,0,1,0.0,9.150679611969598e-12
Z00.129,1,1,4.1308785787022006e-12,9.150679611969598e-12
Z89.611,54,77,2.230674432499188e-10,7.04602330121659e-10
F19.21,5,4,2.0654392893511e-11,3.660271844787839e-11
S22.41XD,1,4,4.1308785787022006e-12,3.660271844787839e-11
S51.801A,1,1,4.1308785787022006e-12,9.150679611969598e-12
G44.201,108,29,4.461348864998376e-10,2.653697087471183e-10
H54.8,43,14,1.7762777888419461e-10,1.2810951456757437e-10
I69.322,28,2,1.1566460020366161e-10,1.8301359223939195e-11
M13.80,95,57,3.92433464976709e-10,5.21588737882267e-10
G47.63,79,12,3.2633940771747383e-10,1.0980815534363517e-10
Z87.898,1,10,4.1308785787022006e-12,9.150679611969597e-11
K74.60,13,21,5.3701421523128606e-11,1.9216427185136153e-10
M65.332,54,10,2.230674432499188e-10,9.150679611969597e-11
M86.471,0,2,0.0,1.8301359223939195e-11
M86.9,5,33,2.0654392893511e-11,3.019724271949967e-10
R22.1,12,10,4.9570542944426407e-11,9.150679611969597e-11
S33.5XXS,35,30,1.4458075025457702e-10,2.7452038835908793e-10
S43.402A,0,2,0.0,1.8301359223939195e-11
G57.50,6,0,2.4785271472213203e-11,0.0
M48.8X6,12,6,4.9570542944426407e-11,5.4904077671817586e-11
M50.91,44,19,1.817586574628968e-10,1.7386291262742234e-10
Z90.710,6,0,2.4785271472213203e-11,0.0
Z95.2,2,1,8.261757157404401e-12,9.150679611969598e-12
Z96.611,9,8,3.7177907208319803e-11,7.320543689575678e-11
M75.111,116,43,4.791819151294553e-10,3.934792233146927e-10
M99.51,183,56,7.559507799025026e-10,5.124380582702975e-10
N39.498,34,0,1.404498716758748e-10,0.0
Q85.03,27,12,1.115337216249594e-10,1.0980815534363517e-10
Q89.8,7,0,2.8916150050915402e-11,0.0
R10.13,66,19,2.726379861943452e-10,1.7386291262742234e-10
R23.2,311,1,1.2847032379763844e-09,9.150679611969598e-12
R29.91,43,17,1.7762777888419461e-10,1.5556155340348316e-10
R39.15,136,0,5.617994867034992e-10,0.0
G25.2,45,25,1.8588953604159902e-10,2.2876699029923994e-10
B18.2,19,10,7.848669299534181e-11,9.150679611969597e-11
E87.5,4,0,1.6523514314808802e-11,0.0
K80.20,3,4,1.2392635736106602e-11,3.660271844787839e-11
L20.82,45,0,1.8588953604159902e-10,0.0
L50.5,5,0,2.0654392893511e-11,0.0
L57.0,21,26,8.674845015274621e-11,2.379176699112095e-10
L82.0,1,3,4.1308785787022006e-12,2.7452038835908793e-11
M02.9,15,1,6.1963178680533e-11,9.150679611969598e-12
M19.179,10,6,4.1308785787022e-11,5.4904077671817586e-11
M41.54,11,0,4.54396643657242e-11,0.0
M48.10,80,74,3.30470286296176e-10,6.771502912857501e-10
M99.31,18,2,7.435581441663961e-11,1.8301359223939195e-11
N93.9,12,15,4.9570542944426407e-11,1.3726019417954397e-10
R07.81,38,35,1.5697338599068362e-10,3.202737864189359e-10
J18.9,5,11,2.0654392893511e-11,1.0065747573166556e-10
J84.10,22,25,9.08793287314484e-11,2.2876699029923994e-10
J84.9,26,4,1.0740284304625721e-10,3.660271844787839e-11
K12.0,0,1,0.0,9.150679611969598e-12
K20.0,18,4,7.435581441663961e-11,3.660271844787839e-11
K45.8,0,2,0.0,1.8301359223939195e-11
K70.9,13,2,5.3701421523128606e-11,1.8301359223939195e-11
L40.8,22,3,9.08793287314484e-11,2.7452038835908793e-11
L89.310,1,0,4.1308785787022006e-12,0.0
M13.161,2,4,8.261757157404401e-12,3.660271844787839e-11
M14.671,14,23,5.7832300101830805e-11,2.1046563107530072e-10
M19.222,0,1,0.0,9.150679611969598e-12
M1A.9XX0,12,28,4.9570542944426407e-11,2.5621902913514875e-10
M23.612,6,6,2.4785271472213203e-11,5.4904077671817586e-11
M25.361,2,2,8.261757157404401e-12,1.8301359223939195e-11
M65.322,9,2,3.7177907208319803e-11,1.8301359223939195e-11
M67.432,1,1,4.1308785787022006e-12,9.150679611969598e-12
M67.90,0,2,0.0,1.8301359223939195e-11
M67.921,1,1,4.1308785787022006e-12,9.150679611969598e-12
M75.100,17,21,7.02249358379374e-11,1.9216427185136153e-10
M75.22,45,18,1.8588953604159902e-10,1.6471223301545275e-10
M77.42,27,27,1.115337216249594e-10,2.4706834952317913e-10
M94.262,10,19,4.1308785787022e-11,1.7386291262742234e-10
N39.46,63,3,2.6024535045823864e-10,2.7452038835908793e-11
N48.1,3,2,1.2392635736106602e-11,1.8301359223939195e-11
N92.0,4,13,1.6523514314808802e-11,1.1895883495560475e-10
Q87.40,0,1,0.0,9.150679611969598e-12
R13.13,9,3,3.7177907208319803e-11,2.7452038835908793e-11
R22.2,1,5,4.1308785787022006e-12,4.5753398059847985e-11
R47.1,2,25,8.261757157404401e-12,2.2876699029923994e-10
R49.0,33,8,1.363189930971726e-10,7.320543689575678e-11
R62.7,4,7,1.6523514314808802e-11,6.405475728378719e-11
R68.89,61,270,2.519835933008342e-10,2.4706834952317913e-09
R93.7,4,2,1.6523514314808802e-11,1.8301359223939195e-11
R94.5,18,22,7.435581441663961e-11,2.0131495146333113e-10
S12.000S,2,2,8.261757157404401e-12,1.8301359223939195e-11
S83.92XS,0,2,0.0,1.8301359223939195e-11
S84.11XS,17,0,7.02249358379374e-11,0.0
S90.821A,1,0,4.1308785787022006e-12,0.0
G57.10,49,12,2.0241305035640782e-10,1.0980815534363517e-10
G72.41,34,18,1.404498716758748e-10,1.6471223301545275e-10
G80.0,3,0,1.2392635736106602e-11,0.0
G80.1,1,0,4.1308785787022006e-12,0.0
G90.3,14,1,5.7832300101830805e-11,9.150679611969598e-12
H57.13,6,3,2.4785271472213203e-11,2.7452038835908793e-11
H81.313,10,1,4.1308785787022e-11,9.150679611969598e-12
I21.4,3,6,1.2392635736106602e-11,5.4904077671817586e-11
I42.9,22,33,9.08793287314484e-11,3.019724271949967e-10
I63.30,2,0,8.261757157404401e-12,0.0
I63.332,5,0,2.0654392893511e-11,0.0
I69.151,4,0,1.6523514314808802e-11,0.0
I83.892,1,0,4.1308785787022006e-12,0.0
J01.81,4,1,1.6523514314808802e-11,9.150679611969598e-12
J41.0,4,2,1.6523514314808802e-11,1.8301359223939195e-11
K29.70,17,7,7.02249358379374e-11,6.405475728378719e-11
L20.81,2,1,8.261757157404401e-12,9.150679611969598e-12
L21.9,6,5,2.4785271472213203e-11,4.5753398059847985e-11
L60.0,6,8,2.4785271472213203e-11,7.320543689575678e-11
L98.8,3,3,1.2392635736106602e-11,2.7452038835908793e-11
M11.262,2,0,8.261757157404401e-12,0.0
M11.269,1,1,4.1308785787022006e-12,9.150679611969598e-12
M13.811,53,49,2.1893656467121662e-10,4.4838330098651025e-10
I42.0,1,7,4.1308785787022006e-12,6.405475728378719e-11
G54.2,38,2,1.5697338599068362e-10,1.8301359223939195e-11
K56.7,7,1,2.8916150050915402e-11,9.150679611969598e-12
M79.639,45,7,1.8588953604159902e-10,6.405475728378719e-11
G82.53,27,21,1.115337216249594e-10,1.9216427185136153e-10
I25.810,6,4,2.4785271472213203e-11,3.660271844787839e-11
K30.,21,3,8.674845015274621e-11,2.7452038835908793e-11
K70.30,9,19,3.7177907208319803e-11,1.7386291262742234e-10
K80.80,6,9,2.4785271472213203e-11,8.235611650772638e-11
L89.324,0,4,0.0,3.660271844787839e-11
L89.620,0,4,0.0,3.660271844787839e-11
S14.109S,20,12,8.2617571574044e-11,1.0980815534363517e-10
G44.319,24,1,9.914108588885281e-11,9.150679611969598e-12
C90.01,21,12,8.674845015274621e-11,1.0980815534363517e-10
S63.311D,1,0,4.1308785787022006e-12,0.0
M50.120,27,32,1.115337216249594e-10,2.928217475830271e-10
Z80.3,6,3,2.4785271472213203e-11,2.7452038835908793e-11
L50.9,9,2,3.7177907208319803e-11,1.8301359223939195e-11
I83.811,1,2,4.1308785787022006e-12,1.8301359223939195e-11
M25.542,657,208,2.7139872262073458e-09,1.903341359289676e-09
I48.19,1,3,4.1308785787022006e-12,2.7452038835908793e-11
S82.65XS,0,1,0.0,9.150679611969598e-12
H10.10,1,0,4.1308785787022006e-12,0.0
S46.291A,25,2,1.03271964467555e-10,1.8301359223939195e-11
M99.73,140,63,5.783230010183081e-10,5.764928155540846e-10
S84.11XA,4,0,1.6523514314808802e-11,0.0
G56.41,1,1,4.1308785787022006e-12,9.150679611969598e-12
M46.96,104,46,4.2961137218502885e-10,4.2093126215060144e-10
S32.030A,7,16,2.8916150050915402e-11,1.4641087379151356e-10
I27.82,0,1,0.0,9.150679611969598e-12
I70.213,16,11,6.609405725923521e-11,1.0065747573166556e-10
U09.9,215,43,8.881388944209731e-10,3.934792233146927e-10
R10.A2,4,3,1.6523514314808802e-11,2.7452038835908793e-11
G56.23,35,17,1.4458075025457702e-10,1.5556155340348316e-10
F40.01,42,28,1.7349690030549242e-10,2.5621902913514875e-10
G92.8,1,0,4.1308785787022006e-12,0.0
M50.223,13,0,5.3701421523128606e-11,0.0
F03.C0,0,1,0.0,9.150679611969598e-12
M40.204,12,1,4.9570542944426407e-11,9.150679611969598e-12
M16.4,26,14,1.0740284304625721e-10,1.2810951456757437e-10
Z04.89,97,10,4.0069522213411345e-10,9.150679611969597e-11
F19.10,203,11,8.385683514765467e-10,1.0065747573166556e-10
S19.9XXS,4,1,1.6523514314808802e-11,9.150679611969598e-12
S22.008A,3,1,1.2392635736106602e-11,9.150679611969598e-12
S57.02XD,0,2,0.0,1.8301359223939195e-11
E89.0,12,9,4.9570542944426407e-11,8.235611650772638e-11
M53.82,40,23,1.65235143148088e-10,2.1046563107530072e-10
M53.9,23,15,9.501020731015061e-11,1.3726019417954397e-10
R31.0,6,13,2.4785271472213203e-11,1.1895883495560475e-10
R32.,163,18,6.733332083284587e-10,1.6471223301545275e-10
R45.851,42,21,1.7349690030549242e-10,1.9216427185136153e-10
R53.0,87,0,3.593864363470914e-10,0.0
S06.0X0D,8,3,3.3047028629617605e-11,2.7452038835908793e-11
S14.2XXS,10,3,4.1308785787022e-11,2.7452038835908793e-11
S32.000D,5,0,2.0654392893511e-11,0.0
S46.011S,36,9,1.4871162883327921e-10,8.235611650772638e-11
M77.40,81,65,3.346011648748782e-10,5.947941747780239e-10
M19.031,23,20,9.501020731015061e-11,1.8301359223939194e-10
S06.2X6A,1,0,4.1308785787022006e-12,0.0
D01.3,3,3,1.2392635736106602e-11,2.7452038835908793e-11
F90.2,34,15,1.404498716758748e-10,1.3726019417954397e-10
T45.1X5S,16,0,6.609405725923521e-11,0.0
T87.89,11,21,4.54396643657242e-11,1.9216427185136153e-10
T87.9,4,0,1.6523514314808802e-11,0.0
S22.089A,3,3,1.2392635736106602e-11,2.7452038835908793e-11
Z41.9,0,19,0.0,1.7386291262742234e-10
Z65.8,30,25,1.23926357361066e-10,2.2876699029923994e-10
Z79.01,20,29,8.2617571574044e-11,2.653697087471183e-10
Z86.718,3,8,1.2392635736106602e-11,7.320543689575678e-11
Z87.11,5,0,2.0654392893511e-11,0.0
D49.9,2,0,8.261757157404401e-12,0.0
F31.11,3,0,1.2392635736106602e-11,0.0
S76.011D,6,1,2.4785271472213203e-11,9.150679611969598e-12
S76.112D,4,0,1.6523514314808802e-11,0.0
G83.20,6,0,2.4785271472213203e-11,0.0
R87.810,3,3,1.2392635736106602e-11,2.7452038835908793e-11
S06.0X0A,21,9,8.674845015274621e-11,8.235611650772638e-11
S06.0X1A,16,8,6.609405725923521e-11,7.320543689575678e-11
S12.112A,1,0,4.1308785787022006e-12,0.0
S13.9XXD,5,0,2.0654392893511e-11,0.0
S14.105S,2,2,8.261757157404401e-12,1.8301359223939195e-11
A60.09,1,0,4.1308785787022006e-12,0.0
D59.9,3,0,1.2392635736106602e-11,0.0
F10.239,140,15,5.783230010183081e-10,1.3726019417954397e-10
F14.24,6,3,2.4785271472213203e-11,2.7452038835908793e-11
F29.,41,14,1.693660217267902e-10,1.2810951456757437e-10
S82.142S,1,0,4.1308785787022006e-12,0.0
S86.111A,2,2,8.261757157404401e-12,1.8301359223939195e-11
S93.402A,5,8,2.0654392893511e-11,7.320543689575678e-11
S93.491A,8,2,3.3047028629617605e-11,1.8301359223939195e-11
V49.40XA,1,0,4.1308785787022006e-12,0.0
S14.3XXD,39,8,1.6110426456938582e-10,7.320543689575678e-11
S16.9XXD,1,3,4.1308785787022006e-12,2.7452038835908793e-11
S32.2XXS,21,4,8.674845015274621e-11,3.660271844787839e-11
S40.912A,0,1,0.0,9.150679611969598e-12
S43.086S,0,1,0.0,9.150679611969598e-12
S46.019S,2,1,8.261757157404401e-12,9.150679611969598e-12
S46.091S,23,7,9.501020731015061e-11,6.405475728378719e-11
S72.92XD,1,0,4.1308785787022006e-12,0.0
X31.XXXS,0,1,0.0,9.150679611969598e-12
Z18.10,4,0,1.6523514314808802e-11,0.0
Z89.621,1,0,4.1308785787022006e-12,0.0
G13.0,53,5,2.1893656467121662e-10,4.5753398059847985e-11
S25.192A,1,0,4.1308785787022006e-12,0.0
S32.020S,11,4,4.54396643657242e-11,3.660271844787839e-11
S33.9XXS,2,1,8.261757157404401e-12,9.150679611969598e-12
S34.139S,1,0,4.1308785787022006e-12,0.0
S46.011A,35,8,1.4458075025457702e-10,7.320543689575678e-11
S54.02XA,6,1,2.4785271472213203e-11,9.150679611969598e-12
S72.8X2S,1,1,4.1308785787022006e-12,9.150679611969598e-12
S73.111S,1,0,4.1308785787022006e-12,0.0
S76.112A,4,0,1.6523514314808802e-11,0.0
K11.7,96,1,3.9656434355541125e-10,9.150679611969598e-12
K51.20,1,0,4.1308785787022006e-12,0.0
L97.511,0,1,0.0,9.150679611969598e-12
M05.79,16,55,6.609405725923521e-11,5.032873786583279e-10
M06.09,27,21,1.115337216249594e-10,1.9216427185136153e-10
M35.1,2,1,8.261757157404401e-12,9.150679611969598e-12
M75.21,63,32,2.6024535045823864e-10,2.928217475830271e-10
M41.35,7,3,2.8916150050915402e-11,2.7452038835908793e-11
M40.295,2,18,8.261757157404401e-12,1.6471223301545275e-10
F06.32,16,8,6.609405725923521e-11,7.320543689575678e-11
F10.24,73,25,3.015541362452606e-10,2.2876699029923994e-10
F10.99,50,9,2.0654392893511e-10,8.235611650772638e-11
M65.9,7,3,2.8916150050915402e-11,2.7452038835908793e-11
M76.32,91,7,3.7590995066190024e-10,6.405475728378719e-11
M19.132,4,10,1.6523514314808802e-11,9.150679611969597e-11
M20.42,3,8,1.2392635736106602e-11,7.320543689575678e-11
M25.662,9,5,3.7177907208319803e-11,4.5753398059847985e-11
M46.90,22,10,9.08793287314484e-11,9.150679611969597e-11
M48.24,3,0,1.2392635736106602e-11,0.0
M75.120,25,6,1.03271964467555e-10,5.4904077671817586e-11
M84.50XA,1,0,4.1308785787022006e-12,0.0
M86.611,1,1,4.1308785787022006e-12,9.150679611969598e-12
M89.30,1,0,4.1308785787022006e-12,0.0
M94.9,1,0,4.1308785787022006e-12,0.0
S91.102D,0,8,0.0,7.320543689575678e-11
G31.83,15,9,6.1963178680533e-11,8.235611650772638e-11
G44.019,33,24,1.363189930971726e-10,2.1961631068727034e-10
G97.82,2,1,8.261757157404401e-12,9.150679611969598e-12
H65.23,3,0,1.2392635736106602e-11,0.0
M21.751,15,1,6.1963178680533e-11,9.150679611969598e-12
M21.752,3,0,1.2392635736106602e-11,0.0
L84.,9,9,3.7177907208319803e-11,8.235611650772638e-11
M13.872,9,15,3.7177907208319803e-11,1.3726019417954397e-10
M19.272,2,19,8.261757157404401e-12,1.7386291262742234e-10
M20.5X9,0,4,0.0,3.660271844787839e-11
E56.9,15,14,6.1963178680533e-11,1.2810951456757437e-10
E61.1,5,10,2.0654392893511e-11,9.150679611969597e-11
E66.8,88,37,3.635173149257936e-10,3.3857514564287507e-10
F40.10,20,6,8.2617571574044e-11,5.4904077671817586e-11
B35.3,13,14,5.3701421523128606e-11,1.2810951456757437e-10
M50.020,34,14,1.404498716758748e-10,1.2810951456757437e-10
K02.53,2,2,8.261757157404401e-12,1.8301359223939195e-11
D64.89,5,1,2.0654392893511e-11,9.150679611969598e-12
S06.0X0S,34,16,1.404498716758748e-10,1.4641087379151356e-10
C32.9,4,5,1.6523514314808802e-11,4.5753398059847985e-11
N50.82,105,36,4.3374225076373104e-10,3.294244660309055e-10
M47.14,16,4,6.609405725923521e-11,3.660271844787839e-11
M95.3,0,10,0.0,9.150679611969597e-11
H61.23,12,24,4.9570542944426407e-11,2.1961631068727034e-10
C01.,4,5,1.6523514314808802e-11,4.5753398059847985e-11
F17.213,34,10,1.404498716758748e-10,9.150679611969597e-11
Z95.1,21,2,8.674845015274621e-11,1.8301359223939195e-11
Q07.00,24,5,9.914108588885281e-11,4.5753398059847985e-11
M65.331,36,8,1.4871162883327921e-10,7.320543689575678e-11
F32.A,2240,688,9.25316801629293e-09,6.295667573035083e-09
H93.3X1,0,7,0.0,6.405475728378719e-11
C50.912,12,6,4.9570542944426407e-11,5.4904077671817586e-11
R74.8,3,4,1.2392635736106602e-11,3.660271844787839e-11
Z71.6,89,10,3.6764819350449586e-10,9.150679611969597e-11
G61.1,44,10,1.817586574628968e-10,9.150679611969597e-11
M24.542,18,3,7.435581441663961e-11,2.7452038835908793e-11
M51.379,98,39,4.0482610071281564e-10,3.568765048668143e-10
H92.03,15,19,6.1963178680533e-11,1.7386291262742234e-10
M23.91,13,4,5.3701421523128606e-11,3.660271844787839e-11
M53.86,28,15,1.1566460020366161e-10,1.3726019417954397e-10
M84.359S,0,4,0.0,3.660271844787839e-11
N43.2,2,2,8.261757157404401e-12,1.8301359223939195e-11
Q76.3,8,1,3.3047028629617605e-11,9.150679611969598e-12
A53.0,1,1,4.1308785787022006e-12,9.150679611969598e-12
B97.4,3,0,1.2392635736106602e-11,0.0
C14.8,0,5,0.0,4.5753398059847985e-11
C20.,11,7,4.54396643657242e-11,6.405475728378719e-11
C22.1,1,0,4.1308785787022006e-12,0.0
C44.49,2,1,8.261757157404401e-12,9.150679611969598e-12
C64.9,5,8,2.0654392893511e-11,7.320543689575678e-11
D09.0,18,11,7.435581441663961e-11,1.0065747573166556e-10
F12.19,9,1,3.7177907208319803e-11,9.150679611969598e-12
F12.20,237,31,9.790182231524214e-10,2.836710679710575e-10
F14.10,83,17,3.4286292203228265e-10,1.5556155340348316e-10
F14.21,49,6,2.0241305035640782e-10,5.4904077671817586e-11
F14.90,15,4,6.1963178680533e-11,3.660271844787839e-11
F15.20,540,79,2.2306744324991883e-09,7.229036893455981e-10
F15.24,4,3,1.6523514314808802e-11,2.7452038835908793e-11
F15.99,11,2,4.54396643657242e-11,1.8301359223939195e-11
F17.219,92,8,3.8004082924060243e-10,7.320543689575678e-11
F20.89,11,4,4.54396643657242e-11,3.660271844787839e-11
F31.0,14,1,5.7832300101830805e-11,9.150679611969598e-12
F31.32,52,33,2.1480568609251442e-10,3.019724271949967e-10
F31.60,13,15,5.3701421523128606e-11,1.3726019417954397e-10
F31.61,15,7,6.1963178680533e-11,6.405475728378719e-11
F31.62,10,8,4.1308785787022e-11,7.320543689575678e-11
F31.77,8,1,3.3047028629617605e-11,9.150679611969598e-12
F32.2,28,14,1.1566460020366161e-10,1.2810951456757437e-10
F32.3,12,4,4.9570542944426407e-11,3.660271844787839e-11
F32.5,18,10,7.435581441663961e-11,9.150679611969597e-11
F43.29,7,14,2.8916150050915402e-11,1.2810951456757437e-10
F45.22,0,1,0.0,9.150679611969598e-12
F51.02,29,9,1.1979547878236381e-10,8.235611650772638e-11
F60.5,4,3,1.6523514314808802e-11,2.7452038835908793e-11
I27.0,6,1,2.4785271472213203e-11,9.150679611969598e-12
I34.0,2,2,8.261757157404401e-12,1.8301359223939195e-11
I48.3,8,5,3.3047028629617605e-11,4.5753398059847985e-11
I50.40,2,4,8.261757157404401e-12,3.660271844787839e-11
I63.6,0,1,0.0,9.150679611969598e-12
I67.81,3,1,1.2392635736106602e-11,9.150679611969598e-12
I69.353,11,2,4.54396643657242e-11,1.8301359223939195e-11
I77.9,17,33,7.02249358379374e-11,3.019724271949967e-10
I82.591,1,5,4.1308785787022006e-12,4.5753398059847985e-11
I83.93,3,1,1.2392635736106602e-11,9.150679611969598e-12
I95.9,12,19,4.9570542944426407e-11,1.7386291262742234e-10
J32.1,67,5,2.767688647730474e-10,4.5753398059847985e-11
J44.1,31,13,1.280572359397682e-10,1.1895883495560475e-10
J45.998,131,19,5.411450938099882e-10,1.7386291262742234e-10
J93.83,2,1,8.261757157404401e-12,9.150679611969598e-12
K29.60,7,0,2.8916150050915402e-11,0.0
K31.89,1,0,4.1308785787022006e-12,0.0
K43.9,3,8,1.2392635736106602e-11,7.320543689575678e-11
K50.819,6,1,2.4785271472213203e-11,9.150679611969598e-12
M34.89,4,1,1.6523514314808802e-11,9.150679611969598e-12
M41.26,128,7,5.287524580738817e-10,6.405475728378719e-11
M46.42,16,18,6.609405725923521e-11,1.6471223301545275e-10
M50.23,19,3,7.848669299534181e-11,2.7452038835908793e-11
G43.801,61,50,2.519835933008342e-10,4.575339805984799e-10
H26.8,8,1,3.3047028629617605e-11,9.150679611969598e-12
H26.9,16,8,6.609405725923521e-11,7.320543689575678e-11
H35.413,0,8,0.0,7.320543689575678e-11
H52.4,5,1,2.0654392893511e-11,9.150679611969598e-12
H53.30,7,2,2.8916150050915402e-11,1.8301359223939195e-11
H53.9,8,0,3.3047028629617605e-11,0.0
H81.12,25,4,1.03271964467555e-10,3.660271844787839e-11
H81.13,59,13,2.437218361434298e-10,1.1895883495560475e-10
H81.8X1,3,0,1.2392635736106602e-11,0.0
M1A.9XX1,2,8,8.261757157404401e-12,7.320543689575678e-11
M21.069,1,1,4.1308785787022006e-12,9.150679611969598e-12
M23.92,10,15,4.1308785787022e-11,1.3726019417954397e-10
M24.532,2,0,8.261757157404401e-12,0.0
M24.812,16,13,6.609405725923521e-11,1.1895883495560475e-10
R68.82,55,18,2.2719832182862103e-10,1.6471223301545275e-10
I47.10,3,2,1.2392635736106602e-11,1.8301359223939195e-11
L20.9,16,3,6.609405725923521e-11,2.7452038835908793e-11
M53.0,101,3,4.172187364489222e-10,2.7452038835908793e-11
R43.9,18,1,7.435581441663961e-11,9.150679611969598e-12
S22.080S,34,11,1.404498716758748e-10,1.0065747573166556e-10
N91.5,1,0,4.1308785787022006e-12,0.0
J63.4,2,0,8.261757157404401e-12,0.0
S82.854S,0,1,0.0,9.150679611969598e-12
S83.241A,4,2,1.6523514314808802e-11,1.8301359223939195e-11
G57.01,43,5,1.7762777888419461e-10,4.5753398059847985e-11
J84.170,4,6,1.6523514314808802e-11,5.4904077671817586e-11
G57.03,5,5,2.0654392893511e-11,4.5753398059847985e-11
S33.2XXA,6,0,2.4785271472213203e-11,0.0
I87.303,1,0,4.1308785787022006e-12,0.0
M50.221,20,2,8.2617571574044e-11,1.8301359223939195e-11
M79.12,636,30,2.6272387760545996e-09,2.7452038835908793e-10
R63.5,21,5,8.674845015274621e-11,4.5753398059847985e-11
M99.9,4,4,1.6523514314808802e-11,3.660271844787839e-11
M13.819,36,39,1.4871162883327921e-10,3.568765048668143e-10
M25.549,864,334,3.569079091998701e-09,3.0563269903978453e-09
N63.20,0,1,0.0,9.150679611969598e-12
M46.02,8,3,3.3047028629617605e-11,2.7452038835908793e-11
G61.82,113,35,4.667892793933486e-10,3.202737864189359e-10
C49.9,3,2,1.2392635736106602e-11,1.8301359223939195e-11
I61.0,13,1,5.3701421523128606e-11,9.150679611969598e-12
M26.629,61,64,2.519835933008342e-10,5.856434951660542e-10
M62.59,13,0,5.3701421523128606e-11,0.0
F17.218,121,8,4.998363080229663e-10,7.320543689575678e-11
G95.0,44,15,1.817586574628968e-10,1.3726019417954397e-10
C19.,3,1,1.2392635736106602e-11,9.150679611969598e-12
R07.0,54,23,2.230674432499188e-10,2.1046563107530072e-10
F60.9,15,4,6.1963178680533e-11,3.660271844787839e-11
F80.81,2,0,8.261757157404401e-12,0.0
F90.8,11,8,4.54396643657242e-11,7.320543689575678e-11
G24.3,87,24,3.593864363470914e-10,2.1961631068727034e-10
Z71.3,106,38,4.3787312934243323e-10,3.477258252548447e-10
I96.,2,0,8.261757157404401e-12,0.0
M80.872D,0,1,0.0,9.150679611969598e-12
Z01.419,19,38,7.848669299534181e-11,3.477258252548447e-10
Z46.0,5,1,2.0654392893511e-11,9.150679611969598e-12
Z48.22,1,1,4.1308785787022006e-12,9.150679611969598e-12
Z85.46,7,2,2.8916150050915402e-11,1.8301359223939195e-11
Z89.9,2,29,8.261757157404401e-12,2.653697087471183e-10
Z90.13,4,2,1.6523514314808802e-11,1.8301359223939195e-11
Z90.89,8,14,3.3047028629617605e-11,1.2810951456757437e-10
Z94.1,2,1,8.261757157404401e-12,9.150679611969598e-12
B00.9,7,8,2.8916150050915402e-11,7.320543689575678e-11
B18.0,0,1,0.0,9.150679611969598e-12
B38.9,0,1,0.0,9.150679611969598e-12
C21.0,1,2,4.1308785787022006e-12,1.8301359223939195e-11
C25.9,8,13,3.3047028629617605e-11,1.1895883495560475e-10
C44.520,2,0,8.261757157404401e-12,0.0
C78.2,3,1,1.2392635736106602e-11,9.150679611969598e-12
C79.31,3,3,1.2392635736106602e-11,2.7452038835908793e-11
C81.90,16,2,6.609405725923521e-11,1.8301359223939195e-11
D01.7,0,1,0.0,9.150679611969598e-12
D14.0,1,0,4.1308785787022006e-12,0.0
D73.1,1,0,4.1308785787022006e-12,0.0
E23.7,0,1,0.0,9.150679611969598e-12
F06.2,1,1,4.1308785787022006e-12,9.150679611969598e-12
F11.24,6,1,2.4785271472213203e-11,9.150679611969598e-12
F12.21,10,4,4.1308785787022e-11,3.660271844787839e-11
F15.250,2,3,8.261757157404401e-12,2.7452038835908793e-11
F15.288,7,1,2.8916150050915402e-11,9.150679611969598e-12
F19.19,2,0,8.261757157404401e-12,0.0
F24.,1,0,4.1308785787022006e-12,0.0
F30.2,0,1,0.0,9.150679611969598e-12
F40.02,2,2,8.261757157404401e-12,1.8301359223939195e-11
G03.8,0,1,0.0,9.150679611969598e-12
G36.0,2,1,8.261757157404401e-12,9.150679611969598e-12
C22.0,69,21,2.850306219304518e-10,1.9216427185136153e-10
G57.60,2,6,8.261757157404401e-12,5.4904077671817586e-11
L50.8,4,1,1.6523514314808802e-11,9.150679611969598e-12
L56.8,10,0,4.1308785787022e-11,0.0
L89.154,3,2,1.2392635736106602e-11,1.8301359223939195e-11
L90.9,1,0,4.1308785787022006e-12,0.0
M05.20,3,8,1.2392635736106602e-11,7.320543689575678e-11
M12.519,8,4,3.3047028629617605e-11,3.660271844787839e-11
M12.88,2,0,8.261757157404401e-12,0.0
M14.672,11,3,4.54396643657242e-11,2.7452038835908793e-11
M51.35,147,63,6.072391510692235e-10,5.764928155540846e-10
R50.9,3,4,1.2392635736106602e-11,3.660271844787839e-11
S06.0X1S,14,8,5.7832300101830805e-11,7.320543689575678e-11
S06.0X9S,1,10,4.1308785787022006e-12,9.150679611969597e-11
S14.3XXS,53,9,2.1893656467121662e-10,8.235611650772638e-11
S19.9XXD,8,4,3.3047028629617605e-11,3.660271844787839e-11
S22.060G,20,0,8.2617571574044e-11,0.0
S22.49XS,1,1,4.1308785787022006e-12,9.150679611969598e-12
S23.3XXS,3,0,1.2392635736106602e-11,0.0
S23.41XA,14,10,5.7832300101830805e-11,9.150679611969597e-11
S33.6XXD,278,34,1.1483842448792117e-09,3.111231068069663e-10
S34.109D,1,10,4.1308785787022006e-12,9.150679611969597e-11
S34.6XXS,13,0,5.3701421523128606e-11,0.0
S37.29XS,1,0,4.1308785787022006e-12,0.0
S49.82XS,1,0,4.1308785787022006e-12,0.0
S54.02XS,9,1,3.7177907208319803e-11,9.150679611969598e-12
S59.802A,1,1,4.1308785787022006e-12,9.150679611969598e-12
S63.8X2S,3,0,1.2392635736106602e-11,0.0
S72.8X2D,0,17,0.0,1.5556155340348316e-10
M99.07,58,2,2.3959095756472763e-10,1.8301359223939195e-11
H91.21,1,0,4.1308785787022006e-12,0.0
I24.9,1,1,4.1308785787022006e-12,9.150679611969598e-12
I25.84,1,4,4.1308785787022006e-12,3.660271844787839e-11
I47.2,2,0,8.261757157404401e-12,0.0
I70.212,5,2,2.0654392893511e-11,1.8301359223939195e-11
I71.9,2,7,8.261757157404401e-12,6.405475728378719e-11
J37.0,2,0,8.261757157404401e-12,0.0
J45.991,8,5,3.3047028629617605e-11,4.5753398059847985e-11
K05.10,1,0,4.1308785787022006e-12,0.0
K40.21,2,27,8.261757157404401e-12,2.4706834952317913e-10
K46.9,7,5,2.8916150050915402e-11,4.5753398059847985e-11
K59.01,8,1,3.3047028629617605e-11,9.150679611969598e-12
K64.1,2,2,8.261757157404401e-12,1.8301359223939195e-11
L03.032,3,2,1.2392635736106602e-11,1.8301359223939195e-11
L58.1,1,0,4.1308785787022006e-12,0.0
M16.2,10,20,4.1308785787022e-11,1.8301359223939194e-10
M24.28,0,1,0.0,9.150679611969598e-12
M24.569,0,1,0.0,9.150679611969598e-12
M30.1,1,1,4.1308785787022006e-12,9.150679611969598e-12
M46.22,0,2,0.0,1.8301359223939195e-11
M47.10,11,6,4.54396643657242e-11,5.4904077671817586e-11
M65.812,27,0,1.115337216249594e-10,0.0
M67.829,7,2,2.8916150050915402e-11,1.8301359223939195e-11
M77.02,82,15,3.387320434535804e-10,1.3726019417954397e-10
M77.41,24,23,9.914108588885281e-11,2.1046563107530072e-10
R11.10,8,1,3.3047028629617605e-11,9.150679611969598e-12
R14.2,1,1,4.1308785787022006e-12,9.150679611969598e-12
R17.,2,0,8.261757157404401e-12,0.0
R30.0,56,8,2.3132920040732322e-10,7.320543689575678e-11
R33.8,37,1,1.528425074119814e-10,9.150679611969598e-12
M99.04,977,39,4.0358683713920495e-09,3.568765048668143e-10
K58.2,148,17,6.113700296479256e-10,1.5556155340348316e-10
I25.119,19,26,7.848669299534181e-11,2.379176699112095e-10
G47.411,6,2,2.4785271472213203e-11,1.8301359223939195e-11
F10.231,1,0,4.1308785787022006e-12,0.0
S42.201S,1,1,4.1308785787022006e-12,9.150679611969598e-12
M99.33,195,46,8.05521322846929e-10,4.2093126215060144e-10
R69.,40,18,1.65235143148088e-10,1.6471223301545275e-10
Q79.60,49,23,2.0241305035640782e-10,2.1046563107530072e-10
S13.9XXA,60,14,2.47852714722132e-10,1.2810951456757437e-10
C78.89,2,0,8.261757157404401e-12,0.0
S91.332A,0,1,0.0,9.150679611969598e-12
M23.8X1,4,28,1.6523514314808802e-11,2.5621902913514875e-10
F10.90,89,52,3.6764819350449586e-10,4.75835339822419e-10
D02.22,2,1,8.261757157404401e-12,9.150679611969598e-12
F07.81,13,11,5.3701421523128606e-11,1.0065747573166556e-10
H93.A9,8,3,3.3047028629617605e-11,2.7452038835908793e-11
H81.11,6,7,2.4785271472213203e-11,6.405475728378719e-11
M26.603,225,42,9.294476802079951e-10,3.8432854370272307e-10
G51.4,2,2,8.261757157404401e-12,1.8301359223939195e-11
S62.316A,0,1,0.0,9.150679611969598e-12
M15.4,22,4,9.08793287314484e-11,3.660271844787839e-11
S83.92XA,6,4,2.4785271472213203e-11,3.660271844787839e-11
K13.70,1,0,4.1308785787022006e-12,0.0
G24.4,10,1,4.1308785787022e-11,9.150679611969598e-12
C7A.8,1,5,4.1308785787022006e-12,4.5753398059847985e-11
G11.9,0,2,0.0,1.8301359223939195e-11
Z92.21,5,1,2.0654392893511e-11,9.150679611969598e-12
H91.90,20,10,8.2617571574044e-11,9.150679611969597e-11
D09.9,1,1,4.1308785787022006e-12,9.150679611969598e-12
G90.4,3,4,1.2392635736106602e-11,3.660271844787839e-11
L89.619,3,0,1.2392635736106602e-11,0.0
L89.90,4,0,1.6523514314808802e-11,0.0
M21.41,22,3,9.08793287314484e-11,2.7452038835908793e-11
M62.462,9,0,3.7177907208319803e-11,0.0
M76.00,17,8,7.02249358379374e-11,7.320543689575678e-11
M86.60,1,4,4.1308785787022006e-12,3.660271844787839e-11
N18.9,100,26,4.1308785787022e-10,2.379176699112095e-10
N33.,3,0,1.2392635736106602e-11,0.0
N36.42,1,0,4.1308785787022006e-12,0.0
N64.89,1,0,4.1308785787022006e-12,0.0
N77.1,2,0,8.261757157404401e-12,0.0
P04.2,1,0,4.1308785787022006e-12,0.0
Q66.51,7,8,2.8916150050915402e-11,7.320543689575678e-11
R18.8,9,0,3.7177907208319803e-11,0.0
R25.3,18,2,7.435581441663961e-11,1.8301359223939195e-11
R41.81,10,7,4.1308785787022e-11,6.405475728378719e-11
S00.00XD,0,1,0.0,9.150679611969598e-12
S06.5X1S,1,0,4.1308785787022006e-12,0.0
S12.300S,0,1,0.0,9.150679611969598e-12
S22.41XA,4,2,1.6523514314808802e-11,1.8301359223939195e-11
S29.012D,11,5,4.54396643657242e-11,4.5753398059847985e-11
S42.251G,0,1,0.0,9.150679611969598e-12
S46.002S,13,3,5.3701421523128606e-11,2.7452038835908793e-11
S46.101D,0,1,0.0,9.150679611969598e-12
S46.102A,2,3,8.261757157404401e-12,2.7452038835908793e-11
S63.591A,2,0,8.261757157404401e-12,0.0
S63.92XD,1,0,4.1308785787022006e-12,0.0
S72.302D,1,0,4.1308785787022006e-12,0.0
S76.202S,1,0,4.1308785787022006e-12,0.0
S76.211A,4,2,1.6523514314808802e-11,1.8301359223939195e-11
Z46.89,4,3,1.6523514314808802e-11,2.7452038835908793e-11
G57.61,14,0,5.7832300101830805e-11,0.0
I87.1,1,2,4.1308785787022006e-12,1.8301359223939195e-11
F43.8,152,3,6.278935439627345e-10,2.7452038835908793e-11
F64.9,26,4,1.0740284304625721e-10,3.660271844787839e-11
F19.230,1,0,4.1308785787022006e-12,0.0
F31.63,10,5,4.1308785787022e-11,4.5753398059847985e-11
F31.73,9,7,3.7177907208319803e-11,6.405475728378719e-11
F40.11,5,1,2.0654392893511e-11,9.150679611969598e-12
F70.,1,0,4.1308785787022006e-12,0.0
I69.893,1,0,4.1308785787022006e-12,0.0
I77.74,0,2,0.0,1.8301359223939195e-11
K51.919,6,4,2.4785271472213203e-11,3.660271844787839e-11
M14.80,1,0,4.1308785787022006e-12,0.0
M24.851,6,14,2.4785271472213203e-11,1.2810951456757437e-10
M46.03,7,0,2.8916150050915402e-11,0.0
M46.05,2,0,8.261757157404401e-12,0.0
M48.19,47,10,1.941512931990034e-10,9.150679611969597e-11
M65.842,24,0,9.914108588885281e-11,0.0
M77.00,36,23,1.4871162883327921e-10,2.1046563107530072e-10
M85.88,2,1,8.261757157404401e-12,9.150679611969598e-12
R09.81,195,9,8.05521322846929e-10,8.235611650772638e-11
B35.6,3,2,1.2392635736106602e-11,1.8301359223939195e-11
D17.5,11,0,4.54396643657242e-11,0.0
D41.01,1,0,4.1308785787022006e-12,0.0
D41.02,1,0,4.1308785787022006e-12,0.0
D50.0,10,7,4.1308785787022e-11,6.405475728378719e-11
D86.89,22,1,9.08793287314484e-11,9.150679611969598e-12
M99.81,507,85,2.0943554394020156e-09,7.778077670174158e-10
M71.20,2,1,8.261757157404401e-12,9.150679611969598e-12
L30.9,57,10,2.3546007898602544e-10,9.150679611969597e-11
L74.52,5,0,2.0654392893511e-11,0.0
M99.18,13,0,5.3701421523128606e-11,0.0
M67.839,1,1,4.1308785787022006e-12,9.150679611969598e-12
M87.9,9,4,3.7177907208319803e-11,3.660271844787839e-11
N41.1,25,3,1.03271964467555e-10,2.7452038835908793e-11
N52.1,0,3,0.0,2.7452038835908793e-11
Q85.00,1,1,4.1308785787022006e-12,9.150679611969598e-12
R31.1,1,0,4.1308785787022006e-12,0.0
R68.83,3,0,1.2392635736106602e-11,0.0
R99.,1,0,4.1308785787022006e-12,0.0
S12.191A,1,1,4.1308785787022006e-12,9.150679611969598e-12
S32.050S,2,3,8.261757157404401e-12,2.7452038835908793e-11
S43.302S,1,0,4.1308785787022006e-12,0.0
S43.429D,4,0,1.6523514314808802e-11,0.0
S43.62XS,1,0,4.1308785787022006e-12,0.0
S46.001D,14,1,5.7832300101830805e-11,9.150679611969598e-12
S52.572A,2,0,8.261757157404401e-12,0.0
S54.00XS,1,0,4.1308785787022006e-12,0.0
S67.21XD,2,0,8.261757157404401e-12,0.0
S74.02XA,0,2,0.0,1.8301359223939195e-11
H33.002,2,0,8.261757157404401e-12,0.0
H40.89,12,2,4.9570542944426407e-11,1.8301359223939195e-11
M27.2,8,0,3.3047028629617605e-11,0.0
M47.25,12,1,4.9570542944426407e-11,9.150679611969598e-12
B02.8,51,7,2.106748075138122e-10,6.405475728378719e-11
C56.9,4,0,1.6523514314808802e-11,0.0
D81.89,19,0,7.848669299534181e-11,0.0
F02.81,18,0,7.435581441663961e-11,0.0
F11.29,12,7,4.9570542944426407e-11,6.405475728378719e-11
S46.811D,2,0,8.261757157404401e-12,0.0
S54.01XS,3,1,1.2392635736106602e-11,9.150679611969598e-12
E13.39,1,0,4.1308785787022006e-12,0.0
F11.93,4,2,1.6523514314808802e-11,1.8301359223939195e-11
F12.220,1,0,4.1308785787022006e-12,0.0
F15.150,1,0,4.1308785787022006e-12,0.0
F15.259,12,2,4.9570542944426407e-11,1.8301359223939195e-11
F16.20,4,0,1.6523514314808802e-11,0.0
G44.40,6,9,2.4785271472213203e-11,8.235611650772638e-11
M41.25,16,5,6.609405725923521e-11,4.5753398059847985e-11
M41.30,3,0,1.2392635736106602e-11,0.0
N39.0,28,49,1.1566460020366161e-10,4.4838330098651025e-10
R06.2,5,3,2.0654392893511e-11,2.7452038835908793e-11
Z95.0,10,8,4.1308785787022e-11,7.320543689575678e-11
G21.4,9,2,3.7177907208319803e-11,1.8301359223939195e-11
H93.A3,37,9,1.528425074119814e-10,8.235611650772638e-11
S46.192D,1,0,4.1308785787022006e-12,0.0
M87.052,65,2,2.6850710761564303e-10,1.8301359223939195e-11
F01.54,0,1,0.0,9.150679611969598e-12
S42.017D,10,0,4.1308785787022e-11,0.0
G43.821,5,0,2.0654392893511e-11,0.0
L08.9,4,5,1.6523514314808802e-11,4.5753398059847985e-11
F80.1,2,0,8.261757157404401e-12,0.0
E03.8,6,6,2.4785271472213203e-11,5.4904077671817586e-11
M47.23,60,15,2.47852714722132e-10,1.3726019417954397e-10
K22.70,19,17,7.848669299534181e-11,1.5556155340348316e-10
M87.851,2,5,8.261757157404401e-12,4.5753398059847985e-11
M50.322,750,73,3.0981589340266503e-09,6.679996116737806e-10
E83.30,0,1,0.0,9.150679611969598e-12
S94.8X1A,1,0,4.1308785787022006e-12,0.0
E13.9,5,10,2.0654392893511e-11,9.150679611969597e-11
M99.86,24,2,9.914108588885281e-11,1.8301359223939195e-11
S14.8XXD,0,5,0.0,4.5753398059847985e-11
S44.01XS,4,0,1.6523514314808802e-11,0.0
M86.18,1,0,4.1308785787022006e-12,0.0
Z73.82,25,0,1.03271964467555e-10,0.0
M76.52,16,4,6.609405725923521e-11,3.660271844787839e-11
R23.1,5,0,2.0654392893511e-11,0.0
S24.103D,2,4,8.261757157404401e-12,3.660271844787839e-11
G57.93,85,29,3.5112467918968703e-10,2.653697087471183e-10
K61.1,3,3,1.2392635736106602e-11,2.7452038835908793e-11
S83.212A,0,1,0.0,9.150679611969598e-12
G20.B2,116,37,4.791819151294553e-10,3.3857514564287507e-10
G47.429,4,3,1.6523514314808802e-11,2.7452038835908793e-11
M33.20,4,0,1.6523514314808802e-11,0.0
Z86.31,6,12,2.4785271472213203e-11,1.0980815534363517e-10
N31.8,21,8,8.674845015274621e-11,7.320543689575678e-11
B07.0,0,7,0.0,6.405475728378719e-11
S54.01XD,12,0,4.9570542944426407e-11,0.0
S32.000A,11,16,4.54396643657242e-11,1.4641087379151356e-10
F14.20,954,68,3.940858164081899e-09,6.222462136139326e-10
E27.3,1,1,4.1308785787022006e-12,9.150679611969598e-12
D50.9,29,44,1.1979547878236381e-10,4.0262990292666226e-10
M46.97,62,2,2.561144718795364e-10,1.8301359223939195e-11
K70.0,5,5,2.0654392893511e-11,4.5753398059847985e-11
M24.852,3,1,1.2392635736106602e-11,9.150679611969598e-12
F17.290,125,24,5.16359822337775e-10,2.1961631068727034e-10
S81.802D,1,5,4.1308785787022006e-12,4.5753398059847985e-11
S83.232S,7,3,2.8916150050915402e-11,2.7452038835908793e-11
S83.282D,2,1,8.261757157404401e-12,9.150679611969598e-12
S83.91XA,1,6,4.1308785787022006e-12,5.4904077671817586e-11
S88.011D,1,2,4.1308785787022006e-12,1.8301359223939195e-11
S88.119S,4,2,1.6523514314808802e-11,1.8301359223939195e-11
W19.XXXS,4,1,1.6523514314808802e-11,9.150679611969598e-12
Z62.820,1,0,4.1308785787022006e-12,0.0
I69.352,36,1,1.4871162883327921e-10,9.150679611969598e-12
I69.359,97,3,4.0069522213411345e-10,2.7452038835908793e-11
K22.4,7,3,2.8916150050915402e-11,2.7452038835908793e-11
K22.719,27,7,1.115337216249594e-10,6.405475728378719e-11
K92.9,2,1,8.261757157404401e-12,9.150679611969598e-12
L30.0,2,1,8.261757157404401e-12,9.150679611969598e-12
M11.29,3,0,1.2392635736106602e-11,0.0
M16.10,10,8,4.1308785787022e-11,7.320543689575678e-11
R79.9,11,1,4.54396643657242e-11,9.150679611969598e-12
S83.211S,4,1,1.6523514314808802e-11,9.150679611969598e-12
S92.355A,1,0,4.1308785787022006e-12,0.0
T76.21XS,2,0,8.261757157404401e-12,0.0
S93.491S,4,0,1.6523514314808802e-11,0.0
F01.50,21,8,8.674845015274621e-11,7.320543689575678e-11
S23.9XXD,6,3,2.4785271472213203e-11,2.7452038835908793e-11
W01.198A,1,5,4.1308785787022006e-12,4.5753398059847985e-11
Z30.430,1,4,4.1308785787022006e-12,3.660271844787839e-11
Z72.51,1,0,4.1308785787022006e-12,0.0
Z76.0,26,27,1.0740284304625721e-10,2.4706834952317913e-10
Z87.892,0,1,0.0,9.150679611969598e-12
M99.88,23,1,9.501020731015061e-11,9.150679611969598e-12
S86.091D,1,0,4.1308785787022006e-12,0.0
Z71.2,15,6,6.1963178680533e-11,5.4904077671817586e-11
Z91.410,14,1,5.7832300101830805e-11,9.150679611969598e-12
W19.XXXA,15,6,6.1963178680533e-11,5.4904077671817586e-11
Z12.11,12,12,4.9570542944426407e-11,1.0980815534363517e-10
Z60.0,7,1,2.8916150050915402e-11,9.150679611969598e-12
Z74.1,10,8,4.1308785787022e-11,7.320543689575678e-11
Z86.59,13,7,5.3701421523128606e-11,6.405475728378719e-11
Z91.89,4,8,1.6523514314808802e-11,7.320543689575678e-11
B02.33,1,37,4.1308785787022006e-12,3.3857514564287507e-10
C15.5,4,8,1.6523514314808802e-11,7.320543689575678e-11
D41.4,1,3,4.1308785787022006e-12,2.7452038835908793e-11
E10.8,3,2,1.2392635736106602e-11,1.8301359223939195e-11
F10.120,3,1,1.2392635736106602e-11,9.150679611969598e-12
F17.211,74,8,3.056850148239628e-10,7.320543689575678e-11
F45.41,21,5,8.674845015274621e-11,4.5753398059847985e-11
F69.,4,1,1.6523514314808802e-11,9.150679611969598e-12
S22.32XD,1,2,4.1308785787022006e-12,1.8301359223939195e-11
S40.922A,0,1,0.0,9.150679611969598e-12
E78.1,8,4,3.3047028629617605e-11,3.660271844787839e-11
F31.75,3,2,1.2392635736106602e-11,1.8301359223939195e-11
G51.9,35,7,1.4458075025457702e-10,6.405475728378719e-11
G54.7,6,2,2.4785271472213203e-11,1.8301359223939195e-11
G57.12,95,16,3.92433464976709e-10,1.4641087379151356e-10
M80.08XS,6,4,2.4785271472213203e-11,3.660271844787839e-11
M80.80XS,3,1,1.2392635736106602e-11,9.150679611969598e-12
N19.,7,2,2.8916150050915402e-11,1.8301359223939195e-11
M26.602,113,30,4.667892793933486e-10,2.7452038835908793e-10
M26.609,392,236,1.6193044028512626e-09,2.159560388424825e-09
M50.321,291,22,1.2020856664023403e-09,2.0131495146333113e-10
G56.93,18,2,7.435581441663961e-11,1.8301359223939195e-11
M50.323,320,17,1.321881145184704e-09,1.5556155340348316e-10
M50.922,46,8,1.9002041462030122e-10,7.320543689575678e-11
M50.923,37,0,1.528425074119814e-10,0.0
K58.1,218,19,9.005315301570797e-10,1.7386291262742234e-10
N50.811,48,8,1.9828217177770563e-10,7.320543689575678e-11
G57.83,22,4,9.08793287314484e-11,3.660271844787839e-11
R39.82,55,11,2.2719832182862103e-10,1.0065747573166556e-10
Z20.818,1,0,4.1308785787022006e-12,0.0
Z20.828,1,1,4.1308785787022006e-12,9.150679611969598e-12
Z72.3,17,18,7.02249358379374e-11,1.6471223301545275e-10
Z85.51,1,0,4.1308785787022006e-12,0.0
E87.8,2,0,8.261757157404401e-12,0.0
R51.,1,0,4.1308785787022006e-12,0.0
M12.561,10,42,4.1308785787022e-11,3.8432854370272307e-10
S83.411D,7,0,2.8916150050915402e-11,0.0
G45.0,1,1,4.1308785787022006e-12,9.150679611969598e-12
H57.10,10,15,4.1308785787022e-11,1.3726019417954397e-10
M15.8,40,21,1.65235143148088e-10,1.9216427185136153e-10
M32.8,14,0,5.7832300101830805e-11,0.0
M65.339,2,0,8.261757157404401e-12,0.0
G65.0,24,25,9.914108588885281e-11,2.2876699029923994e-10
H02.403,1,1,4.1308785787022006e-12,9.150679611969598e-12
H52.13,4,1,1.6523514314808802e-11,9.150679611969598e-12
H81.392,2,0,8.261757157404401e-12,0.0
H92.02,32,45,1.3218811451847042e-10,4.117805825386319e-10
I47.1,5,5,2.0654392893511e-11,4.5753398059847985e-11
I49.3,3,1,1.2392635736106602e-11,9.150679611969598e-12
I50.30,5,11,2.0654392893511e-11,1.0065747573166556e-10
I63.511,2,0,8.261757157404401e-12,0.0
I70.263,1,0,4.1308785787022006e-12,0.0
K08.199,1,56,4.1308785787022006e-12,5.124380582702975e-10
K08.434,1,0,4.1308785787022006e-12,0.0
K13.21,1,0,4.1308785787022006e-12,0.0
K40.20,18,5,7.435581441663961e-11,4.5753398059847985e-11
K43.2,1,4,4.1308785787022006e-12,3.660271844787839e-11
L03.119,1,3,4.1308785787022006e-12,2.7452038835908793e-11
L30.1,1,1,4.1308785787022006e-12,9.150679611969598e-12
L72.0,5,7,2.0654392893511e-11,6.405475728378719e-11
L89.322,2,1,8.261757157404401e-12,9.150679611969598e-12
M11.239,14,1,5.7832300101830805e-11,9.150679611969598e-12
M17.5,36,23,1.4871162883327921e-10,2.1046563107530072e-10
M20.12,11,2,4.54396643657242e-11,1.8301359223939195e-11
M25.769,1,0,4.1308785787022006e-12,0.0
M35.03,1,0,4.1308785787022006e-12,0.0
M76.11,5,1,2.0654392893511e-11,9.150679611969598e-12
M79.A22,3,0,1.2392635736106602e-11,0.0
M79.A9,2,3,8.261757157404401e-12,2.7452038835908793e-11
N46.9,3,0,1.2392635736106602e-11,0.0
N80.3,9,0,3.7177907208319803e-11,0.0
N94.9,6,0,2.4785271472213203e-11,0.0
N97.9,123,2,5.080980651803707e-10,1.8301359223939195e-11
Q76.427,1,0,4.1308785787022006e-12,0.0
Q78.2,7,1,2.8916150050915402e-11,9.150679611969598e-12
R10.0,1,1,4.1308785787022006e-12,9.150679611969598e-12
R39.89,4,1,1.6523514314808802e-11,9.150679611969598e-12
R40.0,11,0,4.54396643657242e-11,0.0
S06.309S,32,0,1.3218811451847042e-10,0.0
S06.336S,2,0,8.261757157404401e-12,0.0
E05.20,0,2,0.0,1.8301359223939195e-11
I69.80,2,0,8.261757157404401e-12,0.0
M02.38,1,0,4.1308785787022006e-12,0.0
M46.06,5,29,2.0654392893511e-11,2.653697087471183e-10
M47.813,113,15,4.667892793933486e-10,1.3726019417954397e-10
R07.1,23,4,9.501020731015061e-11,3.660271844787839e-11
R63.2,3,0,1.2392635736106602e-11,0.0
S16.1XXS,103,3,4.2548049360632665e-10,2.7452038835908793e-11
S46.192A,2,1,8.261757157404401e-12,9.150679611969598e-12
S76.811A,3,2,1.2392635736106602e-11,1.8301359223939195e-11
T20.09XS,1,0,4.1308785787022006e-12,0.0
V49.9XXS,1,0,4.1308785787022006e-12,0.0
W06.XXXS,1,0,4.1308785787022006e-12,0.0
R20.9,74,24,3.056850148239628e-10,2.1961631068727034e-10
S73.192A,9,0,3.7177907208319803e-11,0.0
S76.892D,5,0,2.0654392893511e-11,0.0
Y93.F9,1,0,4.1308785787022006e-12,0.0
M41.50,1,1,4.1308785787022006e-12,9.150679611969598e-12
V89.2XXD,0,2,0.0,1.8301359223939195e-11
Z77.090,5,2,2.0654392893511e-11,1.8301359223939195e-11
S93.401D,4,2,1.6523514314808802e-11,1.8301359223939195e-11
M21.619,20,21,8.2617571574044e-11,1.9216427185136153e-10
M26.622,37,15,1.528425074119814e-10,1.3726019417954397e-10
I69.019,6,0,2.4785271472213203e-11,0.0
M26.631,8,0,3.3047028629617605e-11,0.0
M62.84,2,0,8.261757157404401e-12,0.0
H93.A1,2,0,8.261757157404401e-12,0.0
E11.3599,0,2,0.0,1.8301359223939195e-11
G56.83,5,0,2.0654392893511e-11,0.0
N50.819,62,28,2.561144718795364e-10,2.5621902913514875e-10
K58.8,81,23,3.346011648748782e-10,2.1046563107530072e-10
M26.621,35,7,1.4458075025457702e-10,6.405475728378719e-11
N83.209,4,2,1.6523514314808802e-11,1.8301359223939195e-11
N50.812,117,19,4.833127937081574e-10,1.7386291262742234e-10
K08.89,6,31,2.4785271472213203e-11,2.836710679710575e-10
M50.920,32,10,1.3218811451847042e-10,9.150679611969597e-11
K85.91,6,1,2.4785271472213203e-11,9.150679611969598e-12
S02.641S,1,0,4.1308785787022006e-12,0.0
D89.42,1,0,4.1308785787022006e-12,0.0
N39.492,2,0,8.261757157404401e-12,0.0
I16.0,4,3,1.6523514314808802e-11,2.7452038835908793e-11
I69.911,8,1,3.3047028629617605e-11,9.150679611969598e-12
N42.39,3,0,1.2392635736106602e-11,0.0
G20.A1,245,46,1.0120652517820392e-09,4.2093126215060144e-10
L29.8,100,3,4.1308785787022e-10,2.7452038835908793e-11
I49.5,2,3,8.261757157404401e-12,2.7452038835908793e-11
Z72.6,6,0,2.4785271472213203e-11,0.0
M16.52,14,20,5.7832300101830805e-11,1.8301359223939194e-10
D23.5,0,2,0.0,1.8301359223939195e-11
M24.571,0,1,0.0,9.150679611969598e-12
K57.33,3,1,1.2392635736106602e-11,9.150679611969598e-12
R89.1,4,0,1.6523514314808802e-11,0.0
K21.00,69,6,2.850306219304518e-10,5.4904077671817586e-11
M00.862,0,12,0.0,1.0980815534363517e-10
H04.123,17,15,7.02249358379374e-11,1.3726019417954397e-10
G83.9,1,0,4.1308785787022006e-12,0.0
C82.98,2,0,8.261757157404401e-12,0.0
F10.11,86,15,3.5525555776838923e-10,1.3726019417954397e-10
M71.569,3,0,1.2392635736106602e-11,0.0
S42.402A,1,0,4.1308785787022006e-12,0.0
N94.4,8,3,3.3047028629617605e-11,2.7452038835908793e-11
M50.83,16,4,6.609405725923521e-11,3.660271844787839e-11
S20.212A,1,1,4.1308785787022006e-12,9.150679611969598e-12
R10.20,82,47,3.387320434535804e-10,4.3008194176257107e-10
L98.428,1,0,4.1308785787022006e-12,0.0
M51.47,6,0,2.4785271472213203e-11,0.0
M18.11,30,25,1.23926357361066e-10,2.2876699029923994e-10
S83.521S,1,0,4.1308785787022006e-12,0.0
F12.280,1,1,4.1308785787022006e-12,9.150679611969598e-12
M06.842,0,2,0.0,1.8301359223939195e-11
M71.22,8,1,3.3047028629617605e-11,9.150679611969598e-12
K59.4,55,1,2.2719832182862103e-10,9.150679611969598e-12
Z63.72,5,0,2.0654392893511e-11,0.0
R43.2,6,1,2.4785271472213203e-11,9.150679611969598e-12
H53.19,3,2,1.2392635736106602e-11,1.8301359223939195e-11
F10.288,19,7,7.848669299534181e-11,6.405475728378719e-11
N42.9,4,6,1.6523514314808802e-11,5.4904077671817586e-11
M47.818,13,3,5.3701421523128606e-11,2.7452038835908793e-11
S49.91XA,3,0,1.2392635736106602e-11,0.0
J31.1,4,0,1.6523514314808802e-11,0.0
C90.02,3,5,1.2392635736106602e-11,4.5753398059847985e-11
K81.0,7,4,2.8916150050915402e-11,3.660271844787839e-11
R41.841,11,7,4.54396643657242e-11,6.405475728378719e-11
F34.89,6,0,2.4785271472213203e-11,0.0
N32.9,2,1,8.261757157404401e-12,9.150679611969598e-12
N92.6,10,4,4.1308785787022e-11,3.660271844787839e-11
W19.XXXD,0,3,0.0,2.7452038835908793e-11
E11.3291,2,0,8.261757157404401e-12,0.0
E78.00,8,22,3.3047028629617605e-11,2.0131495146333113e-10
H93.A2,5,1,2.0654392893511e-11,9.150679611969598e-12
K59.03,9,0,3.7177907208319803e-11,0.0
M21.611,10,7,4.1308785787022e-11,6.405475728378719e-11
I50.89,0,3,0.0,2.7452038835908793e-11
I63.81,5,1,2.0654392893511e-11,9.150679611969598e-12
G51.32,23,9,9.501020731015061e-11,8.235611650772638e-11
A58.,3,0,1.2392635736106602e-11,0.0
E11.44,15,0,6.1963178680533e-11,0.0
E13.43,31,12,1.280572359397682e-10,1.0980815534363517e-10
G04.91,2,0,8.261757157404401e-12,0.0
G44.52,56,42,2.3132920040732322e-10,3.8432854370272307e-10
K06.020,9,0,3.7177907208319803e-11,0.0
F11.11,16,2,6.609405725923521e-11,1.8301359223939195e-11
F12.11,6,0,2.4785271472213203e-11,0.0
F14.11,27,3,1.115337216249594e-10,2.7452038835908793e-11
H54.42A5,3,0,1.2392635736106602e-11,0.0
T07.XXXS,0,2,0.0,1.8301359223939195e-11
F15.11,15,6,6.1963178680533e-11,5.4904077671817586e-11
E78.49,18,27,7.435581441663961e-11,2.4706834952317913e-10
R93.89,4,5,1.6523514314808802e-11,4.5753398059847985e-11
C34.11,17,10,7.02249358379374e-11,9.150679611969597e-11
F31.31,33,2,1.363189930971726e-10,1.8301359223939195e-11
M84.471S,1,1,4.1308785787022006e-12,9.150679611969598e-12
M51.361,78,48,3.2220852913877163e-10,4.392326213745407e-10
I69.390,1,0,4.1308785787022006e-12,0.0
M15.3,13,48,5.3701421523128606e-11,4.392326213745407e-10
J10.1,1,1,4.1308785787022006e-12,9.150679611969598e-12
T45.1X5A,26,0,1.0740284304625721e-10,0.0
M50.33,196,42,8.096522014256313e-10,3.8432854370272307e-10
M25.469,1,3,4.1308785787022006e-12,2.7452038835908793e-11
J01.91,10,3,4.1308785787022e-11,2.7452038835908793e-11
M70.41,7,2,2.8916150050915402e-11,1.8301359223939195e-11
D72.819,3,2,1.2392635736106602e-11,1.8301359223939195e-11
I15.9,0,6,0.0,5.4904077671817586e-11
S14.105A,3,13,1.2392635736106602e-11,1.1895883495560475e-10
Z99.81,3,3,1.2392635736106602e-11,2.7452038835908793e-11
R46.6,6,0,2.4785271472213203e-11,0.0
K04.8,0,1,0.0,9.150679611969598e-12
R80.1,1,1,4.1308785787022006e-12,9.150679611969598e-12
N80.8,1,6,4.1308785787022006e-12,5.4904077671817586e-11
G56.42,7,2,2.8916150050915402e-11,1.8301359223939195e-11
R63.6,4,4,1.6523514314808802e-11,3.660271844787839e-11
T78.40XA,5,0,2.0654392893511e-11,0.0
I63.89,8,5,3.3047028629617605e-11,4.5753398059847985e-11
H81.4,103,19,4.2548049360632665e-10,1.7386291262742234e-10
I48.20,15,13,6.1963178680533e-11,1.1895883495560475e-10
Q79.61,9,0,3.7177907208319803e-11,0.0
K05.312,1,0,4.1308785787022006e-12,0.0
F42.9,32,7,1.3218811451847042e-10,6.405475728378719e-11
M50.022,82,13,3.387320434535804e-10,1.1895883495560475e-10
K04.02,0,1,0.0,9.150679611969598e-12
K86.81,3,0,1.2392635736106602e-11,0.0
M21.621,1,0,4.1308785787022006e-12,0.0
M97.02XA,1,0,4.1308785787022006e-12,0.0
N94.19,1,0,4.1308785787022006e-12,0.0
R31.29,2,2,8.261757157404401e-12,1.8301359223939195e-11
E78.01,0,1,0.0,9.150679611969598e-12
K85.10,1,0,4.1308785787022006e-12,0.0
K85.20,4,1,1.6523514314808802e-11,9.150679611969598e-12
M50.023,31,11,1.280572359397682e-10,1.0065747573166556e-10
S92.811K,0,1,0.0,9.150679611969598e-12
I69.312,20,0,8.2617571574044e-11,0.0
M50.820,4,4,1.6523514314808802e-11,3.660271844787839e-11
M50.821,7,1,2.8916150050915402e-11,9.150679611969598e-12
M50.823,7,0,2.8916150050915402e-11,0.0
M50.921,12,12,4.9570542944426407e-11,1.0980815534363517e-10
M21.629,2,0,8.261757157404401e-12,0.0
T83.79XS,1,0,4.1308785787022006e-12,0.0
M26.639,0,1,0.0,9.150679611969598e-12
N94.10,10,3,4.1308785787022e-11,2.7452038835908793e-11
G12.23,7,0,2.8916150050915402e-11,0.0
H54.52A2,1,0,4.1308785787022006e-12,0.0
T14.91XA,4,2,1.6523514314808802e-11,1.8301359223939195e-11
C25.1,4,1,1.6523514314808802e-11,9.150679611969598e-12
D17.9,3,3,1.2392635736106602e-11,2.7452038835908793e-11
E10.621,4,0,1.6523514314808802e-11,0.0
G52.1,11,0,4.54396643657242e-11,0.0
M25.612,20,1,8.2617571574044e-11,9.150679611969598e-12
M25.661,2,3,8.261757157404401e-12,2.7452038835908793e-11
G93.2,7,2,2.8916150050915402e-11,1.8301359223939195e-11
G95.89,6,4,2.4785271472213203e-11,3.660271844787839e-11
H81.8X9,2,0,8.261757157404401e-12,0.0
I49.9,21,9,8.674845015274621e-11,8.235611650772638e-11
I63.412,30,0,1.23926357361066e-10,0.0
M76.822,4,2,1.6523514314808802e-11,1.8301359223939195e-11
M79.676,58,28,2.3959095756472763e-10,2.5621902913514875e-10
M88.89,31,0,1.280572359397682e-10,0.0
N18.5,6,4,2.4785271472213203e-11,3.660271844787839e-11
N52.2,3,0,1.2392635736106602e-11,0.0
N28.9,3,15,1.2392635736106602e-11,1.3726019417954397e-10
R45.7,23,17,9.501020731015061e-11,1.5556155340348316e-10
G81.02,15,0,6.1963178680533e-11,0.0
G81.04,3,0,1.2392635736106602e-11,0.0
G81.12,4,0,1.6523514314808802e-11,0.0
M65.349,4,1,1.6523514314808802e-11,9.150679611969598e-12
M66.829,4,0,1.6523514314808802e-11,0.0
M67.912,22,0,9.08793287314484e-11,0.0
M71.21,5,0,2.0654392893511e-11,0.0
S06.89AD,0,1,0.0,9.150679611969598e-12
M65.311,2,4,8.261757157404401e-12,3.660271844787839e-11
M26.653,23,25,9.501020731015061e-11,2.2876699029923994e-10
R05.4,12,1,4.9570542944426407e-11,9.150679611969598e-12
M25.641,5,5,2.0654392893511e-11,4.5753398059847985e-11
M19.142,0,24,0.0,2.1961631068727034e-10
S88.022S,0,13,0.0,1.1895883495560475e-10
S93.421A,0,1,0.0,9.150679611969598e-12
S17.8XXD,0,1,0.0,9.150679611969598e-12
S20.222D,10,0,4.1308785787022e-11,0.0
S82.001A,0,2,0.0,1.8301359223939195e-11
Z13.30,1,2,4.1308785787022006e-12,1.8301359223939195e-11
F10.29,25,8,1.03271964467555e-10,7.320543689575678e-11
I83.812,12,0,4.9570542944426407e-11,0.0
R10.22,6,2,2.4785271472213203e-11,1.8301359223939195e-11
S63.501A,0,1,0.0,9.150679611969598e-12
H40.1120,1,0,4.1308785787022006e-12,0.0
G93.1,28,3,1.1566460020366161e-10,2.7452038835908793e-11
Q79.62,31,1,1.280572359397682e-10,9.150679611969598e-12
C76.3,1,0,4.1308785787022006e-12,0.0
E06.3,10,5,4.1308785787022e-11,4.5753398059847985e-11
G25.3,19,2,7.848669299534181e-11,1.8301359223939195e-11
E16.8,1,0,4.1308785787022006e-12,0.0
E83.9,1,0,4.1308785787022006e-12,0.0
F45.21,1,0,4.1308785787022006e-12,0.0
H20.9,0,2,0.0,1.8301359223939195e-11
H73.93,1,0,4.1308785787022006e-12,0.0
J98.4,3,7,1.2392635736106602e-11,6.405475728378719e-11
K29.00,3,1,1.2392635736106602e-11,9.150679611969598e-12
K51.50,1,2,4.1308785787022006e-12,1.8301359223939195e-11
L60.8,1,4,4.1308785787022006e-12,3.660271844787839e-11
M06.00,3,5,1.2392635736106602e-11,4.5753398059847985e-11
M11.841,1,0,4.1308785787022006e-12,0.0
M12.512,5,5,2.0654392893511e-11,4.5753398059847985e-11
M12.521,0,1,0.0,9.150679611969598e-12
M65.312,10,8,4.1308785787022e-11,7.320543689575678e-11
M75.20,6,0,2.4785271472213203e-11,0.0
Q76.5,4,1,1.6523514314808802e-11,9.150679611969598e-12
R41.840,14,10,5.7832300101830805e-11,9.150679611969597e-11
R94.6,3,2,1.2392635736106602e-11,1.8301359223939195e-11
J01.10,15,4,6.1963178680533e-11,3.660271844787839e-11
K04.7,2,8,8.261757157404401e-12,7.320543689575678e-11
K29.50,8,4,3.3047028629617605e-11,3.660271844787839e-11
K81.9,7,2,2.8916150050915402e-11,1.8301359223939195e-11
L74.4,4,0,1.6523514314808802e-11,0.0
M06.89,19,44,7.848669299534181e-11,4.0262990292666226e-10
M12.58,5,2,2.0654392893511e-11,1.8301359223939195e-11
M13.831,6,0,2.4785271472213203e-11,0.0
M35.9,19,2,7.848669299534181e-11,1.8301359223939195e-11
M36.8,20,8,8.2617571574044e-11,7.320543689575678e-11
M43.24,15,35,6.1963178680533e-11,3.202737864189359e-10
N81.89,1,0,4.1308785787022006e-12,0.0
N94.818,1,0,4.1308785787022006e-12,0.0
N97.0,5,0,2.0654392893511e-11,0.0
Q76.49,19,3,7.848669299534181e-11,2.7452038835908793e-11
R19.4,54,6,2.230674432499188e-10,5.4904077671817586e-11
G44.001,7,6,2.8916150050915402e-11,5.4904077671817586e-11
G47.61,3,4,1.2392635736106602e-11,3.660271844787839e-11
G81.10,13,3,5.3701421523128606e-11,2.7452038835908793e-11
I69.153,1,0,4.1308785787022006e-12,0.0
J15.9,2,1,8.261757157404401e-12,9.150679611969598e-12
K02.62,4,1,1.6523514314808802e-11,9.150679611969598e-12
K02.9,6,16,2.4785271472213203e-11,1.4641087379151356e-10
K14.9,3,0,1.2392635736106602e-11,0.0
M05.10,1,1,4.1308785787022006e-12,9.150679611969598e-12
M19.029,1,1,4.1308785787022006e-12,9.150679611969598e-12
M20.11,14,8,5.7832300101830805e-11,7.320543689575678e-11
M24.671,3,1,1.2392635736106602e-11,9.150679611969598e-12
M24.9,5,4,2.0654392893511e-11,3.660271844787839e-11
M30.3,1,0,4.1308785787022006e-12,0.0
M35.00,12,9,4.9570542944426407e-11,8.235611650772638e-11
M43.23,3,0,1.2392635736106602e-11,0.0
F18.20,7,0,2.8916150050915402e-11,0.0
F19.94,7,0,2.8916150050915402e-11,0.0
F31.12,9,3,3.7177907208319803e-11,2.7452038835908793e-11
G24.01,7,6,2.8916150050915402e-11,5.4904077671817586e-11
D46.9,9,6,3.7177907208319803e-11,5.4904077671817586e-11
S32.008A,5,1,2.0654392893511e-11,9.150679611969598e-12
S39.81XA,8,0,3.3047028629617605e-11,0.0
S43.395S,2,0,8.261757157404401e-12,0.0
S46.119A,2,0,8.261757157404401e-12,0.0
S49.92XS,1,4,4.1308785787022006e-12,3.660271844787839e-11
S74.00XS,2,0,8.261757157404401e-12,0.0
G54.4,14,7,5.7832300101830805e-11,6.405475728378719e-11
L28.1,3,1,1.2392635736106602e-11,9.150679611969598e-12
M13.10,5,47,2.0654392893511e-11,4.3008194176257107e-10
M13.121,1,1,4.1308785787022006e-12,9.150679611969598e-12
M13.141,0,3,0.0,2.7452038835908793e-11
M13.839,3,3,1.2392635736106602e-11,2.7452038835908793e-11
M13.879,5,42,2.0654392893511e-11,3.8432854370272307e-10
M16.51,25,9,1.03271964467555e-10,8.235611650772638e-11
M25.78,17,2,7.02249358379374e-11,1.8301359223939195e-11
M45.7,51,19,2.106748075138122e-10,1.7386291262742234e-10
M46.44,1,0,4.1308785787022006e-12,0.0
M46.92,33,12,1.363189930971726e-10,1.0980815534363517e-10
M81.6,1,10,4.1308785787022006e-12,9.150679611969597e-11
M87.00,8,1,3.3047028629617605e-11,9.150679611969598e-12
M89.9,0,2,0.0,1.8301359223939195e-11
F11.90,32,18,1.3218811451847042e-10,1.6471223301545275e-10
H04.129,7,2,2.8916150050915402e-11,1.8301359223939195e-11
H61.20,1,1,4.1308785787022006e-12,9.150679611969598e-12
J03.90,0,2,0.0,1.8301359223939195e-11
J45.41,10,2,4.1308785787022e-11,1.8301359223939195e-11
K44.9,7,12,2.8916150050915402e-11,1.0980815534363517e-10
K57.32,3,13,1.2392635736106602e-11,1.1895883495560475e-10
K76.89,7,1,2.8916150050915402e-11,9.150679611969598e-12
R05.3,139,14,5.741921224396058e-10,1.2810951456757437e-10
S43.90XA,1,5,4.1308785787022006e-12,4.5753398059847985e-11
D70.9,0,2,0.0,1.8301359223939195e-11
M89.411,3,6,1.2392635736106602e-11,5.4904077671817586e-11
A69.23,0,22,0.0,2.0131495146333113e-10
G43.C0,95,20,3.92433464976709e-10,1.8301359223939194e-10
G25.89,2,0,8.261757157404401e-12,0.0
S43.81XD,1,0,4.1308785787022006e-12,0.0
C34.32,2,2,8.261757157404401e-12,1.8301359223939195e-11
M19.09,27,37,1.115337216249594e-10,3.3857514564287507e-10
S46.212A,3,0,1.2392635736106602e-11,0.0
S13.4XXD,68,12,2.808997433517496e-10,1.0980815534363517e-10
Z56.89,1,1,4.1308785787022006e-12,9.150679611969598e-12
R39.14,7,0,2.8916150050915402e-11,0.0
F10.26,0,1,0.0,9.150679611969598e-12
S46.092A,14,3,5.7832300101830805e-11,2.7452038835908793e-11
M20.22,12,4,4.9570542944426407e-11,3.660271844787839e-11
M42.16,3,13,1.2392635736106602e-11,1.1895883495560475e-10
J90.,2,3,8.261757157404401e-12,2.7452038835908793e-11
G83.81,4,4,1.6523514314808802e-11,3.660271844787839e-11
Z71.81,10,5,4.1308785787022e-11,4.5753398059847985e-11
Z68.27,0,1,0.0,9.150679611969598e-12
M77.8,12,5,4.9570542944426407e-11,4.5753398059847985e-11
Z03.89,7,9,2.8916150050915402e-11,8.235611650772638e-11
J11.89,1,0,4.1308785787022006e-12,0.0
S06.9X6A,2,0,8.261757157404401e-12,0.0
C78.6,1,0,4.1308785787022006e-12,0.0
F17.220,84,24,3.4699380061098484e-10,2.1961631068727034e-10
F19.182,2,0,8.261757157404401e-12,0.0
M20.40,9,9,3.7177907208319803e-11,8.235611650772638e-11
M23.50,3,4,1.2392635736106602e-11,3.660271844787839e-11
M24.574,0,2,0.0,1.8301359223939195e-11
M25.369,1,5,4.1308785787022006e-12,4.5753398059847985e-11
M25.461,8,11,3.3047028629617605e-11,1.0065747573166556e-10
M60.822,2,0,8.261757157404401e-12,0.0
M75.81,22,2,9.08793287314484e-11,1.8301359223939195e-11
N93.8,8,4,3.3047028629617605e-11,3.660271844787839e-11
I69.892,1,0,4.1308785787022006e-12,0.0
I82.4Z2,0,1,0.0,9.150679611969598e-12
J01.01,3,3,1.2392635736106602e-11,2.7452038835908793e-11
K03.81,8,5,3.3047028629617605e-11,4.5753398059847985e-11
K08.409,3,2,1.2392635736106602e-11,1.8301359223939195e-11
K41.91,1,1,4.1308785787022006e-12,9.150679611969598e-12
K50.80,1,4,4.1308785787022006e-12,3.660271844787839e-11
L03.818,1,3,4.1308785787022006e-12,2.7452038835908793e-11
L04.9,0,2,0.0,1.8301359223939195e-11
L57.8,0,3,0.0,2.7452038835908793e-11
L71.9,3,2,1.2392635736106602e-11,1.8301359223939195e-11
L73.9,1,4,4.1308785787022006e-12,3.660271844787839e-11
L89.313,0,1,0.0,9.150679611969598e-12
L97.519,3,1,1.2392635736106602e-11,9.150679611969598e-12
L97.929,0,1,0.0,9.150679611969598e-12
M00.211,0,1,0.0,9.150679611969598e-12
M07.669,0,1,0.0,9.150679611969598e-12
M14.811,3,1,1.2392635736106602e-11,9.150679611969598e-12
M20.41,29,5,1.1979547878236381e-10,4.5753398059847985e-11
M22.92,2,2,8.261757157404401e-12,1.8301359223939195e-11
M25.362,5,3,2.0654392893511e-11,2.7452038835908793e-11
M25.862,2,1,8.261757157404401e-12,9.150679611969598e-12
M41.56,9,1,3.7177907208319803e-11,9.150679611969598e-12
M47.815,31,11,1.280572359397682e-10,1.0065747573166556e-10
M49.83,0,4,0.0,3.660271844787839e-11
M51.05,0,2,0.0,1.8301359223939195e-11
M60.852,1,0,4.1308785787022006e-12,0.0
M62.49,0,1,0.0,9.150679611969598e-12
M65.279,4,0,1.6523514314808802e-11,0.0
M65.342,18,13,7.435581441663961e-11,1.1895883495560475e-10
M67.471,1,0,4.1308785787022006e-12,0.0
M67.472,1,0,4.1308785787022006e-12,0.0
M67.911,14,2,5.7832300101830805e-11,1.8301359223939195e-11
M76.829,1,4,4.1308785787022006e-12,3.660271844787839e-11
M77.30,8,24,3.3047028629617605e-11,2.1961631068727034e-10
M79.0,9,2,3.7177907208319803e-11,1.8301359223939195e-11
M84.371A,1,0,4.1308785787022006e-12,0.0
M85.89,20,4,8.2617571574044e-11,3.660271844787839e-11
N49.2,3,1,1.2392635736106602e-11,9.150679611969598e-12
Q76.413,1,1,4.1308785787022006e-12,9.150679611969598e-12
R10.33,2,3,8.261757157404401e-12,2.7452038835908793e-11
R22.0,2,2,8.261757157404401e-12,1.8301359223939195e-11
R23.8,1,1,4.1308785787022006e-12,9.150679611969598e-12
S00.30XA,0,1,0.0,9.150679611969598e-12
G43.839,6,15,2.4785271472213203e-11,1.3726019417954397e-10
G44.51,24,12,9.914108588885281e-11,1.0980815534363517e-10
M25.262,1,0,4.1308785787022006e-12,0.0
R94.4,4,4,1.6523514314808802e-11,3.660271844787839e-11
I63.50,14,1,5.7832300101830805e-11,9.150679611969598e-12
I70.223,2,0,8.261757157404401e-12,0.0
I73.89,11,6,4.54396643657242e-11,5.4904077671817586e-11
K57.92,7,6,2.8916150050915402e-11,5.4904077671817586e-11
L03.115,2,11,8.261757157404401e-12,1.0065747573166556e-10
C79.89,2,0,8.261757157404401e-12,0.0
G56.10,8,1,3.3047028629617605e-11,9.150679611969598e-12
F03.918,1,2,4.1308785787022006e-12,1.8301359223939195e-11
S14.106D,0,2,0.0,1.8301359223939195e-11
S43.401A,12,2,4.9570542944426407e-11,1.8301359223939195e-11
T74.21XS,2,0,8.261757157404401e-12,0.0
H66.002,0,2,0.0,1.8301359223939195e-11
S29.092D,4,3,1.6523514314808802e-11,2.7452038835908793e-11
S14.103D,2,2,8.261757157404401e-12,1.8301359223939195e-11
Z92.29,3,2,1.2392635736106602e-11,1.8301359223939195e-11
S46.812A,16,5,6.609405725923521e-11,4.5753398059847985e-11
Z56.0,16,18,6.609405725923521e-11,1.6471223301545275e-10
K62.7,2,0,8.261757157404401e-12,0.0
M21.541,1,0,4.1308785787022006e-12,0.0
R05.1,42,9,1.7349690030549242e-10,8.235611650772638e-11
C85.10,0,2,0.0,1.8301359223939195e-11
N39.44,4,0,1.6523514314808802e-11,0.0
M46.04,4,0,1.6523514314808802e-11,0.0
T83.29XD,1,0,4.1308785787022006e-12,0.0
M99.75,3,0,1.2392635736106602e-11,0.0
F01.A4,3,1,1.2392635736106602e-11,9.150679611969598e-12
M25.69,17,7,7.02249358379374e-11,6.405475728378719e-11
M43.04,15,1,6.1963178680533e-11,9.150679611969598e-12
R05.9,68,12,2.808997433517496e-10,1.0980815534363517e-10
M25.751,5,1,2.0654392893511e-11,9.150679611969598e-12
M99.83,519,134,2.143925982346442e-09,1.226191068003926e-09
M99.87,4,2,1.6523514314808802e-11,1.8301359223939195e-11
N13.9,3,0,1.2392635736106602e-11,0.0
G58.0,61,14,2.519835933008342e-10,1.2810951456757437e-10
G93.40,5,0,2.0654392893511e-11,0.0
H25.12,4,5,1.6523514314808802e-11,4.5753398059847985e-11
H90.6,1,0,4.1308785787022006e-12,0.0
L97.909,6,3,2.4785271472213203e-11,2.7452038835908793e-11
M21.379,15,9,6.1963178680533e-11,8.235611650772638e-11
M24.171,0,1,0.0,9.150679611969598e-12
M71.551,15,3,6.1963178680533e-11,2.7452038835908793e-11
M71.9,5,3,2.0654392893511e-11,2.7452038835908793e-11
M77.31,9,1,3.7177907208319803e-11,9.150679611969598e-12
M89.8X1,26,1,1.0740284304625721e-10,9.150679611969598e-12
N17.9,7,6,2.8916150050915402e-11,5.4904077671817586e-11
N76.0,14,3,5.7832300101830805e-11,2.7452038835908793e-11
Q28.2,1,2,4.1308785787022006e-12,1.8301359223939195e-11
I65.21,4,6,1.6523514314808802e-11,5.4904077671817586e-11
S88.011A,0,13,0.0,1.1895883495560475e-10
T87.81,1,2,4.1308785787022006e-12,1.8301359223939195e-11
C88.0,4,0,1.6523514314808802e-11,0.0
M99.71,81,9,3.346011648748782e-10,8.235611650772638e-11
P80.0,6,2,2.4785271472213203e-11,1.8301359223939195e-11
F40.298,1,1,4.1308785787022006e-12,9.150679611969598e-12
T14.8XXD,0,5,0.0,4.5753398059847985e-11
S14.3XXA,11,4,4.54396643657242e-11,3.660271844787839e-11
G58.7,2,4,8.261757157404401e-12,3.660271844787839e-11
G47.10,6,2,2.4785271472213203e-11,1.8301359223939195e-11
M50.21,3,3,1.2392635736106602e-11,2.7452038835908793e-11
L02.828,2,0,8.261757157404401e-12,0.0
F45.8,0,3,0.0,2.7452038835908793e-11
G89.22,80,35,3.30470286296176e-10,3.202737864189359e-10
S42.202G,0,1,0.0,9.150679611969598e-12
M70.22,11,13,4.54396643657242e-11,1.1895883495560475e-10
M47.895,14,4,5.7832300101830805e-11,3.660271844787839e-11
M86.659,0,2,0.0,1.8301359223939195e-11
K59.89,1,0,4.1308785787022006e-12,0.0
S54.02XD,5,1,2.0654392893511e-11,9.150679611969598e-12
K11.9,2,0,8.261757157404401e-12,0.0
N63.24,1,0,4.1308785787022006e-12,0.0
S76.311S,4,2,1.6523514314808802e-11,1.8301359223939195e-11
B35.4,2,3,8.261757157404401e-12,2.7452038835908793e-11
H81.311,4,0,1.6523514314808802e-11,0.0
E86.0,4,4,1.6523514314808802e-11,3.660271844787839e-11
S82.092S,0,1,0.0,9.150679611969598e-12
S80.00XA,0,2,0.0,1.8301359223939195e-11
S83.204S,2,2,8.261757157404401e-12,1.8301359223939195e-11
S86.201A,2,0,8.261757157404401e-12,0.0
T87.33,3,1,1.2392635736106602e-11,9.150679611969598e-12
Z68.34,10,0,4.1308785787022e-11,0.0
Z89.619,7,0,2.8916150050915402e-11,0.0
S33.8XXS,10,63,4.1308785787022e-11,5.764928155540846e-10
S43.409S,0,2,0.0,1.8301359223939195e-11
S14.2XXA,2,53,8.261757157404401e-12,4.849860194343886e-10
S23.9XXS,26,2,1.0740284304625721e-10,1.8301359223939195e-11
S43.439D,2,0,8.261757157404401e-12,0.0
S44.00XS,1,0,4.1308785787022006e-12,0.0
S14.143A,1,0,4.1308785787022006e-12,0.0
S84.12XA,5,3,2.0654392893511e-11,2.7452038835908793e-11
S84.12XS,7,0,2.8916150050915402e-11,0.0
S93.409D,1,0,4.1308785787022006e-12,0.0
T50.995A,0,1,0.0,9.150679611969598e-12
V49.88XA,1,0,4.1308785787022006e-12,0.0
Z63.4,41,6,1.693660217267902e-10,5.4904077671817586e-11
Z71.7,1,0,4.1308785787022006e-12,0.0
Z91.19,3,0,1.2392635736106602e-11,0.0
S19.80XA,0,3,0.0,2.7452038835908793e-11
S32.810S,0,1,0.0,9.150679611969598e-12
S42.201A,3,2,1.2392635736106602e-11,1.8301359223939195e-11
S42.291S,0,1,0.0,9.150679611969598e-12
S46.002A,11,5,4.54396643657242e-11,4.5753398059847985e-11
S46.002D,9,3,3.7177907208319803e-11,2.7452038835908793e-11
S46.011D,16,22,6.609405725923521e-11,2.0131495146333113e-10
S46.919A,2,20,8.261757157404401e-12,1.8301359223939194e-10
S53.409A,0,1,0.0,9.150679611969598e-12
S61.112A,1,1,4.1308785787022006e-12,9.150679611969598e-12
S62.326A,1,1,4.1308785787022006e-12,9.150679611969598e-12
S63.637A,1,0,4.1308785787022006e-12,0.0
S63.697D,1,0,4.1308785787022006e-12,0.0
S74.90XA,0,1,0.0,9.150679611969598e-12
S20.219A,1,0,4.1308785787022006e-12,0.0
S22.009D,2,0,8.261757157404401e-12,0.0
S42.022A,1,1,4.1308785787022006e-12,9.150679611969598e-12
C10.9,3,5,1.2392635736106602e-11,4.5753398059847985e-11
C34.31,10,7,4.1308785787022e-11,6.405475728378719e-11
C77.5,6,0,2.4785271472213203e-11,0.0
D25.9,21,7,8.674845015274621e-11,6.405475728378719e-11
F51.8,1,0,4.1308785787022006e-12,0.0
G21.9,5,4,2.0654392893511e-11,3.660271844787839e-11
H47.012,0,1,0.0,9.150679611969598e-12
H60.8X3,0,1,0.0,9.150679611969598e-12
H60.92,0,2,0.0,1.8301359223939195e-11
I69.320,18,2,7.435581441663961e-11,1.8301359223939195e-11
L97.329,2,0,8.261757157404401e-12,0.0
N30.01,7,0,2.8916150050915402e-11,0.0
S06.2X3S,2,6,8.261757157404401e-12,5.4904077671817586e-11
S06.301D,2,1,8.261757157404401e-12,9.150679611969598e-12
E79.0,1,2,4.1308785787022006e-12,1.8301359223939195e-11
E83.52,2,6,8.261757157404401e-12,5.4904077671817586e-11
F13.10,3,3,1.2392635736106602e-11,2.7452038835908793e-11
F15.29,5,2,2.0654392893511e-11,1.8301359223939195e-11
F17.203,56,117,2.3132920040732322e-10,1.0706295146004429e-09
D46.C,0,1,0.0,9.150679611969598e-12
D57.3,1,0,4.1308785787022006e-12,0.0
D68.69,0,1,0.0,9.150679611969598e-12
D70.8,1,2,4.1308785787022006e-12,1.8301359223939195e-11
E52.,1,0,4.1308785787022006e-12,0.0
F06.8,13,5,5.3701421523128606e-11,4.5753398059847985e-11
F10.221,3,0,1.2392635736106602e-11,0.0
F15.251,6,0,2.4785271472213203e-11,0.0
F15.94,5,2,2.0654392893511e-11,1.8301359223939195e-11
F17.293,9,0,3.7177907208319803e-11,0.0
F19.239,1,0,4.1308785787022006e-12,0.0
F25.8,2,2,8.261757157404401e-12,1.8301359223939195e-11
F19.20,17,23,7.02249358379374e-11,2.1046563107530072e-10
F32.4,5,4,2.0654392893511e-11,3.660271844787839e-11
C22.8,1,2,4.1308785787022006e-12,1.8301359223939195e-11
D25.1,2,0,8.261757157404401e-12,0.0
F11.99,13,6,5.3701421523128606e-11,5.4904077671817586e-11
F12.99,23,0,9.501020731015061e-11,0.0
F31.30,15,8,6.1963178680533e-11,7.320543689575678e-11
F31.71,1,7,4.1308785787022006e-12,6.405475728378719e-11
F31.76,6,0,2.4785271472213203e-11,0.0
G25.9,5,9,2.0654392893511e-11,8.235611650772638e-11
G30.1,29,4,1.1979547878236381e-10,3.660271844787839e-11
S22.070D,4,3,1.6523514314808802e-11,2.7452038835908793e-11
S22.39XD,1,2,4.1308785787022006e-12,1.8301359223939195e-11
S22.42XA,10,7,4.1308785787022e-11,6.405475728378719e-11
S32.048S,0,1,0.0,9.150679611969598e-12
S46.099S,5,1,2.0654392893511e-11,9.150679611969598e-12
T75.4XXA,7,0,2.8916150050915402e-11,0.0
T88.7XXS,0,1,0.0,9.150679611969598e-12
Z81.2,11,2,4.54396643657242e-11,1.8301359223939195e-11
Z98.61,0,2,0.0,1.8301359223939195e-11
F15.188,0,1,0.0,9.150679611969598e-12
F15.23,3,3,1.2392635736106602e-11,2.7452038835908793e-11
F60.89,5,3,2.0654392893511e-11,2.7452038835908793e-11
A04.9,1,0,4.1308785787022006e-12,0.0
D47.1,2,1,8.261757157404401e-12,9.150679611969598e-12
G71.11,17,6,7.02249358379374e-11,5.4904077671817586e-11
Z90.5,0,1,0.0,9.150679611969598e-12
Z96.642,25,27,1.03271964467555e-10,2.4706834952317913e-10
C15.9,4,5,1.6523514314808802e-11,4.5753398059847985e-11
D05.10,5,0,2.0654392893511e-11,0.0
D09.3,2,1,8.261757157404401e-12,9.150679611969598e-12
D49.2,1,1,4.1308785787022006e-12,9.150679611969598e-12
E10.42,3,0,1.2392635736106602e-11,0.0
E10.610,2,1,8.261757157404401e-12,9.150679611969598e-12
E16.1,0,4,0.0,3.660271844787839e-11
F10.988,11,3,4.54396643657242e-11,2.7452038835908793e-11
S76.319D,8,1,3.3047028629617605e-11,9.150679611969598e-12
Z11.51,3,8,1.2392635736106602e-11,7.320543689575678e-11
Z12.31,1,2,4.1308785787022006e-12,1.8301359223939195e-11
Z71.1,6,29,2.4785271472213203e-11,2.653697087471183e-10
C34.90,30,13,1.23926357361066e-10,1.1895883495560475e-10
C44.319,2,2,8.261757157404401e-12,1.8301359223939195e-11
D12.6,1,1,4.1308785787022006e-12,9.150679611969598e-12
D37.5,0,1,0.0,9.150679611969598e-12
E08.22,0,1,0.0,9.150679611969598e-12
E11.49,69,37,2.850306219304518e-10,3.3857514564287507e-10
F14.29,4,0,1.6523514314808802e-11,0.0
F34.0,4,1,1.6523514314808802e-11,9.150679611969598e-12
F52.6,0,4,0.0,3.660271844787839e-11
F98.9,1,0,4.1308785787022006e-12,0.0
G10.,28,6,1.1566460020366161e-10,5.4904077671817586e-11
G31.85,2,1,8.261757157404401e-12,9.150679611969598e-12
A05.9,1,0,4.1308785787022006e-12,0.0
A20.9,0,1,0.0,9.150679611969598e-12
C08.0,0,1,0.0,9.150679611969598e-12
C18.0,0,2,0.0,1.8301359223939195e-11
C41.2,0,1,0.0,9.150679611969598e-12
C71.9,13,2,5.3701421523128606e-11,1.8301359223939195e-11
C73.,5,5,2.0654392893511e-11,4.5753398059847985e-11
C77.8,5,1,2.0654392893511e-11,9.150679611969598e-12
C78.7,3,1,1.2392635736106602e-11,9.150679611969598e-12
C81.18,1,1,4.1308785787022006e-12,9.150679611969598e-12
C81.91,1,0,4.1308785787022006e-12,0.0
C82.95,0,1,0.0,9.150679611969598e-12
C85.13,0,1,0.0,9.150679611969598e-12
C91.11,16,5,6.609405725923521e-11,4.5753398059847985e-11
C91.40,0,2,0.0,1.8301359223939195e-11
C91.42,0,1,0.0,9.150679611969598e-12
C92.Z0,1,0,4.1308785787022006e-12,0.0
C95.10,0,2,0.0,1.8301359223939195e-11
D05.12,3,7,1.2392635736106602e-11,6.405475728378719e-11
G47.31,4,1,1.6523514314808802e-11,9.150679611969598e-12
I47.20,0,2,0.0,1.8301359223939195e-11
M13.829,0,3,0.0,2.7452038835908793e-11
M19.212,29,20,1.1979547878236381e-10,1.8301359223939194e-10
M26.613,1,0,4.1308785787022006e-12,0.0
M24.419,1,5,4.1308785787022006e-12,4.5753398059847985e-11
R13.11,1,2,4.1308785787022006e-12,1.8301359223939195e-11
S24.101S,2,0,8.261757157404401e-12,0.0
S91.102A,0,1,0.0,9.150679611969598e-12
S76.312D,6,0,2.4785271472213203e-11,0.0
G46.7,7,0,2.8916150050915402e-11,0.0
F15.19,1,2,4.1308785787022006e-12,1.8301359223939195e-11
M19.139,0,1,0.0,9.150679611969598e-12
H81.391,4,0,1.6523514314808802e-11,0.0
Z48.815,13,4,5.3701421523128606e-11,3.660271844787839e-11
I82.401,1,3,4.1308785787022006e-12,2.7452038835908793e-11
S13.8XXD,0,2,0.0,1.8301359223939195e-11
K92.2,3,11,1.2392635736106602e-11,1.0065747573166556e-10
E04.2,2,3,8.261757157404401e-12,2.7452038835908793e-11
C85.90,18,1,7.435581441663961e-11,9.150679611969598e-12
Z29.9,0,1,0.0,9.150679611969598e-12
E66.89,14,15,5.7832300101830805e-11,1.3726019417954397e-10
F50.9,11,3,4.54396643657242e-11,2.7452038835908793e-11
F51.04,112,2,4.6265840081464644e-10,1.8301359223939195e-11
H25.10,0,3,0.0,2.7452038835908793e-11
I50.33,2,4,8.261757157404401e-12,3.660271844787839e-11
S78.112D,1,1,4.1308785787022006e-12,9.150679611969598e-12
C44.92,2,2,8.261757157404401e-12,1.8301359223939195e-11
I82.4Z9,3,0,1.2392635736106602e-11,0.0
M86.69,0,1,0.0,9.150679611969598e-12
R10.819,5,2,2.0654392893511e-11,1.8301359223939195e-11
R22.33,1,0,4.1308785787022006e-12,0.0
S00.83XD,0,1,0.0,9.150679611969598e-12
S90.931A,0,1,0.0,9.150679611969598e-12
S91.301A,2,1,8.261757157404401e-12,9.150679611969598e-12
S93.692S,1,0,4.1308785787022006e-12,0.0
T25.229S,1,0,4.1308785787022006e-12,0.0
T79.A0XS,2,1,8.261757157404401e-12,9.150679611969598e-12
G32.81,17,0,7.02249358379374e-11,0.0
H81.02,46,1,1.9002041462030122e-10,9.150679611969598e-12
I69.154,11,9,4.54396643657242e-11,8.235611650772638e-11
I73.81,7,3,2.8916150050915402e-11,2.7452038835908793e-11
L23.9,2,3,8.261757157404401e-12,2.7452038835908793e-11
M65.352,9,0,3.7177907208319803e-11,0.0
N95.0,4,2,1.6523514314808802e-11,1.8301359223939195e-11
N95.8,51,9,2.106748075138122e-10,8.235611650772638e-11
S81.802A,7,5,2.8916150050915402e-11,4.5753398059847985e-11
D37.6,1,0,4.1308785787022006e-12,0.0
W08.XXXA,0,1,0.0,9.150679611969598e-12
Z13.5,1,1,4.1308785787022006e-12,9.150679611969598e-12
Z28.04,0,1,0.0,9.150679611969598e-12
Z30.42,1,0,4.1308785787022006e-12,0.0
Z30.9,1,1,4.1308785787022006e-12,9.150679611969598e-12
Z85.44,0,7,0.0,6.405475728378719e-11
Z86.711,5,12,2.0654392893511e-11,1.0980815534363517e-10
Z89.222,1,1,4.1308785787022006e-12,9.150679611969598e-12
Z96.643,2,6,8.261757157404401e-12,5.4904077671817586e-11
F40.00,18,0,7.435581441663961e-11,0.0
F40.9,5,1,2.0654392893511e-11,9.150679611969598e-12
F40.243,1,0,4.1308785787022006e-12,0.0
F50.00,2,0,8.261757157404401e-12,0.0
G30.9,12,25,4.9570542944426407e-11,2.2876699029923994e-10
L74.519,3,0,1.2392635736106602e-11,0.0
M06.1,16,0,6.609405725923521e-11,0.0
M06.80,28,10,1.1566460020366161e-10,9.150679611969597e-11
M99.09,20,4,8.2617571574044e-11,3.660271844787839e-11
R33.9,18,3,7.435581441663961e-11,2.7452038835908793e-11
R93.3,4,1,1.6523514314808802e-11,9.150679611969598e-12
S04.52XD,2,0,8.261757157404401e-12,0.0
L97.829,0,1,0.0,9.150679611969598e-12
L99.,13,0,5.3701421523128606e-11,0.0
M02.379,3,0,1.2392635736106602e-11,0.0
M10.00,0,5,0.0,4.5753398059847985e-11
M10.09,1,9,4.1308785787022006e-12,8.235611650772638e-11
M13.821,0,7,0.0,6.405475728378719e-11
M62.541,23,0,9.501020731015061e-11,0.0
G72.0,0,10,0.0,9.150679611969597e-11
G81.01,46,0,1.9002041462030122e-10,0.0
L81.9,1,1,4.1308785787022006e-12,9.150679611969598e-12
M13.822,2,2,8.261757157404401e-12,1.8301359223939195e-11
M60.89,5,1,2.0654392893511e-11,9.150679611969598e-12
M79.89,21,2,8.674845015274621e-11,1.8301359223939195e-11
M87.051,1,0,4.1308785787022006e-12,0.0
N15.9,1,0,4.1308785787022006e-12,0.0
S04.32XS,3,0,1.2392635736106602e-11,0.0
G44.011,9,6,3.7177907208319803e-11,5.4904077671817586e-11
G56.31,4,2,1.6523514314808802e-11,1.8301359223939195e-11
G56.92,20,3,8.2617571574044e-11,2.7452038835908793e-11
H15.9,0,1,0.0,9.150679611969598e-12
H54.50,6,0,2.4785271472213203e-11,0.0
H60.511,1,0,4.1308785787022006e-12,0.0
H70.92,0,5,0.0,4.5753398059847985e-11
H71.22,0,1,0.0,9.150679611969598e-12
H81.319,5,1,2.0654392893511e-11,9.150679611969598e-12
H92.10,0,1,0.0,9.150679611969598e-12
I25.111,1,1,4.1308785787022006e-12,9.150679611969598e-12
I35.2,0,1,0.0,9.150679611969598e-12
I38.,0,1,0.0,9.150679611969598e-12
I45.10,0,3,0.0,2.7452038835908793e-11
I45.6,3,1,1.2392635736106602e-11,9.150679611969598e-12
J03.91,0,1,0.0,9.150679611969598e-12
J18.8,2,3,8.261757157404401e-12,2.7452038835908793e-11
J34.3,2,3,8.261757157404401e-12,2.7452038835908793e-11
K05.30,0,1,0.0,9.150679611969598e-12
K57.20,0,1,0.0,9.150679611969598e-12
K70.10,2,1,8.261757157404401e-12,9.150679611969598e-12
L02.413,0,1,0.0,9.150679611969598e-12
L05.01,1,1,4.1308785787022006e-12,9.150679611969598e-12
L23.7,5,3,2.0654392893511e-11,2.7452038835908793e-11
L63.9,0,1,0.0,9.150679611969598e-12
L91.8,2,2,8.261757157404401e-12,1.8301359223939195e-11
M48.16,19,0,7.848669299534181e-11,0.0
L27.9,2,0,8.261757157404401e-12,0.0
M62.561,1,0,4.1308785787022006e-12,0.0
M48.27,1,0,4.1308785787022006e-12,0.0
R39.81,26,1,1.0740284304625721e-10,9.150679611969598e-12
S32.059A,1,0,4.1308785787022006e-12,0.0
S23.3XXD,9,0,3.7177907208319803e-11,0.0
S13.0XXS,22,1,9.08793287314484e-11,9.150679611969598e-12
S32.9XXA,5,0,2.0654392893511e-11,0.0
S32.030S,8,4,3.3047028629617605e-11,3.660271844787839e-11
S14.104S,10,1,4.1308785787022e-11,9.150679611969598e-12
S46.092S,10,3,4.1308785787022e-11,2.7452038835908793e-11
S63.509A,1,0,4.1308785787022006e-12,0.0
S46.202S,1,0,4.1308785787022006e-12,0.0
S73.192S,3,0,1.2392635736106602e-11,0.0
S73.101S,1,1,4.1308785787022006e-12,9.150679611969598e-12
S73.102S,2,0,8.261757157404401e-12,0.0
S93.409S,2,2,8.261757157404401e-12,1.8301359223939195e-11
S93.412A,6,1,2.4785271472213203e-11,9.150679611969598e-12
S92.102A,2,0,8.261757157404401e-12,0.0
S92.352G,1,0,4.1308785787022006e-12,0.0
Z96.662,14,6,5.7832300101830805e-11,5.4904077671817586e-11
F14.99,4,1,1.6523514314808802e-11,9.150679611969598e-12
M19.112,44,13,1.817586574628968e-10,1.1895883495560475e-10
M19.122,0,2,0.0,1.8301359223939195e-11
M21.6X9,9,3,3.7177907208319803e-11,2.7452038835908793e-11
M24.232,0,2,0.0,1.8301359223939195e-11
M87.09,0,2,0.0,1.8301359223939195e-11
M99.13,9,0,3.7177907208319803e-11,0.0
G43.401,6,3,2.4785271472213203e-11,2.7452038835908793e-11
G43.A0,29,2,1.1979547878236381e-10,1.8301359223939195e-11
G43.A1,23,3,9.501020731015061e-11,2.7452038835908793e-11
H40.10X0,4,0,1.6523514314808802e-11,0.0
H40.1234,2,0,8.261757157404401e-12,0.0
H54.7,4,1,1.6523514314808802e-11,9.150679611969598e-12
I25.83,10,4,4.1308785787022e-11,3.660271844787839e-11
I65.29,5,3,2.0654392893511e-11,2.7452038835908793e-11
I69.059,4,0,1.6523514314808802e-11,0.0
I97.2,2,1,8.261757157404401e-12,9.150679611969598e-12
R53.2,31,4,1.280572359397682e-10,3.660271844787839e-11
R56.1,3,0,1.2392635736106602e-11,0.0
S06.6X1S,0,5,0.0,4.5753398059847985e-11
G40.009,1,5,4.1308785787022006e-12,4.5753398059847985e-11
M94.269,2,1,8.261757157404401e-12,9.150679611969598e-12
N17.8,2,1,8.261757157404401e-12,9.150679611969598e-12
N25.0,1,0,4.1308785787022006e-12,0.0
Q40.1,0,1,0.0,9.150679611969598e-12
Q66.52,8,10,3.3047028629617605e-11,9.150679611969597e-11
R05.,19,0,7.848669299534181e-11,0.0
R22.43,9,0,3.7177907208319803e-11,0.0
R27.0,10,5,4.1308785787022e-11,4.5753398059847985e-11
R36.1,1,1,4.1308785787022006e-12,9.150679611969598e-12
S00.93XA,0,1,0.0,9.150679611969598e-12
S06.2X1S,37,24,1.528425074119814e-10,2.1961631068727034e-10
G47.25,0,1,0.0,9.150679611969598e-12
G57.52,7,0,2.8916150050915402e-11,0.0
G57.71,2,2,8.261757157404401e-12,1.8301359223939195e-11
G99.8,10,0,4.1308785787022e-11,0.0
H04.202,4,0,1.6523514314808802e-11,0.0
H30.131,1,0,4.1308785787022006e-12,0.0
M21.42,24,3,9.914108588885281e-11,2.7452038835908793e-11
M67.919,11,0,4.54396643657242e-11,0.0
E87.1,10,6,4.1308785787022e-11,5.4904077671817586e-11
K31.9,11,2,4.54396643657242e-11,1.8301359223939195e-11
K50.111,13,1,5.3701421523128606e-11,9.150679611969598e-12
K51.811,4,2,1.6523514314808802e-11,1.8301359223939195e-11
K51.914,6,0,2.4785271472213203e-11,0.0
K52.89,1,3,4.1308785787022006e-12,2.7452038835908793e-11
K57.00,6,2,2.4785271472213203e-11,1.8301359223939195e-11
K61.0,3,0,1.2392635736106602e-11,0.0
K70.31,27,8,1.115337216249594e-10,7.320543689575678e-11
K75.81,10,8,4.1308785787022e-11,7.320543689575678e-11
M43.00,15,9,6.1963178680533e-11,8.235611650772638e-11
M46.57,2,0,8.261757157404401e-12,0.0
M46.87,2,0,8.261757157404401e-12,0.0
M80.852D,0,2,0.0,1.8301359223939195e-11
M99.80,11,0,4.54396643657242e-11,0.0
N94.89,13,1,5.3701421523128606e-11,9.150679611969598e-12
R04.0,3,11,1.2392635736106602e-11,1.0065747573166556e-10
R45.1,8,1,3.3047028629617605e-11,9.150679611969598e-12
H35.30,12,6,4.9570542944426407e-11,5.4904077671817586e-11
L50.1,12,3,4.9570542944426407e-11,2.7452038835908793e-11
H40.219,0,1,0.0,9.150679611969598e-12
H60.532,1,0,4.1308785787022006e-12,0.0
H61.102,1,0,4.1308785787022006e-12,0.0
H61.199,0,1,0.0,9.150679611969598e-12
H93.242,1,0,4.1308785787022006e-12,0.0
H93.91,2,0,8.261757157404401e-12,0.0
I33.9,2,0,8.261757157404401e-12,0.0
I65.23,3,4,1.2392635736106602e-11,3.660271844787839e-11
I69.344,0,1,0.0,9.150679611969598e-12
I82.5Y9,0,1,0.0,9.150679611969598e-12
I88.8,1,0,4.1308785787022006e-12,0.0
I95.3,1,0,4.1308785787022006e-12,0.0
J03.00,1,0,4.1308785787022006e-12,0.0
J38.01,1,0,4.1308785787022006e-12,0.0
K13.79,2,4,8.261757157404401e-12,3.660271844787839e-11
K50.911,3,0,1.2392635736106602e-11,0.0
K52.81,1,0,4.1308785787022006e-12,0.0
K57.12,1,0,4.1308785787022006e-12,0.0
L21.8,4,1,1.6523514314808802e-11,9.150679611969598e-12
L59.8,1,0,4.1308785787022006e-12,0.0
L70.0,2,2,8.261757157404401e-12,1.8301359223939195e-11
L71.8,1,1,4.1308785787022006e-12,9.150679611969598e-12
L81.4,1,0,4.1308785787022006e-12,0.0
L89.153,0,3,0.0,2.7452038835908793e-11
M05.661,1,0,4.1308785787022006e-12,0.0
M05.70,0,1,0.0,9.150679611969598e-12
M06.849,4,1,1.6523514314808802e-11,9.150679611969598e-12
M08.032,1,0,4.1308785787022006e-12,0.0
M08.869,1,0,4.1308785787022006e-12,0.0
M19.219,7,6,2.8916150050915402e-11,5.4904077671817586e-11
M24.219,1,0,4.1308785787022006e-12,0.0
M24.531,18,0,7.435581441663961e-11,0.0
M25.119,0,1,0.0,9.150679611969598e-12
M25.811,11,12,4.54396643657242e-11,1.0980815534363517e-10
M41.22,1,6,4.1308785787022006e-12,5.4904077671817586e-11
M48.57XS,2,0,8.261757157404401e-12,0.0
M49.88,9,1,3.7177907208319803e-11,9.150679611969598e-12
M51.04,24,6,9.914108588885281e-11,5.4904077671817586e-11
M65.351,5,3,2.0654392893511e-11,2.7452038835908793e-11
M96.0,2,1,8.261757157404401e-12,9.150679611969598e-12
N20.2,3,5,1.2392635736106602e-11,4.5753398059847985e-11
N23.,4,22,1.6523514314808802e-11,2.0131495146333113e-10
N30.20,2,0,8.261757157404401e-12,0.0
N47.1,2,1,8.261757157404401e-12,9.150679611969598e-12
N64.9,2,2,8.261757157404401e-12,1.8301359223939195e-11
N89.8,1,1,4.1308785787022006e-12,9.150679611969598e-12
G43.509,7,2,2.8916150050915402e-11,1.8301359223939195e-11
M63.831,5,1,2.0654392893511e-11,9.150679611969598e-12
M32.10,13,4,5.3701421523128606e-11,3.660271844787839e-11
M41.82,3,2,1.2392635736106602e-11,1.8301359223939195e-11
S06.0X9A,7,1,2.8916150050915402e-11,9.150679611969598e-12
S06.2X1A,6,5,2.4785271472213203e-11,4.5753398059847985e-11
S06.2X9A,2,4,8.261757157404401e-12,3.660271844787839e-11
S14.105D,6,1,2.4785271472213203e-11,9.150679611969598e-12
S22.059S,2,0,8.261757157404401e-12,0.0
S43.395A,1,0,4.1308785787022006e-12,0.0
S46.812S,5,0,2.0654392893511e-11,0.0
S46.911A,12,0,4.9570542944426407e-11,0.0
S49.91XD,4,0,1.6523514314808802e-11,0.0
S55.001D,1,0,4.1308785787022006e-12,0.0
S72.112A,0,2,0.0,1.8301359223939195e-11
S76.001D,1,0,4.1308785787022006e-12,0.0
A69.22,7,0,2.8916150050915402e-11,0.0
B02.39,4,6,1.6523514314808802e-11,5.4904077671817586e-11
C91.90,25,4,1.03271964467555e-10,3.660271844787839e-11
R87.612,7,2,2.8916150050915402e-11,1.8301359223939195e-11
S22.32XG,0,1,0.0,9.150679611969598e-12
S42.352S,1,0,4.1308785787022006e-12,0.0
S76.012D,14,1,5.7832300101830805e-11,9.150679611969598e-12
S76.019A,1,0,4.1308785787022006e-12,0.0
S76.212S,1,0,4.1308785787022006e-12,0.0
S76.812S,1,0,4.1308785787022006e-12,0.0
C44.01,0,1,0.0,9.150679611969598e-12
E10.69,1,0,4.1308785787022006e-12,0.0
N92.5,13,0,5.3701421523128606e-11,0.0
N76.1,1,0,4.1308785787022006e-12,0.0
Q98.0,1,0,4.1308785787022006e-12,0.0
R09.82,1,3,4.1308785787022006e-12,2.7452038835908793e-11
R23.3,0,1,0.0,9.150679611969598e-12
R41.0,0,1,0.0,9.150679611969598e-12
R44.1,2,1,8.261757157404401e-12,9.150679611969598e-12
R46.81,3,1,1.2392635736106602e-11,9.150679611969598e-12
S12.64XS,1,0,4.1308785787022006e-12,0.0
S12.9XXS,3,0,1.2392635736106602e-11,0.0
H81.312,1,2,4.1308785787022006e-12,1.8301359223939195e-11
K65.4,0,1,0.0,9.150679611969598e-12
L02.213,0,1,0.0,9.150679611969598e-12
L60.9,0,2,0.0,1.8301359223939195e-11
M14.69,0,1,0.0,9.150679611969598e-12
M19.032,22,21,9.08793287314484e-11,1.9216427185136153e-10
N03.8,0,1,0.0,9.150679611969598e-12
N62.,4,11,1.6523514314808802e-11,1.0065747573166556e-10
Q87.43,0,1,0.0,9.150679611969598e-12
S14.154A,1,0,4.1308785787022006e-12,0.0
S32.001S,0,4,0.0,3.660271844787839e-11
S43.431A,16,2,6.609405725923521e-11,1.8301359223939195e-11
S43.431D,9,1,3.7177907208319803e-11,9.150679611969598e-12
S22.001A,0,1,0.0,9.150679611969598e-12
S32.442A,1,0,4.1308785787022006e-12,0.0
S33.9XXA,6,2,2.4785271472213203e-11,1.8301359223939195e-11
S40.862A,0,2,0.0,1.8301359223939195e-11
S42.032A,0,3,0.0,2.7452038835908793e-11
S42.222A,0,1,0.0,9.150679611969598e-12
S43.002S,0,1,0.0,9.150679611969598e-12
S43.421S,12,2,4.9570542944426407e-11,1.8301359223939195e-11
S44.01XA,0,2,0.0,1.8301359223939195e-11
S46.019D,0,3,0.0,2.7452038835908793e-11
S46.302S,0,1,0.0,9.150679611969598e-12
S54.21XD,3,1,1.2392635736106602e-11,9.150679611969598e-12
S55.911S,0,6,0.0,5.4904077671817586e-11
S62.611B,0,1,0.0,9.150679611969598e-12
S72.001S,1,1,4.1308785787022006e-12,9.150679611969598e-12
S72.332A,1,0,4.1308785787022006e-12,0.0
S72.8X2A,1,25,4.1308785787022006e-12,2.2876699029923994e-10
S76.101A,0,4,0.0,3.660271844787839e-11
S76.212A,6,1,2.4785271472213203e-11,9.150679611969598e-12
S14.159S,1,0,4.1308785787022006e-12,0.0
S24.159S,1,0,4.1308785787022006e-12,0.0
S32.010S,16,6,6.609405725923521e-11,5.4904077671817586e-11
S32.2XXG,1,1,4.1308785787022006e-12,9.150679611969598e-12
S32.9XXK,5,0,2.0654392893511e-11,0.0
S33.0XXS,6,6,2.4785271472213203e-11,5.4904077671817586e-11
S34.119S,1,0,4.1308785787022006e-12,0.0
S43.439A,1,0,4.1308785787022006e-12,0.0
S43.61XS,5,0,2.0654392893511e-11,0.0
S44.22XD,2,0,8.261757157404401e-12,0.0
S50.861A,1,0,4.1308785787022006e-12,0.0
S52.515S,0,1,0.0,9.150679611969598e-12
S63.391S,0,1,0.0,9.150679611969598e-12
S72.352S,2,0,8.261757157404401e-12,0.0
S76.219A,2,0,8.261757157404401e-12,0.0
Z51.5,84,69,3.4699380061098484e-10,6.313968932259022e-10
Z94.0,2,3,8.261757157404401e-12,2.7452038835908793e-11
S42.211S,0,1,0.0,9.150679611969598e-12
S43.012A,1,0,4.1308785787022006e-12,0.0
S62.92XD,1,0,4.1308785787022006e-12,0.0
T84.7XXD,2,0,8.261757157404401e-12,0.0
S82.025A,0,5,0.0,4.5753398059847985e-11
S82.61XA,4,17,1.6523514314808802e-11,1.5556155340348316e-10
S83.102A,1,0,4.1308785787022006e-12,0.0
S91.202A,1,1,4.1308785787022006e-12,9.150679611969598e-12
S92.325A,0,1,0.0,9.150679611969598e-12
S81.802S,1,0,4.1308785787022006e-12,0.0
S82.392S,2,1,8.261757157404401e-12,9.150679611969598e-12
S82.842A,0,1,0.0,9.150679611969598e-12
S83.194D,2,0,8.261757157404401e-12,0.0
S86.892S,2,0,8.261757157404401e-12,0.0
S93.432A,1,0,4.1308785787022006e-12,0.0
S93.491D,10,0,4.1308785787022e-11,0.0
S94.00XA,1,0,4.1308785787022006e-12,0.0
S94.32XA,2,0,8.261757157404401e-12,0.0
T22.132A,1,0,4.1308785787022006e-12,0.0
T79.A21A,3,0,1.2392635736106602e-11,0.0
T84.54XD,0,1,0.0,9.150679611969598e-12
B00.0,3,0,1.2392635736106602e-11,0.0
D22.39,1,0,4.1308785787022006e-12,0.0
E75.21,14,0,5.7832300101830805e-11,0.0
K06.9,1,0,4.1308785787022006e-12,0.0
M99.41,3,0,1.2392635736106602e-11,0.0
N02.3,1,0,4.1308785787022006e-12,0.0
Q85.01,7,1,2.8916150050915402e-11,9.150679611969598e-12
R65.21,1,0,4.1308785787022006e-12,0.0
Z02.5,5,4,2.0654392893511e-11,3.660271844787839e-11
Z56.9,4,4,1.6523514314808802e-11,3.660271844787839e-11
F95.2,19,15,7.848669299534181e-11,1.3726019417954397e-10
Z47.1,50,27,2.0654392893511e-10,2.4706834952317913e-10
Z51.0,5,1,2.0654392893511e-11,9.150679611969598e-12
G54.8,1,7,4.1308785787022006e-12,6.405475728378719e-11
F31.89,12,7,4.9570542944426407e-11,6.405475728378719e-11
G47.52,7,6,2.8916150050915402e-11,5.4904077671817586e-11
I25.2,7,5,2.8916150050915402e-11,4.5753398059847985e-11
I69.852,2,1,8.261757157404401e-12,9.150679611969598e-12
J38.5,3,1,1.2392635736106602e-11,9.150679611969598e-12
J45.50,8,2,3.3047028629617605e-11,1.8301359223939195e-11
J47.9,4,3,1.6523514314808802e-11,2.7452038835908793e-11
K62.4,7,0,2.8916150050915402e-11,0.0
M13.169,0,7,0.0,6.405475728378719e-11
Z72.821,0,2,0.0,1.8301359223939195e-11
Z79.899,6,8,2.4785271472213203e-11,7.320543689575678e-11
Z82.49,0,1,0.0,9.150679611969598e-12
Z86.010,9,6,3.7177907208319803e-11,5.4904077671817586e-11
Z86.011,0,2,0.0,1.8301359223939195e-11
Z87.09,1,0,4.1308785787022006e-12,0.0
Z87.442,0,18,0.0,1.6471223301545275e-10
Z91.82,3,3,1.2392635736106602e-11,2.7452038835908793e-11
W01.190A,9,0,3.7177907208319803e-11,0.0
Z12.83,1,2,4.1308785787022006e-12,1.8301359223939195e-11
Z3A.11,1,0,4.1308785787022006e-12,0.0
Z3A.38,2,0,8.261757157404401e-12,0.0
B00.2,2,2,8.261757157404401e-12,1.8301359223939195e-11
B02.30,4,1,1.6523514314808802e-11,9.150679611969598e-12
B08.4,1,0,4.1308785787022006e-12,0.0
D17.20,1,0,4.1308785787022006e-12,0.0
D17.79,1,3,4.1308785787022006e-12,2.7452038835908793e-11
E13.8,6,1,2.4785271472213203e-11,9.150679611969598e-12
E27.40,1,0,4.1308785787022006e-12,0.0
E28.8,1,0,4.1308785787022006e-12,0.0
F03.91,0,6,0.0,5.4904077671817586e-11
Z02.71,0,1,0.0,9.150679611969598e-12
Z11.1,0,6,0.0,5.4904077671817586e-11
Z78.0,2,2,8.261757157404401e-12,1.8301359223939195e-11
Z79.1,0,1,0.0,9.150679611969598e-12
Z85.048,2,1,8.261757157404401e-12,9.150679611969598e-12
Z85.820,1,2,4.1308785787022006e-12,1.8301359223939195e-11
Z87.310,0,1,0.0,9.150679611969598e-12
Z96.619,0,1,0.0,9.150679611969598e-12
Z99.3,6,3,2.4785271472213203e-11,2.7452038835908793e-11
W01.198D,0,1,0.0,9.150679611969598e-12
Z11.3,0,4,0.0,3.660271844787839e-11
Z3A.01,1,0,4.1308785787022006e-12,0.0
Z3A.26,1,0,4.1308785787022006e-12,0.0
Z3A.36,1,0,4.1308785787022006e-12,0.0
Z3A.37,1,0,4.1308785787022006e-12,0.0
Z48.01,1,0,4.1308785787022006e-12,0.0
Z77.120,1,0,4.1308785787022006e-12,0.0
Z85.79,0,1,0.0,9.150679611969598e-12
Z86.39,2,0,8.261757157404401e-12,0.0
Z90.02,0,1,0.0,9.150679611969598e-12
Z90.3,2,1,8.261757157404401e-12,9.150679611969598e-12
A51.9,0,1,0.0,9.150679611969598e-12
A54.6,0,1,0.0,9.150679611969598e-12
B19.10,0,2,0.0,1.8301359223939195e-11
C18.7,7,12,2.8916150050915402e-11,1.0980815534363517e-10
C44.622,0,2,0.0,1.8301359223939195e-11
C79.52,0,1,0.0,9.150679611969598e-12
D05.11,11,7,4.54396643657242e-11,6.405475728378719e-11
D17.1,4,6,1.6523514314808802e-11,5.4904077671817586e-11
D35.2,1,3,4.1308785787022006e-12,2.7452038835908793e-11
D72.818,0,1,0.0,9.150679611969598e-12
F20.3,5,14,2.0654392893511e-11,1.2810951456757437e-10
M25.611,21,6,8.674845015274621e-11,5.4904077671817586e-11
M84.411G,1,0,4.1308785787022006e-12,0.0
M94.20,1,4,4.1308785787022006e-12,3.660271844787839e-11
N94.3,14,1,5.7832300101830805e-11,9.150679611969598e-12
O92.70,6,0,2.4785271472213203e-11,0.0
Q27.30,2,0,8.261757157404401e-12,0.0
R10.813,8,2,3.3047028629617605e-11,1.8301359223939195e-11
R20.1,11,0,4.54396643657242e-11,0.0
R47.89,11,0,4.54396643657242e-11,0.0
R70.0,1,0,4.1308785787022006e-12,0.0
C64.2,2,5,8.261757157404401e-12,4.5753398059847985e-11
C78.00,2,3,8.261757157404401e-12,2.7452038835908793e-11
C82.99,0,1,0.0,9.150679611969598e-12
D51.8,17,2,7.02249358379374e-11,1.8301359223939195e-11
G25.82,63,1,2.6024535045823864e-10,9.150679611969598e-12
G70.01,8,6,3.3047028629617605e-11,5.4904077671817586e-11
M62.50,1,0,4.1308785787022006e-12,0.0
E63.9,2,3,8.261757157404401e-12,2.7452038835908793e-11
S76.219D,2,0,8.261757157404401e-12,0.0
H43.399,1,0,4.1308785787022006e-12,0.0
H43.813,0,1,0.0,9.150679611969598e-12
H46.2,1,1,4.1308785787022006e-12,9.150679611969598e-12
H53.141,2,0,8.261757157404401e-12,0.0
H53.149,1,0,4.1308785787022006e-12,0.0
H68.012,1,0,4.1308785787022006e-12,0.0
H69.81,1,0,4.1308785787022006e-12,0.0
I26.92,1,0,4.1308785787022006e-12,0.0
I99.9,1,1,4.1308785787022006e-12,9.150679611969598e-12
J22.,2,0,8.261757157404401e-12,0.0
J40.,3,2,1.2392635736106602e-11,1.8301359223939195e-11
J45.51,2,1,8.261757157404401e-12,9.150679611969598e-12
K02.3,0,1,0.0,9.150679611969598e-12
K05.6,5,2,2.0654392893511e-11,1.8301359223939195e-11
K14.1,1,0,4.1308785787022006e-12,0.0
K29.51,1,0,4.1308785787022006e-12,0.0
L55.9,1,0,4.1308785787022006e-12,0.0
L59.9,2,1,8.261757157404401e-12,9.150679611969598e-12
M13.842,5,4,2.0654392893511e-11,3.660271844787839e-11
M25.40,1,0,4.1308785787022006e-12,0.0
M62.542,6,0,2.4785271472213203e-11,0.0
M62.569,1,0,4.1308785787022006e-12,0.0
M66.872,2,0,8.261757157404401e-12,0.0
G44.85,15,2,6.1963178680533e-11,1.8301359223939195e-11
G57.80,3,0,1.2392635736106602e-11,0.0
S14.109A,5,0,2.0654392893511e-11,0.0
Z12.9,0,3,0.0,2.7452038835908793e-11
A63.0,2,3,8.261757157404401e-12,2.7452038835908793e-11
D15.0,0,3,0.0,2.7452038835908793e-11
M84.662S,1,0,4.1308785787022006e-12,0.0
Q61.8,1,0,4.1308785787022006e-12,0.0
R29.90,1,0,4.1308785787022006e-12,0.0
S06.305D,1,0,4.1308785787022006e-12,0.0
Z90.81,1,1,4.1308785787022006e-12,9.150679611969598e-12
D17.0,2,3,8.261757157404401e-12,2.7452038835908793e-11
D23.62,1,0,4.1308785787022006e-12,0.0
D49.1,0,1,0.0,9.150679611969598e-12
F11.220,1,1,4.1308785787022006e-12,9.150679611969598e-12
B97.33,0,1,0.0,9.150679611969598e-12
C43.9,1,4,4.1308785787022006e-12,3.660271844787839e-11
C50.811,0,1,0.0,9.150679611969598e-12
C82.03,1,1,4.1308785787022006e-12,9.150679611969598e-12
D49.7,5,2,2.0654392893511e-11,1.8301359223939195e-11
D69.6,9,7,3.7177907208319803e-11,6.405475728378719e-11
G06.1,0,1,0.0,9.150679611969598e-12
S34.122D,1,1,4.1308785787022006e-12,9.150679611969598e-12
C65.9,1,1,4.1308785787022006e-12,9.150679611969598e-12
D45.,15,3,6.1963178680533e-11,2.7452038835908793e-11
G24.5,25,1,1.03271964467555e-10,9.150679611969598e-12
G45.3,1,1,4.1308785787022006e-12,9.150679611969598e-12
M88.88,7,1,2.8916150050915402e-11,9.150679611969598e-12
N97.8,6,0,2.4785271472213203e-11,0.0
G11.4,6,7,2.4785271472213203e-11,6.405475728378719e-11
G43.609,0,1,0.0,9.150679611969598e-12
G44.41,3,1,1.2392635736106602e-11,9.150679611969598e-12
H15.011,0,1,0.0,9.150679611969598e-12
H15.012,1,1,4.1308785787022006e-12,9.150679611969598e-12
H66.93,8,2,3.3047028629617605e-11,1.8301359223939195e-11
H68.103,1,1,4.1308785787022006e-12,9.150679611969598e-12
I69.391,5,1,2.0654392893511e-11,9.150679611969598e-12
I78.1,4,2,1.6523514314808802e-11,1.8301359223939195e-11
L66.2,0,1,0.0,9.150679611969598e-12
M11.261,2,1,8.261757157404401e-12,9.150679611969598e-12
M18.12,15,46,6.1963178680533e-11,4.2093126215060144e-10
M23.242,1,1,4.1308785787022006e-12,9.150679611969598e-12
M23.90,5,6,2.0654392893511e-11,5.4904077671817586e-11
M24.211,1,1,4.1308785787022006e-12,9.150679611969598e-12
M70.52,9,6,3.7177907208319803e-11,5.4904077671817586e-11
M80.08XD,4,1,1.6523514314808802e-11,9.150679611969598e-12
M89.29,1,5,4.1308785787022006e-12,4.5753398059847985e-11
M93.272,0,2,0.0,1.8301359223939195e-11
M94.261,4,49,1.6523514314808802e-11,4.4838330098651025e-10
N48.9,0,1,0.0,9.150679611969598e-12
N53.8,0,1,0.0,9.150679611969598e-12
Q38.6,0,1,0.0,9.150679611969598e-12
R06.7,0,1,0.0,9.150679611969598e-12
R14.3,8,1,3.3047028629617605e-11,9.150679611969598e-12
G95.19,1,1,4.1308785787022006e-12,9.150679611969598e-12
H52.7,4,2,1.6523514314808802e-11,1.8301359223939195e-11
I25.41,1,0,4.1308785787022006e-12,0.0
I82.890,0,1,0.0,9.150679611969598e-12
I83.019,0,1,0.0,9.150679611969598e-12
L11.1,1,0,4.1308785787022006e-12,0.0
M13.132,2,0,8.261757157404401e-12,0.0
M23.222,0,5,0.0,4.5753398059847985e-11
M62.412,0,1,0.0,9.150679611969598e-12
N32.89,3,3,1.2392635736106602e-11,2.7452038835908793e-11
R94.30,0,1,0.0,9.150679611969598e-12
S01.01XA,1,1,4.1308785787022006e-12,9.150679611969598e-12
S09.90XD,1,11,4.1308785787022006e-12,1.0065747573166556e-10
S32.018A,3,2,1.2392635736106602e-11,1.8301359223939195e-11
S32.020A,6,2,2.4785271472213203e-11,1.8301359223939195e-11
S46.912A,1,3,4.1308785787022006e-12,2.7452038835908793e-11
M86.679,0,1,0.0,9.150679611969598e-12
N13.8,0,2,0.0,1.8301359223939195e-11
N48.89,5,5,2.0654392893511e-11,4.5753398059847985e-11
R09.02,2,3,8.261757157404401e-12,2.7452038835908793e-11
R26.0,57,3,2.3546007898602544e-10,2.7452038835908793e-11
S06.2X9D,6,3,2.4785271472213203e-11,2.7452038835908793e-11
S20.212D,1,0,4.1308785787022006e-12,0.0
S30.1XXD,3,0,1.2392635736106602e-11,0.0
S44.8X1D,0,4,0.0,3.660271844787839e-11
S76.911S,9,0,3.7177907208319803e-11,0.0
S44.8X2S,1,0,4.1308785787022006e-12,0.0
S53.499S,0,6,0.0,5.4904077671817586e-11
Z91.018,6,0,2.4785271472213203e-11,0.0
S86.002A,10,0,4.1308785787022e-11,0.0
S86.002D,19,1,7.848669299534181e-11,9.150679611969598e-12
S31.829S,0,2,0.0,1.8301359223939195e-11
S82.62XD,4,3,1.6523514314808802e-11,2.7452038835908793e-11
S82.841D,0,2,0.0,1.8301359223939195e-11
S84.01XS,0,1,0.0,9.150679611969598e-12
M47.15,10,7,4.1308785787022e-11,6.405475728378719e-11
R93.2,4,2,1.6523514314808802e-11,1.8301359223939195e-11
S02.2XXA,1,1,4.1308785787022006e-12,9.150679611969598e-12
S06.360S,1,0,4.1308785787022006e-12,0.0
S22.42XD,6,1,2.4785271472213203e-11,9.150679611969598e-12
S32.435D,1,0,4.1308785787022006e-12,0.0
S34.3XXD,1,0,4.1308785787022006e-12,0.0
S43.492S,6,0,2.4785271472213203e-11,0.0
G50.8,18,1,7.435581441663961e-11,9.150679611969598e-12
G52.2,7,0,2.8916150050915402e-11,0.0
G58.8,16,2,6.609405725923521e-11,1.8301359223939195e-11
H00.022,1,0,4.1308785787022006e-12,0.0
H69.83,1,0,4.1308785787022006e-12,0.0
I69.992,1,0,4.1308785787022006e-12,0.0
K11.8,3,0,1.2392635736106602e-11,0.0
K50.019,1,0,4.1308785787022006e-12,0.0
M25.812,9,0,3.7177907208319803e-11,0.0
M33.22,9,6,3.7177907208319803e-11,5.4904077671817586e-11
M53.87,64,9,2.6437622903694084e-10,8.235611650772638e-11
M79.A21,17,0,7.02249358379374e-11,0.0
Q38.1,1,0,4.1308785787022006e-12,0.0
R00.1,10,20,4.1308785787022e-11,1.8301359223939194e-10
R19.8,1,1,4.1308785787022006e-12,9.150679611969598e-12
S32.501A,0,1,0.0,9.150679611969598e-12
S39.011A,5,1,2.0654392893511e-11,9.150679611969598e-12
S39.92XA,7,2,2.8916150050915402e-11,1.8301359223939195e-11
S44.00XD,0,1,0.0,9.150679611969598e-12
S46.202A,1,1,4.1308785787022006e-12,9.150679611969598e-12
S46.811S,5,1,2.0654392893511e-11,9.150679611969598e-12
S60.941S,0,1,0.0,9.150679611969598e-12
S62.641A,0,2,0.0,1.8301359223939195e-11
S76.002S,0,1,0.0,9.150679611969598e-12
M80.08XA,3,0,1.2392635736106602e-11,0.0
N13.2,4,1,1.6523514314808802e-11,9.150679611969598e-12
Z45.02,4,0,1.6523514314808802e-11,0.0
M53.85,4,1,1.6523514314808802e-11,9.150679611969598e-12
M75.50,6,7,2.4785271472213203e-11,6.405475728378719e-11
Z79.51,0,1,0.0,9.150679611969598e-12
S83.241S,1,0,4.1308785787022006e-12,0.0
S86.812S,1,1,4.1308785787022006e-12,9.150679611969598e-12
T16.2XXA,1,0,4.1308785787022006e-12,0.0
Z86.2,5,2,2.0654392893511e-11,1.8301359223939195e-11
Z98.84,6,7,2.4785271472213203e-11,6.405475728378719e-11
S46.211A,3,2,1.2392635736106602e-11,1.8301359223939195e-11
S65.402S,0,1,0.0,9.150679611969598e-12
C95.91,1,0,4.1308785787022006e-12,0.0
E65.,1,0,4.1308785787022006e-12,0.0
G80.9,0,1,0.0,9.150679611969598e-12
D86.2,0,14,0.0,1.2810951456757437e-10
G47.19,3,5,1.2392635736106602e-11,4.5753398059847985e-11
G47.26,2,2,8.261757157404401e-12,1.8301359223939195e-11
Z48.00,4,3,1.6523514314808802e-11,2.7452038835908793e-11
M05.841,11,0,4.54396643657242e-11,0.0
M12.562,0,5,0.0,4.5753398059847985e-11
M13.111,2,7,8.261757157404401e-12,6.405475728378719e-11
F45.9,4,10,1.6523514314808802e-11,9.150679611969597e-11
H49.22,3,0,1.2392635736106602e-11,0.0
I70.323,3,2,1.2392635736106602e-11,1.8301359223939195e-11
E83.51,1,0,4.1308785787022006e-12,0.0
G23.1,5,0,2.0654392893511e-11,0.0
H00.15,1,0,4.1308785787022006e-12,0.0
H10.45,1,1,4.1308785787022006e-12,9.150679611969598e-12
H16.229,3,1,1.2392635736106602e-11,9.150679611969598e-12
H17.89,0,1,0.0,9.150679611969598e-12
H25.013,1,0,4.1308785787022006e-12,0.0
H25.21,4,1,1.6523514314808802e-11,9.150679611969598e-12
H25.89,1,1,4.1308785787022006e-12,9.150679611969598e-12
H25.9,1,0,4.1308785787022006e-12,0.0
H35.373,1,0,4.1308785787022006e-12,0.0
H35.81,1,0,4.1308785787022006e-12,0.0
H52.6,1,0,4.1308785787022006e-12,0.0
H60.91,1,2,4.1308785787022006e-12,1.8301359223939195e-11
M86.671,11,4,4.54396643657242e-11,3.660271844787839e-11
N30.41,1,1,4.1308785787022006e-12,9.150679611969598e-12
N41.9,1,4,4.1308785787022006e-12,3.660271844787839e-11
Z34.02,8,0,3.3047028629617605e-11,0.0
Z39.1,2,0,8.261757157404401e-12,0.0
Z48.816,4,0,1.6523514314808802e-11,0.0
E09.42,2,0,8.261757157404401e-12,0.0
E11.319,2,4,8.261757157404401e-12,3.660271844787839e-11
S83.272A,2,1,8.261757157404401e-12,9.150679611969598e-12
T30.0,2,2,8.261757157404401e-12,1.8301359223939195e-11
W01.0XXS,1,1,4.1308785787022006e-12,9.150679611969598e-12
Z85.828,1,3,4.1308785787022006e-12,2.7452038835908793e-11
Z85.831,3,0,1.2392635736106602e-11,0.0
E27.49,2,1,8.261757157404401e-12,9.150679611969598e-12
F12.980,1,0,4.1308785787022006e-12,0.0
F14.259,2,0,8.261757157404401e-12,0.0
F14.94,1,1,4.1308785787022006e-12,9.150679611969598e-12
F23.,1,0,4.1308785787022006e-12,0.0
G32.0,1,2,4.1308785787022006e-12,1.8301359223939195e-11
S86.092D,3,0,1.2392635736106602e-11,0.0
S32.040S,5,4,2.0654392893511e-11,3.660271844787839e-11
S61.119D,0,1,0.0,9.150679611969598e-12
S82.044A,0,1,0.0,9.150679611969598e-12
S92.352D,0,1,0.0,9.150679611969598e-12
C32.3,0,2,0.0,1.8301359223939195e-11
D68.51,0,14,0.0,1.2810951456757437e-10
E10.65,18,2,7.435581441663961e-11,1.8301359223939195e-11
E11.41,1,15,4.1308785787022006e-12,1.3726019417954397e-10
S16.8XXD,1,1,4.1308785787022006e-12,9.150679611969598e-12
S83.231D,0,3,0.0,2.7452038835908793e-11
H93.239,4,0,1.6523514314808802e-11,0.0
M19.241,4,5,1.6523514314808802e-11,4.5753398059847985e-11
M96.89,1,1,4.1308785787022006e-12,9.150679611969598e-12
S06.303S,0,1,0.0,9.150679611969598e-12
S22.42XG,1,0,4.1308785787022006e-12,0.0
S23.9XXA,2,0,8.261757157404401e-12,0.0
C83.00,2,0,8.261757157404401e-12,0.0
M41.23,1,0,4.1308785787022006e-12,0.0
M53.84,5,2,2.0654392893511e-11,1.8301359223939195e-11
J32.2,4,3,1.6523514314808802e-11,2.7452038835908793e-11
K57.13,1,0,4.1308785787022006e-12,0.0
K92.89,1,0,4.1308785787022006e-12,0.0
L13.9,3,0,1.2392635736106602e-11,0.0
L25.9,1,1,4.1308785787022006e-12,9.150679611969598e-12
L93.2,1,2,4.1308785787022006e-12,1.8301359223939195e-11
M24.462,0,2,0.0,1.8301359223939195e-11
M24.859,1,1,4.1308785787022006e-12,9.150679611969598e-12
M25.061,0,5,0.0,4.5753398059847985e-11
M25.412,0,1,0.0,9.150679611969598e-12
M25.671,3,1,1.2392635736106602e-11,9.150679611969598e-12
M43.8X7,39,1,1.6110426456938582e-10,9.150679611969598e-12
M48.46XD,1,0,4.1308785787022006e-12,0.0
M48.8X4,2,0,8.261757157404401e-12,0.0
M53.83,1,1,4.1308785787022006e-12,9.150679611969598e-12
M62.011,0,1,0.0,9.150679611969598e-12
M62.40,10,1,4.1308785787022e-11,9.150679611969598e-12
M70.20,2,4,8.261757157404401e-12,3.660271844787839e-11
M76.71,8,0,3.3047028629617605e-11,0.0
M96.3,8,0,3.3047028629617605e-11,0.0
M99.61,65,5,2.6850710761564303e-10,4.5753398059847985e-11
N64.3,1,0,4.1308785787022006e-12,0.0
N99.4,2,0,8.261757157404401e-12,0.0
O26.93,1,0,4.1308785787022006e-12,0.0
Q76.0,13,1,5.3701421523128606e-11,9.150679611969598e-12
N25.81,1,1,4.1308785787022006e-12,9.150679611969598e-12
N41.0,2,0,8.261757157404401e-12,0.0
M23.207,0,3,0.0,2.7452038835908793e-11
M35.4,4,2,1.6523514314808802e-11,1.8301359223939195e-11
M41.55,3,1,1.2392635736106602e-11,9.150679611969598e-12
M42.17,2,1,8.261757157404401e-12,9.150679611969598e-12
G47.421,2,0,8.261757157404401e-12,0.0
G54.3,23,3,9.501020731015061e-11,2.7452038835908793e-11
G57.20,2,1,8.261757157404401e-12,9.150679611969598e-12
G95.11,3,1,1.2392635736106602e-11,9.150679611969598e-12
H40.2210,0,1,0.0,9.150679611969598e-12
H61.22,0,4,0.0,3.660271844787839e-11
H81.93,0,4,0.0,3.660271844787839e-11
I46.9,0,1,0.0,9.150679611969598e-12
I34.1,1,4,4.1308785787022006e-12,3.660271844787839e-11
M06.839,0,2,0.0,1.8301359223939195e-11
M12.50,7,6,2.8916150050915402e-11,5.4904077671817586e-11
M12.541,0,2,0.0,1.8301359223939195e-11
Z80.9,4,1,1.6523514314808802e-11,9.150679611969598e-12
Z82.3,2,1,8.261757157404401e-12,9.150679611969598e-12
Z98.62,2,0,8.261757157404401e-12,0.0
T75.23XA,5,0,2.0654392893511e-11,0.0
S32.050A,3,0,1.2392635736106602e-11,0.0
S73.101D,0,1,0.0,9.150679611969598e-12
E16.2,0,5,0.0,4.5753398059847985e-11
E21.3,2,3,8.261757157404401e-12,2.7452038835908793e-11
E87.6,3,4,1.2392635736106602e-11,3.660271844787839e-11
F02.80,10,17,4.1308785787022e-11,1.5556155340348316e-10
F99.,2,4,8.261757157404401e-12,3.660271844787839e-11
S80.211A,0,1,0.0,9.150679611969598e-12
S83.411S,0,1,0.0,9.150679611969598e-12
S92.491A,1,0,4.1308785787022006e-12,0.0
S92.591S,1,0,4.1308785787022006e-12,0.0
T84.54XA,1,1,4.1308785787022006e-12,9.150679611969598e-12
W06.XXXD,0,1,0.0,9.150679611969598e-12
Z42.1,1,0,4.1308785787022006e-12,0.0
Z48.23,1,1,4.1308785787022006e-12,9.150679611969598e-12
Z53.29,4,5,1.6523514314808802e-11,4.5753398059847985e-11
Z90.49,2,1,8.261757157404401e-12,9.150679611969598e-12
H40.159,1,0,4.1308785787022006e-12,0.0
B02.24,1,0,4.1308785787022006e-12,0.0
C76.0,34,7,1.404498716758748e-10,6.405475728378719e-11
S32.810A,0,1,0.0,9.150679611969598e-12
S76.021D,2,0,8.261757157404401e-12,0.0
S76.211S,4,0,1.6523514314808802e-11,0.0
G54.5,22,1,9.08793287314484e-11,9.150679611969598e-12
M46.86,30,1,1.23926357361066e-10,9.150679611969598e-12
R15.2,7,1,2.8916150050915402e-11,9.150679611969598e-12
R45.0,29,4,1.1979547878236381e-10,3.660271844787839e-11
R47.01,30,0,1.23926357361066e-10,0.0
R13.14,6,5,2.4785271472213203e-11,4.5753398059847985e-11
R68.81,3,0,1.2392635736106602e-11,0.0
R87.619,0,2,0.0,1.8301359223939195e-11
S06.309D,2,2,8.261757157404401e-12,1.8301359223939195e-11
S12.591S,0,1,0.0,9.150679611969598e-12
S14.145A,0,1,0.0,9.150679611969598e-12
H02.409,0,1,0.0,9.150679611969598e-12
M48.17,4,0,1.6523514314808802e-11,0.0
E22.0,0,3,0.0,2.7452038835908793e-11
S39.83XA,0,1,0.0,9.150679611969598e-12
S46.112A,7,0,2.8916150050915402e-11,0.0
S72.001D,0,3,0.0,2.7452038835908793e-11
S22.32XA,2,6,8.261757157404401e-12,5.4904077671817586e-11
S23.41XD,5,22,2.0654392893511e-11,2.0131495146333113e-10
S32.008D,0,1,0.0,9.150679611969598e-12
S34.101S,1,0,4.1308785787022006e-12,0.0
S34.109S,6,1,2.4785271472213203e-11,9.150679611969598e-12
S34.139D,0,1,0.0,9.150679611969598e-12
S42.101A,1,0,4.1308785787022006e-12,0.0
S43.432D,3,3,1.2392635736106602e-11,2.7452038835908793e-11
S43.50XS,1,1,4.1308785787022006e-12,9.150679611969598e-12
S52.614S,0,1,0.0,9.150679611969598e-12
S65.593A,0,1,0.0,9.150679611969598e-12
S76.392D,1,0,4.1308785787022006e-12,0.0
S78.112S,4,2,1.6523514314808802e-11,1.8301359223939195e-11
S20.20XA,0,1,0.0,9.150679611969598e-12
S32.040A,8,1,3.3047028629617605e-11,9.150679611969598e-12
S43.52XS,1,2,4.1308785787022006e-12,1.8301359223939195e-11
S43.61XD,1,1,4.1308785787022006e-12,9.150679611969598e-12
S46.219S,0,1,0.0,9.150679611969598e-12
S62.90XA,0,1,0.0,9.150679611969598e-12
S72.114A,1,1,4.1308785787022006e-12,9.150679611969598e-12
M34.1,18,0,7.435581441663961e-11,0.0
S46.099D,46,1,1.9002041462030122e-10,9.150679611969598e-12
T88.0XXA,0,1,0.0,9.150679611969598e-12
S83.8X1D,1,1,4.1308785787022006e-12,9.150679611969598e-12
S83.8X2D,2,1,8.261757157404401e-12,9.150679611969598e-12
S91.301D,0,2,0.0,1.8301359223939195e-11
J01.11,0,1,0.0,9.150679611969598e-12
K50.10,3,5,1.2392635736106602e-11,4.5753398059847985e-11
L94.0,0,9,0.0,8.235611650772638e-11
M06.841,6,0,2.4785271472213203e-11,0.0
Z87.81,2,3,8.261757157404401e-12,2.7452038835908793e-11
G51.2,22,0,9.08793287314484e-11,0.0
M72.6,0,10,0.0,9.150679611969597e-11
M79.9,9,38,3.7177907208319803e-11,3.477258252548447e-10
I70.245,0,1,0.0,9.150679611969598e-12
I86.1,7,2,2.8916150050915402e-11,1.8301359223939195e-11
K42.0,1,2,4.1308785787022006e-12,1.8301359223939195e-11
M06.819,1,0,4.1308785787022006e-12,0.0
Q68.6,0,1,0.0,9.150679611969598e-12
R22.41,2,4,8.261757157404401e-12,3.660271844787839e-11
W18.31XA,1,0,4.1308785787022006e-12,0.0
Z18.9,0,3,0.0,2.7452038835908793e-11
W10.8XXA,4,0,1.6523514314808802e-11,0.0
Z11.59,10,3,4.1308785787022e-11,2.7452038835908793e-11
Z56.6,0,1,0.0,9.150679611969598e-12
C43.59,1,3,4.1308785787022006e-12,2.7452038835908793e-11
D32.0,3,4,1.2392635736106602e-11,3.660271844787839e-11
F11.14,0,1,0.0,9.150679611969598e-12
S83.229S,0,1,0.0,9.150679611969598e-12
Z01.20,3,3,1.2392635736106602e-11,2.7452038835908793e-11
Z68.42,1,1,4.1308785787022006e-12,9.150679611969598e-12
S86.391A,0,1,0.0,9.150679611969598e-12
T84.84XA,4,11,1.6523514314808802e-11,1.0065747573166556e-10
Q71.42,0,1,0.0,9.150679611969598e-12
R68.3,0,2,0.0,1.8301359223939195e-11
C08.9,1,2,4.1308785787022006e-12,1.8301359223939195e-11
M25.642,11,1,4.54396643657242e-11,9.150679611969598e-12
M25.851,6,1,2.4785271472213203e-11,9.150679611969598e-12
M46.40,0,2,0.0,1.8301359223939195e-11
M70.51,7,4,2.8916150050915402e-11,3.660271844787839e-11
M84.459S,15,1,6.1963178680533e-11,9.150679611969598e-12
M87.352,1,0,4.1308785787022006e-12,0.0
M89.8X6,0,1,0.0,9.150679611969598e-12
N42.89,0,2,0.0,1.8301359223939195e-11
R22.9,10,5,4.1308785787022e-11,4.5753398059847985e-11
S14.125D,5,0,2.0654392893511e-11,0.0
S22.41XS,19,3,7.848669299534181e-11,2.7452038835908793e-11
S22.43XD,0,1,0.0,9.150679611969598e-12
S24.109A,0,1,0.0,9.150679611969598e-12
S43.083S,1,0,4.1308785787022006e-12,0.0
S46.221D,0,1,0.0,9.150679611969598e-12
S76.801S,0,1,0.0,9.150679611969598e-12
C79.00,0,1,0.0,9.150679611969598e-12
C84.A0,2,2,8.261757157404401e-12,1.8301359223939195e-11
C88.8,1,0,4.1308785787022006e-12,0.0
D02.21,2,2,8.261757157404401e-12,1.8301359223939195e-11
J96.12,1,1,4.1308785787022006e-12,9.150679611969598e-12
M25.359,1,1,4.1308785787022006e-12,9.150679611969598e-12
T24.639S,0,1,0.0,9.150679611969598e-12
S82.92XD,0,2,0.0,1.8301359223939195e-11
S83.282A,3,2,1.2392635736106602e-11,1.8301359223939195e-11
S96.801S,0,1,0.0,9.150679611969598e-12
Z72.4,12,0,4.9570542944426407e-11,0.0
R39.11,6,2,2.4785271472213203e-11,1.8301359223939195e-11
S14.143S,7,1,2.8916150050915402e-11,9.150679611969598e-12
D50.8,3,0,1.2392635736106602e-11,0.0
E88.81,23,5,9.501020731015061e-11,4.5753398059847985e-11
F50.02,1,0,4.1308785787022006e-12,0.0
F64.8,1,4,4.1308785787022006e-12,3.660271844787839e-11
M07.651,0,1,0.0,9.150679611969598e-12
M48.8X2,8,4,3.3047028629617605e-11,3.660271844787839e-11
F12.93,2,0,8.261757157404401e-12,0.0
M79.11,8,2,3.3047028629617605e-11,1.8301359223939195e-11
Z71.84,0,1,0.0,9.150679611969598e-12
E53.9,1,0,4.1308785787022006e-12,0.0
F21.,2,0,8.261757157404401e-12,0.0
F95.1,8,10,3.3047028629617605e-11,9.150679611969597e-11
D51.9,29,14,1.1979547878236381e-10,1.2810951456757437e-10
S92.322B,0,1,0.0,9.150679611969598e-12
Z86.79,7,1,2.8916150050915402e-11,9.150679611969598e-12
Z96.649,1,4,4.1308785787022006e-12,3.660271844787839e-11
H16.223,10,2,4.1308785787022e-11,1.8301359223939195e-11
L89.122,0,3,0.0,2.7452038835908793e-11
M05.872,2,0,8.261757157404401e-12,0.0
M25.472,1,0,4.1308785787022006e-12,0.0
M48.13,5,0,2.0654392893511e-11,0.0
M71.58,3,0,1.2392635736106602e-11,0.0
M84.471A,1,1,4.1308785787022006e-12,9.150679611969598e-12
N28.89,4,2,1.6523514314808802e-11,1.8301359223939195e-11
N99.3,4,0,1.6523514314808802e-11,0.0
R10.817,1,0,4.1308785787022006e-12,0.0
R59.9,5,4,2.0654392893511e-11,3.660271844787839e-11
C41.9,0,2,0.0,1.8301359223939195e-11
M43.15,1,0,4.1308785787022006e-12,0.0
M43.8X2,10,2,4.1308785787022e-11,1.8301359223939195e-11
M51.44,5,1,2.0654392893511e-11,9.150679611969598e-12
M53.2X6,2,1,8.261757157404401e-12,9.150679611969598e-12
M99.00,60,2,2.47852714722132e-10,1.8301359223939195e-11
M99.06,133,8,5.494068509673927e-10,7.320543689575678e-11
G57.13,79,1,3.2633940771747383e-10,9.150679611969598e-12
H35.3230,5,0,2.0654392893511e-11,0.0
Z33.3,3,1,1.2392635736106602e-11,9.150679611969598e-12
M21.612,7,7,2.8916150050915402e-11,6.405475728378719e-11
T14.8XXS,0,12,0.0,1.0980815534363517e-10
I27.20,6,2,2.4785271472213203e-11,1.8301359223939195e-11
S14.102D,2,0,8.261757157404401e-12,0.0
N52.35,7,0,2.8916150050915402e-11,0.0
E11.3399,1,2,4.1308785787022006e-12,1.8301359223939195e-11
T14.91XD,6,2,2.4785271472213203e-11,1.8301359223939195e-11
Z71.82,45,3135,1.8588953604159902e-10,2.8687380583524686e-08
V86.55XS,0,2,0.0,1.8301359223939195e-11
R59.0,3,10,1.2392635736106602e-11,9.150679611969597e-11
S00.90XA,2,0,8.261757157404401e-12,0.0
S10.90XA,1,1,4.1308785787022006e-12,9.150679611969598e-12
B96.81,3,2,1.2392635736106602e-11,1.8301359223939195e-11
C18.2,0,4,0.0,3.660271844787839e-11
C44.719,0,1,0.0,9.150679611969598e-12
D17.22,0,1,0.0,9.150679611969598e-12
D33.3,2,1,8.261757157404401e-12,9.150679611969598e-12
D36.10,2,2,8.261757157404401e-12,1.8301359223939195e-11
F11.982,1,0,4.1308785787022006e-12,0.0
F31.2,7,2,2.8916150050915402e-11,1.8301359223939195e-11
F43.24,1,0,4.1308785787022006e-12,0.0
G30.8,1,0,4.1308785787022006e-12,0.0
F31.64,5,2,2.0654392893511e-11,1.8301359223939195e-11
F68.8,1,1,4.1308785787022006e-12,9.150679611969598e-12
S66.911A,0,1,0.0,9.150679611969598e-12
S73.101A,0,1,0.0,9.150679611969598e-12
S32.000G,0,1,0.0,9.150679611969598e-12
S32.19XS,1,1,4.1308785787022006e-12,9.150679611969598e-12
S43.005D,1,0,4.1308785787022006e-12,0.0
S44.02XA,4,1,1.6523514314808802e-11,9.150679611969598e-12
S53.195D,1,0,4.1308785787022006e-12,0.0
S66.912A,1,0,4.1308785787022006e-12,0.0
S66.912D,1,0,4.1308785787022006e-12,0.0
S73.191A,1,0,4.1308785787022006e-12,0.0
G47.12,5,1,2.0654392893511e-11,9.150679611969598e-12
H00.11,0,1,0.0,9.150679611969598e-12
H15.101,0,1,0.0,9.150679611969598e-12
H17.9,0,1,0.0,9.150679611969598e-12
H60.8X1,1,2,4.1308785787022006e-12,1.8301359223939195e-11
H69.90,0,1,0.0,9.150679611969598e-12
R97.21,23,0,9.501020731015061e-11,0.0
G57.53,28,2,1.1566460020366161e-10,1.8301359223939195e-11
A59.9,0,1,0.0,9.150679611969598e-12
S63.267S,1,0,4.1308785787022006e-12,0.0
Z85.3,6,5,2.4785271472213203e-11,4.5753398059847985e-11
M26.633,1,0,4.1308785787022006e-12,0.0
F42.8,2,1,8.261757157404401e-12,9.150679611969598e-12
F64.0,3,0,1.2392635736106602e-11,0.0
H40.1131,1,2,4.1308785787022006e-12,1.8301359223939195e-11
G71.00,39,0,1.6110426456938582e-10,0.0
F50.81,14,1,5.7832300101830805e-11,9.150679611969598e-12
I69.211,1,0,4.1308785787022006e-12,0.0
H40.1132,1,0,4.1308785787022006e-12,0.0
E11.3213,0,1,0.0,9.150679611969598e-12
N42.30,1,0,4.1308785787022006e-12,0.0
R31.21,2,2,8.261757157404401e-12,1.8301359223939195e-11
N50.89,4,2,1.6523514314808802e-11,1.8301359223939195e-11
X50.1XXA,1,0,4.1308785787022006e-12,0.0
K85.00,1,0,4.1308785787022006e-12,0.0
M26.619,1,0,4.1308785787022006e-12,0.0
T14.90XA,3,2,1.2392635736106602e-11,1.8301359223939195e-11
N63.14,1,0,4.1308785787022006e-12,0.0
T14.91XS,1,1,4.1308785787022006e-12,9.150679611969598e-12
N63.0,2,3,8.261757157404401e-12,2.7452038835908793e-11
T07.XXXD,1,0,4.1308785787022006e-12,0.0
F60.1,49,0,2.0241305035640782e-10,0.0
H90.0,2,0,8.261757157404401e-12,0.0
G03.9,8,23,3.3047028629617605e-11,2.1046563107530072e-10
C16.9,4,1,1.6523514314808802e-11,9.150679611969598e-12
H33.009,0,1,0.0,9.150679611969598e-12
I24.0,1,0,4.1308785787022006e-12,0.0
I65.01,2,0,8.261757157404401e-12,0.0
L26.,1,1,4.1308785787022006e-12,9.150679611969598e-12
L70.9,4,11,1.6523514314808802e-11,1.0065747573166556e-10
L97.321,0,1,0.0,9.150679611969598e-12
M16.31,2,0,8.261757157404401e-12,0.0
M23.212,2,0,8.261757157404401e-12,0.0
M25.311,9,4,3.7177907208319803e-11,3.660271844787839e-11
M25.774,1,1,4.1308785787022006e-12,9.150679611969598e-12
M43.09,2,0,8.261757157404401e-12,0.0
M46.24,2,0,8.261757157404401e-12,0.0
M53.2X7,29,0,1.1979547878236381e-10,0.0
G57.90,22,3,9.08793287314484e-11,2.7452038835908793e-11
G93.5,5,0,2.0654392893511e-11,0.0
K51.80,5,2,2.0654392893511e-11,1.8301359223939195e-11
L11.0,2,0,8.261757157404401e-12,0.0
M12.571,3,1,1.2392635736106602e-11,9.150679611969598e-12
M35.01,5,0,2.0654392893511e-11,0.0
R76.12,2,0,8.261757157404401e-12,0.0
B37.2,2,0,8.261757157404401e-12,0.0
G43.411,20,8,8.2617571574044e-11,7.320543689575678e-11
M12.89,0,2,0.0,1.8301359223939195e-11
K57.11,2,0,8.261757157404401e-12,0.0
M67.833,1,0,4.1308785787022006e-12,0.0
L70.8,3,0,1.2392635736106602e-11,0.0
L85.0,4,0,1.6523514314808802e-11,0.0
H02.401,1,0,4.1308785787022006e-12,0.0
M18.31,4,0,1.6523514314808802e-11,0.0
M24.151,1,0,4.1308785787022006e-12,0.0
M25.761,3,2,1.2392635736106602e-11,1.8301359223939195e-11
M43.8X3,1,0,4.1308785787022006e-12,0.0
M89.471,1,0,4.1308785787022006e-12,0.0
Q44.6,2,0,8.261757157404401e-12,0.0
R10.812,2,0,8.261757157404401e-12,0.0
K08.491,0,1,0.0,9.150679611969598e-12
K14.6,6,7,2.4785271472213203e-11,6.405475728378719e-11
M62.18,2,0,8.261757157404401e-12,0.0
C83.18,1,1,4.1308785787022006e-12,9.150679611969598e-12
G37.8,2,1,8.261757157404401e-12,9.150679611969598e-12
Z79.82,0,1,0.0,9.150679611969598e-12
S06.2X0A,14,13,5.7832300101830805e-11,1.1895883495560475e-10
S86.092S,19,0,7.848669299534181e-11,0.0
Y93.42,6,0,2.4785271472213203e-11,0.0
E44.0,1,2,4.1308785787022006e-12,1.8301359223939195e-11
G12.20,3,1,1.2392635736106602e-11,9.150679611969598e-12
D86.0,20,8,8.2617571574044e-11,7.320543689575678e-11
B18.1,2,2,8.261757157404401e-12,1.8301359223939195e-11
C09.9,6,3,2.4785271472213203e-11,2.7452038835908793e-11
C25.0,3,3,1.2392635736106602e-11,2.7452038835908793e-11
C25.3,5,2,2.0654392893511e-11,1.8301359223939195e-11
C77.2,1,3,4.1308785787022006e-12,2.7452038835908793e-11
D86.85,11,0,4.54396643657242e-11,0.0
J38.3,2,0,8.261757157404401e-12,0.0
K13.29,5,0,2.0654392893511e-11,0.0
K74.69,11,8,4.54396643657242e-11,7.320543689575678e-11
K75.4,9,1,3.7177907208319803e-11,9.150679611969598e-12
K76.6,0,1,0.0,9.150679611969598e-12
K80.81,0,2,0.0,1.8301359223939195e-11
L73.0,0,1,0.0,9.150679611969598e-12
M87.151,0,1,0.0,9.150679611969598e-12
N20.1,8,1,3.3047028629617605e-11,9.150679611969598e-12
N21.0,2,1,8.261757157404401e-12,9.150679611969598e-12
N60.29,0,2,0.0,1.8301359223939195e-11
N64.59,0,1,0.0,9.150679611969598e-12
N64.81,2,1,8.261757157404401e-12,9.150679611969598e-12
N85.00,1,2,4.1308785787022006e-12,1.8301359223939195e-11
S06.2X6D,10,0,4.1308785787022e-11,0.0
S32.030D,3,8,1.2392635736106602e-11,7.320543689575678e-11
S42.022K,0,2,0.0,1.8301359223939195e-11
S76.399D,1,0,4.1308785787022006e-12,0.0
S63.501D,3,0,1.2392635736106602e-11,0.0
S72.92XA,6,0,2.4785271472213203e-11,0.0
S43.429S,3,0,1.2392635736106602e-11,0.0
S72.115D,3,0,1.2392635736106602e-11,0.0
S83.207S,1,2,4.1308785787022006e-12,1.8301359223939195e-11
S92.302A,3,0,1.2392635736106602e-11,0.0
T84.093A,4,0,1.6523514314808802e-11,0.0
T84.7XXS,0,2,0.0,1.8301359223939195e-11
T84.84XS,11,2,4.54396643657242e-11,1.8301359223939195e-11
Z98.818,2,7,8.261757157404401e-12,6.405475728378719e-11
D43.1,0,2,0.0,1.8301359223939195e-11
E04.8,0,1,0.0,9.150679611969598e-12
E83.119,0,1,0.0,9.150679611969598e-12
G25.1,2,2,8.261757157404401e-12,1.8301359223939195e-11
Z73.6,6,18,2.4785271472213203e-11,1.6471223301545275e-10
E23.2,2,2,8.261757157404401e-12,1.8301359223939195e-11
G40.409,2,1,8.261757157404401e-12,9.150679611969598e-12
G40.802,3,0,1.2392635736106602e-11,0.0
Z79.4,10,1,4.1308785787022e-11,9.150679611969598e-12
Z90.711,3,1,1.2392635736106602e-11,9.150679611969598e-12
H25.11,2,6,8.261757157404401e-12,5.4904077671817586e-11
H65.21,0,2,0.0,1.8301359223939195e-11
H81.20,16,1,6.609405725923521e-11,9.150679611969598e-12
H81.91,3,0,1.2392635736106602e-11,0.0
H90.42,1,3,4.1308785787022006e-12,2.7452038835908793e-11
I15.8,0,1,0.0,9.150679611969598e-12
I63.512,0,2,0.0,1.8301359223939195e-11
I71.4,2,6,8.261757157404401e-12,5.4904077671817586e-11
M43.19,3,1,1.2392635736106602e-11,9.150679611969598e-12
M13.172,3,1,1.2392635736106602e-11,9.150679611969598e-12
M23.611,2,3,8.261757157404401e-12,2.7452038835908793e-11
M25.062,1,2,4.1308785787022006e-12,1.8301359223939195e-11
M27.40,0,1,0.0,9.150679611969598e-12
M51.15,16,6,6.609405725923521e-11,5.4904077671817586e-11
M67.441,3,1,1.2392635736106602e-11,9.150679611969598e-12
C69.50,0,8,0.0,7.320543689575678e-11
C77.0,12,4,4.9570542944426407e-11,3.660271844787839e-11
C83.17,1,0,4.1308785787022006e-12,0.0
D04.62,1,0,4.1308785787022006e-12,0.0
D61.818,3,5,1.2392635736106602e-11,4.5753398059847985e-11
S88.922D,0,3,0.0,2.7452038835908793e-11
S10.95XA,1,0,4.1308785787022006e-12,0.0
G57.62,8,2,3.3047028629617605e-11,1.8301359223939195e-11
I70.261,0,2,0.0,1.8301359223939195e-11
I82.0,1,2,4.1308785787022006e-12,1.8301359223939195e-11
K60.0,3,1,1.2392635736106602e-11,9.150679611969598e-12
K62.82,2,1,8.261757157404401e-12,9.150679611969598e-12
K62.9,2,1,8.261757157404401e-12,9.150679611969598e-12
M00.061,0,1,0.0,9.150679611969598e-12
M46.99,2,0,8.261757157404401e-12,0.0
M67.853,1,0,4.1308785787022006e-12,0.0
M70.88,1,0,4.1308785787022006e-12,0.0
M71.331,2,0,8.261757157404401e-12,0.0
M79.A29,19,0,7.848669299534181e-11,0.0
M84.559S,5,0,2.0654392893511e-11,0.0
M86.09,1,0,4.1308785787022006e-12,0.0
G56.11,1,0,4.1308785787022006e-12,0.0
M22.3X2,1,1,4.1308785787022006e-12,9.150679611969598e-12
M24.021,1,1,4.1308785787022006e-12,9.150679611969598e-12
M24.022,7,21,2.8916150050915402e-11,1.9216427185136153e-10
M86.171,1,0,4.1308785787022006e-12,0.0
M86.271,0,4,0.0,3.660271844787839e-11
M87.152,1,0,4.1308785787022006e-12,0.0
N13.30,1,2,4.1308785787022006e-12,1.8301359223939195e-11
N48.29,31,1,1.280572359397682e-10,9.150679611969598e-12
N76.4,1,0,4.1308785787022006e-12,0.0
N87.1,1,0,4.1308785787022006e-12,0.0
R04.2,1,3,4.1308785787022006e-12,2.7452038835908793e-11
R16.0,0,4,0.0,3.660271844787839e-11
I69.859,2,1,8.261757157404401e-12,9.150679611969598e-12
J45.30,19,6,7.848669299534181e-11,5.4904077671817586e-11
M20.21,10,3,4.1308785787022e-11,2.7452038835908793e-11
M66.9,3,0,1.2392635736106602e-11,0.0
M24.111,2,0,8.261757157404401e-12,0.0
M49.87,11,23,4.54396643657242e-11,2.1046563107530072e-10
H47.019,2,0,8.261757157404401e-12,0.0
M23.331,2,2,8.261757157404401e-12,1.8301359223939195e-11
M99.43,32,3,1.3218811451847042e-10,2.7452038835908793e-11
S12.01XA,2,0,8.261757157404401e-12,0.0
S32.010D,15,2,6.1963178680533e-11,1.8301359223939195e-11
S40.019A,0,2,0.0,1.8301359223939195e-11
S52.513D,0,1,0.0,9.150679611969598e-12
S62.92XS,2,1,8.261757157404401e-12,9.150679611969598e-12
S22.42XS,16,5,6.609405725923521e-11,4.5753398059847985e-11
H60.12,0,2,0.0,1.8301359223939195e-11
I69.922,5,0,2.0654392893511e-11,0.0
M47.28,3,0,1.2392635736106602e-11,0.0
M67.969,0,5,0.0,4.5753398059847985e-11
M67.971,0,1,0.0,9.150679611969598e-12
M71.552,10,0,4.1308785787022e-11,0.0
M71.561,4,1,1.6523514314808802e-11,9.150679611969598e-12
R87.89,0,1,0.0,9.150679611969598e-12
S12.691B,1,0,4.1308785787022006e-12,0.0
I30.9,1,0,4.1308785787022006e-12,0.0
K50.118,1,0,4.1308785787022006e-12,0.0
M25.772,4,0,1.6523514314808802e-11,0.0
N45.1,11,0,4.54396643657242e-11,0.0
R29.818,3,2,1.2392635736106602e-11,1.8301359223939195e-11
G57.72,1,3,4.1308785787022006e-12,2.7452038835908793e-11
H66.003,0,2,0.0,1.8301359223939195e-11
N89.9,1,0,4.1308785787022006e-12,0.0
S06.2X0S,49,2,2.0241305035640782e-10,1.8301359223939195e-11
S22.009S,1,1,4.1308785787022006e-12,9.150679611969598e-12
J96.01,2,1,8.261757157404401e-12,9.150679611969598e-12
L72.9,2,1,8.261757157404401e-12,9.150679611969598e-12
M14.852,0,2,0.0,1.8301359223939195e-11
M23.309,0,2,0.0,1.8301359223939195e-11
M24.549,2,1,8.261757157404401e-12,9.150679611969598e-12
M24.831,0,2,0.0,1.8301359223939195e-11
M65.821,0,1,0.0,9.150679611969598e-12
M76.42,0,1,0.0,9.150679611969598e-12
R06.9,5,0,2.0654392893511e-11,0.0
R06.89,1,1,4.1308785787022006e-12,9.150679611969598e-12
S19.80XS,2,0,8.261757157404401e-12,0.0
S42.202S,2,0,8.261757157404401e-12,0.0
S72.302S,2,2,8.261757157404401e-12,1.8301359223939195e-11
S22.060A,4,0,1.6523514314808802e-11,0.0
S22.060S,8,0,3.3047028629617605e-11,0.0
S23.429S,1,0,4.1308785787022006e-12,0.0
S43.491S,5,1,2.0654392893511e-11,9.150679611969598e-12
S46.102D,1,0,4.1308785787022006e-12,0.0
S46.191D,1,0,4.1308785787022006e-12,0.0
S46.199A,0,1,0.0,9.150679611969598e-12
S46.222D,1,1,4.1308785787022006e-12,9.150679611969598e-12
S46.902D,1,0,4.1308785787022006e-12,0.0
S46.992A,1,0,4.1308785787022006e-12,0.0
S53.401A,1,0,4.1308785787022006e-12,0.0
S82.142A,0,2,0.0,1.8301359223939195e-11
S82.62XA,0,1,0.0,9.150679611969598e-12
S82.862D,0,1,0.0,9.150679611969598e-12
S83.232A,2,2,8.261757157404401e-12,1.8301359223939195e-11
S93.409A,2,0,8.261757157404401e-12,0.0
S93.602A,0,1,0.0,9.150679611969598e-12
S98.212D,1,0,4.1308785787022006e-12,0.0
T81.31XA,0,1,0.0,9.150679611969598e-12
T84.022A,1,0,4.1308785787022006e-12,0.0
T84.50XA,0,1,0.0,9.150679611969598e-12
T84.53XS,1,4,4.1308785787022006e-12,3.660271844787839e-11
S88.911D,0,1,0.0,9.150679611969598e-12
T23.232D,1,0,4.1308785787022006e-12,0.0
S84.12XD,8,0,3.3047028629617605e-11,0.0
S86.011D,3,0,1.2392635736106602e-11,0.0
S86.111D,1,0,4.1308785787022006e-12,0.0
S86.912D,1,0,4.1308785787022006e-12,0.0
S93.402D,2,7,8.261757157404401e-12,6.405475728378719e-11
S93.429D,0,1,0.0,9.150679611969598e-12
S93.499D,1,0,4.1308785787022006e-12,0.0
S83.212D,1,0,4.1308785787022006e-12,0.0
S83.212S,1,0,4.1308785787022006e-12,0.0
S83.221S,1,0,4.1308785787022006e-12,0.0
S83.231A,3,0,1.2392635736106602e-11,0.0
S83.421S,1,0,4.1308785787022006e-12,0.0
S83.512A,1,1,4.1308785787022006e-12,9.150679611969598e-12
S83.512D,1,1,4.1308785787022006e-12,9.150679611969598e-12
T81.31XD,0,1,0.0,9.150679611969598e-12
W01.0XXA,2,5,8.261757157404401e-12,4.5753398059847985e-11
W01.119A,0,1,0.0,9.150679611969598e-12
W07.XXXA,1,0,4.1308785787022006e-12,0.0
W18.30XA,1,3,4.1308785787022006e-12,2.7452038835908793e-11
Z30.2,2,2,8.261757157404401e-12,1.8301359223939195e-11
Z85.9,6,1,2.4785271472213203e-11,9.150679611969598e-12
Z86.61,1,0,4.1308785787022006e-12,0.0
Z89.412,1,0,4.1308785787022006e-12,0.0
Z98.82,0,3,0.0,2.7452038835908793e-11
A88.1,18,7,7.435581441663961e-11,6.405475728378719e-11
C44.41,2,13,8.261757157404401e-12,1.1895883495560475e-10
D18.01,0,1,0.0,9.150679611969598e-12
F52.0,0,1,0.0,9.150679611969598e-12
F52.22,1,2,4.1308785787022006e-12,1.8301359223939195e-11
F66.,0,1,0.0,9.150679611969598e-12
Z76.5,1,0,4.1308785787022006e-12,0.0
Z91.048,0,1,0.0,9.150679611969598e-12
Z88.9,0,2,0.0,1.8301359223939195e-11
Z91.14,0,1,0.0,9.150679611969598e-12
S13.8XXA,3,0,1.2392635736106602e-11,0.0
S42.221A,0,1,0.0,9.150679611969598e-12
S42.331S,1,0,4.1308785787022006e-12,0.0
S46.102S,2,0,8.261757157404401e-12,0.0
S46.201A,3,0,1.2392635736106602e-11,0.0
S46.202D,1,1,4.1308785787022006e-12,9.150679611969598e-12
S52.515A,1,0,4.1308785787022006e-12,0.0
S52.591A,1,0,4.1308785787022006e-12,0.0
S54.01XA,7,0,2.8916150050915402e-11,0.0
S60.219A,0,1,0.0,9.150679611969598e-12
S63.639A,0,1,0.0,9.150679611969598e-12
S72.362S,1,0,4.1308785787022006e-12,0.0
K51.918,2,0,8.261757157404401e-12,0.0
K86.0,10,9,4.1308785787022e-11,8.235611650772638e-11
M24.661,1,0,4.1308785787022006e-12,0.0
M25.651,6,2,2.4785271472213203e-11,1.8301359223939195e-11
G47.50,5,0,2.0654392893511e-11,0.0
M19.242,0,1,0.0,9.150679611969598e-12
M20.011,0,1,0.0,9.150679611969598e-12
M24.159,1,3,4.1308785787022006e-12,2.7452038835908793e-11
K90.0,3,4,1.2392635736106602e-11,3.660271844787839e-11
L50.3,2,0,8.261757157404401e-12,0.0
L80.,1,0,4.1308785787022006e-12,0.0
L85.2,1,0,4.1308785787022006e-12,0.0
M06.871,1,0,4.1308785787022006e-12,0.0
M61.161,1,0,4.1308785787022006e-12,0.0
T34.99XS,0,1,0.0,9.150679611969598e-12
M10.051,0,2,0.0,1.8301359223939195e-11
M13.159,0,2,0.0,1.8301359223939195e-11
B37.0,0,2,0.0,1.8301359223939195e-11
M24.521,1,0,4.1308785787022006e-12,0.0
M62.432,1,0,4.1308785787022006e-12,0.0
M62.442,5,0,2.0654392893511e-11,0.0
M70.912,0,23,0.0,2.1046563107530072e-10
M71.50,4,0,1.6523514314808802e-11,0.0
M84.472A,0,1,0.0,9.150679611969598e-12
R73.09,2,3,8.261757157404401e-12,2.7452038835908793e-11
B35.9,1,1,4.1308785787022006e-12,9.150679611969598e-12
E85.4,0,1,0.0,9.150679611969598e-12
F11.19,1,0,4.1308785787022006e-12,0.0
G90.513,19,1,7.848669299534181e-11,9.150679611969598e-12
L43.9,3,1,1.2392635736106602e-11,9.150679611969598e-12
M33.29,0,2,0.0,1.8301359223939195e-11
M41.24,10,2,4.1308785787022e-11,1.8301359223939195e-11
M14.832,1,0,4.1308785787022006e-12,0.0
M89.8X9,1,4,4.1308785787022006e-12,3.660271844787839e-11
G83.14,3,0,1.2392635736106602e-11,0.0
K60.1,6,1,2.4785271472213203e-11,9.150679611969598e-12
I69.369,1,0,4.1308785787022006e-12,0.0
M49.84,2,0,8.261757157404401e-12,0.0
S14.123A,0,1,0.0,9.150679611969598e-12
S46.009A,0,2,0.0,1.8301359223939195e-11
S46.122D,1,0,4.1308785787022006e-12,0.0
S46.311A,3,0,1.2392635736106602e-11,0.0
S68.629D,4,0,1.6523514314808802e-11,0.0
S76.091D,0,1,0.0,9.150679611969598e-12
S32.811S,7,0,2.8916150050915402e-11,0.0
S34.01XA,1,0,4.1308785787022006e-12,0.0
S34.02XS,2,0,8.261757157404401e-12,0.0
S42.201D,0,1,0.0,9.150679611969598e-12
S42.425D,2,0,8.261757157404401e-12,0.0
S71.132S,2,0,8.261757157404401e-12,0.0
T31.77,3,0,1.2392635736106602e-11,0.0
S92.351A,0,1,0.0,9.150679611969598e-12
S83.90XA,1,1,4.1308785787022006e-12,9.150679611969598e-12
B07.9,2,2,8.261757157404401e-12,1.8301359223939195e-11
E74.20,2,0,8.261757157404401e-12,0.0
D89.811,1,0,4.1308785787022006e-12,0.0
E27.2,2,0,8.261757157404401e-12,0.0
M23.239,1,2,4.1308785787022006e-12,1.8301359223939195e-11
M24.561,9,1,3.7177907208319803e-11,9.150679611969598e-12
M70.812,2,0,8.261757157404401e-12,0.0
S12.110S,6,0,2.4785271472213203e-11,0.0
G51.8,7,1,2.8916150050915402e-11,9.150679611969598e-12
G98.8,54,0,2.230674432499188e-10,0.0
H81.92,10,0,4.1308785787022e-11,0.0
M06.811,2,0,8.261757157404401e-12,0.0
M50.81,6,1,2.4785271472213203e-11,9.150679611969598e-12
N94.5,22,3,9.08793287314484e-11,2.7452038835908793e-11
Q76.2,2,0,8.261757157404401e-12,0.0
S33.0XXA,0,10,0.0,9.150679611969597e-11
S34.21XS,6,0,2.4785271472213203e-11,0.0
S43.422D,13,1,5.3701421523128606e-11,9.150679611969598e-12
Z88.8,2,0,8.261757157404401e-12,0.0
F17.201,11,1,4.54396643657242e-11,9.150679611969598e-12
F19.24,9,0,3.7177907208319803e-11,0.0
F40.248,2,0,8.261757157404401e-12,0.0
M24.7,0,1,0.0,9.150679611969598e-12
M34.81,0,2,0.0,1.8301359223939195e-11
M40.13,0,1,0.0,9.150679611969598e-12
M99.52,7,0,2.8916150050915402e-11,0.0
G45.8,7,1,2.8916150050915402e-11,9.150679611969598e-12
G95.29,2,1,8.261757157404401e-12,9.150679611969598e-12
I68.8,1,0,4.1308785787022006e-12,0.0
L73.1,1,1,4.1308785787022006e-12,9.150679611969598e-12
M23.332,3,0,1.2392635736106602e-11,0.0
M48.20,1,0,4.1308785787022006e-12,0.0
M65.872,2,1,8.261757157404401e-12,9.150679611969598e-12
Z13.79,1,0,4.1308785787022006e-12,0.0
Z72.820,1,3,4.1308785787022006e-12,2.7452038835908793e-11
Z86.19,1,3,4.1308785787022006e-12,2.7452038835908793e-11
Z94.3,0,1,0.0,9.150679611969598e-12
G40.219,6,1,2.4785271472213203e-11,9.150679611969598e-12
M86.39,1,0,4.1308785787022006e-12,0.0
R80.9,0,3,0.0,2.7452038835908793e-11
S12.112G,1,0,4.1308785787022006e-12,0.0
I63.49,4,0,1.6523514314808802e-11,0.0
M21.6X1,1,1,4.1308785787022006e-12,9.150679611969598e-12
M42.06,5,0,2.0654392893511e-11,0.0
R89.6,0,1,0.0,9.150679611969598e-12
S06.301S,4,3,1.6523514314808802e-11,2.7452038835908793e-11
S22.030G,1,0,4.1308785787022006e-12,0.0
S22.20XS,4,2,1.6523514314808802e-11,1.8301359223939195e-11
S43.429A,7,4,2.8916150050915402e-11,3.660271844787839e-11
S46.312A,2,1,8.261757157404401e-12,9.150679611969598e-12
S56.212A,1,0,4.1308785787022006e-12,0.0
S83.241D,1,1,4.1308785787022006e-12,9.150679611969598e-12
S93.402S,10,0,4.1308785787022e-11,0.0
S97.82XS,3,0,1.2392635736106602e-11,0.0
Z68.31,0,6,0.0,5.4904077671817586e-11
Z30.432,1,0,4.1308785787022006e-12,0.0
Z68.26,0,1,0.0,9.150679611969598e-12
Z68.38,0,2,0.0,1.8301359223939195e-11
F40.233,0,1,0.0,9.150679611969598e-12
G37.9,1,2,4.1308785787022006e-12,1.8301359223939195e-11
S22.31XS,3,1,1.2392635736106602e-11,9.150679611969598e-12
G05.4,2,0,8.261757157404401e-12,0.0
G21.11,0,2,0.0,1.8301359223939195e-11
G30.0,1,9,4.1308785787022006e-12,8.235611650772638e-11
G31.09,11,4,4.54396643657242e-11,3.660271844787839e-11
S84.01XA,10,0,4.1308785787022e-11,0.0
S86.012A,8,0,3.3047028629617605e-11,0.0
S98.912A,5,0,2.0654392893511e-11,0.0
T16.9XXA,0,1,0.0,9.150679611969598e-12
Z41.8,2,0,8.261757157404401e-12,0.0
C92.00,0,6,0.0,5.4904077671817586e-11
D00.2,2,0,8.261757157404401e-12,0.0
D55.0,0,1,0.0,9.150679611969598e-12
F17.221,5,2,2.0654392893511e-11,1.8301359223939195e-11
G21.19,2,0,8.261757157404401e-12,0.0
C34.91,2,5,8.261757157404401e-12,4.5753398059847985e-11
C66.2,1,1,4.1308785787022006e-12,9.150679611969598e-12
C77.1,0,4,0.0,3.660271844787839e-11
D11.0,2,1,8.261757157404401e-12,9.150679611969598e-12
D17.24,0,1,0.0,9.150679611969598e-12
D46.Z,1,0,4.1308785787022006e-12,0.0
D68.59,1,1,4.1308785787022006e-12,9.150679611969598e-12
F14.14,11,1,4.54396643657242e-11,9.150679611969598e-12
F31.74,0,1,0.0,9.150679611969598e-12
S83.207D,2,1,8.261757157404401e-12,9.150679611969598e-12
S86.992A,0,1,0.0,9.150679611969598e-12
Z89.111,2,0,8.261757157404401e-12,0.0
H04.121,0,1,0.0,9.150679611969598e-12
H10.31,1,0,4.1308785787022006e-12,0.0
H53.40,1,0,4.1308785787022006e-12,0.0
H53.71,1,2,4.1308785787022006e-12,1.8301359223939195e-11
H66.92,1,1,4.1308785787022006e-12,9.150679611969598e-12
H81.8X3,3,0,1.2392635736106602e-11,0.0
M23.51,7,1,2.8916150050915402e-11,9.150679611969598e-12
M24.119,0,2,0.0,1.8301359223939195e-11
J20.4,1,0,4.1308785787022006e-12,0.0
H93.8X2,0,2,0.0,1.8301359223939195e-11
I20.0,1,1,4.1308785787022006e-12,9.150679611969598e-12
I27.81,0,1,0.0,9.150679611969598e-12
I50.23,1,0,4.1308785787022006e-12,0.0
I50.41,1,1,4.1308785787022006e-12,9.150679611969598e-12
J16.8,1,1,4.1308785787022006e-12,9.150679611969598e-12
K22.5,0,2,0.0,1.8301359223939195e-11
L02.212,1,0,4.1308785787022006e-12,0.0
L92.9,1,0,4.1308785787022006e-12,0.0
M25.842,1,1,4.1308785787022006e-12,9.150679611969598e-12
S20.219D,1,0,4.1308785787022006e-12,0.0
S22.43XA,1,0,4.1308785787022006e-12,0.0
S29.009A,1,1,4.1308785787022006e-12,9.150679611969598e-12
S51.812A,0,2,0.0,1.8301359223939195e-11
S64.01XA,10,0,4.1308785787022e-11,0.0
S76.012A,3,1,1.2392635736106602e-11,9.150679611969598e-12
S76.911A,1,0,4.1308785787022006e-12,0.0
K50.918,6,4,2.4785271472213203e-11,3.660271844787839e-11
L89.91,0,1,0.0,9.150679611969598e-12
H69.93,0,3,0.0,2.7452038835908793e-11
M65.879,1,0,4.1308785787022006e-12,0.0
H53.8,8,0,3.3047028629617605e-11,0.0
J32.4,5,0,2.0654392893511e-11,0.0
G57.21,9,0,3.7177907208319803e-11,0.0
H61.891,1,0,4.1308785787022006e-12,0.0
I62.9,3,4,1.2392635736106602e-11,3.660271844787839e-11
L97.513,1,0,4.1308785787022006e-12,0.0
M1A.09X0,0,1,0.0,9.150679611969598e-12
M27.0,0,1,0.0,9.150679611969598e-12
M70.31,3,5,1.2392635736106602e-11,4.5753398059847985e-11
N95.2,3,3,1.2392635736106602e-11,2.7452038835908793e-11
S32.019A,0,2,0.0,1.8301359223939195e-11
S81.009D,3,0,1.2392635736106602e-11,0.0
S83.206A,0,1,0.0,9.150679611969598e-12
S86.212A,1,1,4.1308785787022006e-12,9.150679611969598e-12
S92.192A,1,0,4.1308785787022006e-12,0.0
T21.31XS,1,0,4.1308785787022006e-12,0.0
T79.A29S,1,0,4.1308785787022006e-12,0.0
W11.XXXS,0,9,0.0,8.235611650772638e-11
Z02.1,2,2,8.261757157404401e-12,1.8301359223939195e-11
S79.912A,0,1,0.0,9.150679611969598e-12
T24.222A,1,0,4.1308785787022006e-12,0.0
H25.813,1,0,4.1308785787022006e-12,0.0
H40.053,2,2,8.261757157404401e-12,1.8301359223939195e-11
H61.011,0,1,0.0,9.150679611969598e-12
I95.2,1,4,4.1308785787022006e-12,3.660271844787839e-11
M11.20,0,2,0.0,1.8301359223939195e-11
M12.579,13,1,5.3701421523128606e-11,9.150679611969598e-12
M67.50,0,2,0.0,1.8301359223939195e-11
M77.52,3,10,1.2392635736106602e-11,9.150679611969597e-11
M25.673,0,1,0.0,9.150679611969598e-12
M43.8X5,1,0,4.1308785787022006e-12,0.0
M49.89,0,1,0.0,9.150679611969598e-12
N18.1,5,2,2.0654392893511e-11,1.8301359223939195e-11
R76.9,7,0,2.8916150050915402e-11,0.0
M62.00,1,1,4.1308785787022006e-12,9.150679611969598e-12
M66.862,0,1,0.0,9.150679611969598e-12
M76.812,2,0,8.261757157404401e-12,0.0
M84.359D,0,1,0.0,9.150679611969598e-12
M84.369D,0,1,0.0,9.150679611969598e-12
M89.011,1,0,4.1308785787022006e-12,0.0
R20.3,10,1,4.1308785787022e-11,9.150679611969598e-12
S06.301A,1,0,4.1308785787022006e-12,0.0
S09.90XA,1,9,4.1308785787022006e-12,8.235611650772638e-11
I33.0,0,1,0.0,9.150679611969598e-12
K86.2,0,3,0.0,2.7452038835908793e-11
S83.411A,2,3,8.261757157404401e-12,2.7452038835908793e-11
S99.912S,0,2,0.0,1.8301359223939195e-11
T24.032S,0,1,0.0,9.150679611969598e-12
T84.023A,7,0,2.8916150050915402e-11,0.0
G57.51,21,16,8.674845015274621e-11,1.4641087379151356e-10
M19.271,5,14,2.0654392893511e-11,1.2810951456757437e-10
M19.279,14,18,5.7832300101830805e-11,1.6471223301545275e-10
M24.672,0,14,0.0,1.2810951456757437e-10
M05.60,0,1,0.0,9.150679611969598e-12
M05.869,0,1,0.0,9.150679611969598e-12
M24.519,0,1,0.0,9.150679611969598e-12
M25.841,0,1,0.0,9.150679611969598e-12
M25.869,3,0,1.2392635736106602e-11,0.0
M40.36,1,3,4.1308785787022006e-12,2.7452038835908793e-11
M41.27,2,0,8.261757157404401e-12,0.0
M41.83,1,1,4.1308785787022006e-12,9.150679611969598e-12
M41.84,7,0,2.8916150050915402e-11,0.0
M46.36,45,1,1.8588953604159902e-10,9.150679611969598e-12
R44.3,2,4,8.261757157404401e-12,3.660271844787839e-11
R22.30,0,1,0.0,9.150679611969598e-12
A09.,4,2,1.6523514314808802e-11,1.8301359223939195e-11
A49.02,1,0,4.1308785787022006e-12,0.0
D68.61,1,0,4.1308785787022006e-12,0.0
E24.9,2,0,8.261757157404401e-12,0.0
E85.3,1,1,4.1308785787022006e-12,9.150679611969598e-12
F52.32,0,1,0.0,9.150679611969598e-12
D35.5,1,0,4.1308785787022006e-12,0.0
Y04.8XXA,1,0,4.1308785787022006e-12,0.0
V89.2XXA,2,0,8.261757157404401e-12,0.0
M34.0,2,0,8.261757157404401e-12,0.0
M41.57,2,1,8.261757157404401e-12,9.150679611969598e-12
H93.93,4,1,1.6523514314808802e-11,9.150679611969598e-12
M23.211,0,3,0.0,2.7452038835908793e-11
I61.2,9,0,3.7177907208319803e-11,0.0
I61.9,33,0,1.363189930971726e-10,0.0
H10.12,1,0,4.1308785787022006e-12,0.0
I83.10,1,1,4.1308785787022006e-12,9.150679611969598e-12
I83.91,1,1,4.1308785787022006e-12,9.150679611969598e-12
M25.451,0,1,0.0,9.150679611969598e-12
M40.03,6,1,2.4785271472213203e-11,9.150679611969598e-12
M47.13,5,1,2.0654392893511e-11,9.150679611969598e-12
N30.91,1,0,4.1308785787022006e-12,0.0
R25.8,6,0,2.4785271472213203e-11,0.0
T24.391S,1,0,4.1308785787022006e-12,0.0
T24.392D,10,0,4.1308785787022e-11,0.0
T24.392S,1,0,4.1308785787022006e-12,0.0
D36.13,2,2,8.261757157404401e-12,1.8301359223939195e-11
E11.29,0,3,0.0,2.7452038835908793e-11
M14.812,17,12,7.02249358379374e-11,1.0980815534363517e-10
Z73.2,6,172,2.4785271472213203e-11,1.5739168932587708e-09
Z80.0,1,2,4.1308785787022006e-12,1.8301359223939195e-11
Z85.41,0,2,0.0,1.8301359223939195e-11
S33.9XXD,10,1,4.1308785787022e-11,9.150679611969598e-12
G24.2,6,0,2.4785271472213203e-11,0.0
M25.652,3,3,1.2392635736106602e-11,2.7452038835908793e-11
M99.23,8,0,3.3047028629617605e-11,0.0
Z34.93,1,0,4.1308785787022006e-12,0.0
Z45.2,1,0,4.1308785787022006e-12,0.0
Z48.817,1,0,4.1308785787022006e-12,0.0
Z96.60,0,1,0.0,9.150679611969598e-12
S81.801A,0,2,0.0,1.8301359223939195e-11
S83.272D,1,0,4.1308785787022006e-12,0.0
Z72.52,0,1,0.0,9.150679611969598e-12
Z83.0,0,1,0.0,9.150679611969598e-12
D22.30,0,1,0.0,9.150679611969598e-12
E08.621,1,3,4.1308785787022006e-12,2.7452038835908793e-11
F10.180,9,0,3.7177907208319803e-11,0.0
F10.188,12,6,4.9570542944426407e-11,5.4904077671817586e-11
F13.20,12,3,4.9570542944426407e-11,2.7452038835908793e-11
F13.288,1,0,4.1308785787022006e-12,0.0
F19.188,2,1,8.261757157404401e-12,9.150679611969598e-12
M48.56XD,2,0,8.261757157404401e-12,0.0
Z48.02,1,3,4.1308785787022006e-12,2.7452038835908793e-11
Z68.29,2,0,8.261757157404401e-12,0.0
C83.34,0,1,0.0,9.150679611969598e-12
C85.91,1,1,4.1308785787022006e-12,9.150679611969598e-12
C91.12,1,1,4.1308785787022006e-12,9.150679611969598e-12
D38.1,3,2,1.2392635736106602e-11,1.8301359223939195e-11
E13.621,0,2,0.0,1.8301359223939195e-11
E80.4,3,0,1.2392635736106602e-11,0.0
E88.2,77,4,3.1807765056006944e-10,3.660271844787839e-11
F07.89,1,1,4.1308785787022006e-12,9.150679611969598e-12
F14.229,5,1,2.0654392893511e-11,9.150679611969598e-12
F15.988,1,2,4.1308785787022006e-12,1.8301359223939195e-11
F17.208,12,0,4.9570542944426407e-11,0.0
F17.209,18,1,7.435581441663961e-11,9.150679611969598e-12
F51.4,5,1,2.0654392893511e-11,9.150679611969598e-12
M24.50,1,3,4.1308785787022006e-12,2.7452038835908793e-11
J93.11,2,0,8.261757157404401e-12,0.0
M24.272,1,0,4.1308785787022006e-12,0.0
S12.590B,5,0,2.0654392893511e-11,0.0
S41.101S,1,0,4.1308785787022006e-12,0.0
S46.999A,1,0,4.1308785787022006e-12,0.0
S51.801D,1,0,4.1308785787022006e-12,0.0
S55.002A,1,0,4.1308785787022006e-12,0.0
S61.451S,1,0,4.1308785787022006e-12,0.0
S23.421A,2,0,8.261757157404401e-12,0.0
S39.92XD,14,0,5.7832300101830805e-11,0.0
Z13.820,2,0,8.261757157404401e-12,0.0
S43.422S,4,7,1.6523514314808802e-11,6.405475728378719e-11
S46.291D,1,1,4.1308785787022006e-12,9.150679611969598e-12
S79.811S,1,0,4.1308785787022006e-12,0.0
S83.221D,0,1,0.0,9.150679611969598e-12
S96.901D,1,0,4.1308785787022006e-12,0.0
T67.5XXA,1,0,4.1308785787022006e-12,0.0
S82.852A,0,1,0.0,9.150679611969598e-12
W10.2XXA,1,0,4.1308785787022006e-12,0.0
S84.11XD,1,1,4.1308785787022006e-12,9.150679611969598e-12
G73.7,0,1,0.0,9.150679611969598e-12
I61.8,6,2,2.4785271472213203e-11,1.8301359223939195e-11
M13.871,22,10,9.08793287314484e-11,9.150679611969597e-11
M23.306,0,1,0.0,9.150679611969598e-12
M24.412,4,5,1.6523514314808802e-11,4.5753398059847985e-11
M25.852,3,1,1.2392635736106602e-11,9.150679611969598e-12
M48.56XA,1,0,4.1308785787022006e-12,0.0
M75.30,3,1,1.2392635736106602e-11,9.150679611969598e-12
C44.90,0,1,0.0,9.150679611969598e-12
D05.00,2,0,8.261757157404401e-12,0.0
W45.8XXA,0,3,0.0,2.7452038835908793e-11
K59.1,11,1,4.54396643657242e-11,9.150679611969598e-12
M02.30,1,0,4.1308785787022006e-12,0.0
M24.10,4,0,1.6523514314808802e-11,0.0
I65.22,3,1,1.2392635736106602e-11,9.150679611969598e-12
K11.5,0,1,0.0,9.150679611969598e-12
G56.91,4,3,1.6523514314808802e-11,2.7452038835908793e-11
I69.341,1,0,4.1308785787022006e-12,0.0
L89.899,1,4,4.1308785787022006e-12,3.660271844787839e-11
M12.531,1,1,4.1308785787022006e-12,9.150679611969598e-12
M84.361D,0,1,0.0,9.150679611969598e-12
M46.00,2,5,8.261757157404401e-12,4.5753398059847985e-11
M46.09,6,2,2.4785271472213203e-11,1.8301359223939195e-11
L02.224,0,1,0.0,9.150679611969598e-12
M48.08,3,0,1.2392635736106602e-11,0.0
M47.898,31,0,1.280572359397682e-10,0.0
T84.023S,0,2,0.0,1.8301359223939195e-11
S43.082S,3,0,1.2392635736106602e-11,0.0
S22.41XG,1,0,4.1308785787022006e-12,0.0
B08.1,0,4,0.0,3.660271844787839e-11
D00.07,2,11,8.261757157404401e-12,1.0065747573166556e-10
D05.90,3,3,1.2392635736106602e-11,2.7452038835908793e-11
D16.22,0,2,0.0,1.8301359223939195e-11
D62.,0,3,0.0,2.7452038835908793e-11
E08.49,0,4,0.0,3.660271844787839e-11
M84.359A,4,1,1.6523514314808802e-11,9.150679611969598e-12
M05.80,9,7,3.7177907208319803e-11,6.405475728378719e-11
Z55.9,2,0,8.261757157404401e-12,0.0
E07.89,6,0,2.4785271472213203e-11,0.0
C81.99,1,0,4.1308785787022006e-12,0.0
D56.1,1,0,4.1308785787022006e-12,0.0
E27.8,1,0,4.1308785787022006e-12,0.0
E63.1,1,0,4.1308785787022006e-12,0.0
F12.29,2,1,8.261757157404401e-12,9.150679611969598e-12
F31.13,3,1,1.2392635736106602e-11,9.150679611969598e-12
F40.231,1,0,4.1308785787022006e-12,0.0
S46.812D,2,1,8.261757157404401e-12,9.150679611969598e-12
S92.516D,0,1,0.0,9.150679611969598e-12
Z30.09,0,4,0.0,3.660271844787839e-11
Z3A.00,0,1,0.0,9.150679611969598e-12
S30.0XXS,1,3,4.1308785787022006e-12,2.7452038835908793e-11
S29.092A,2,0,8.261757157404401e-12,0.0
S34.5XXS,1,0,4.1308785787022006e-12,0.0
S42.144A,1,0,4.1308785787022006e-12,0.0
S43.102S,1,0,4.1308785787022006e-12,0.0
S76.901A,0,1,0.0,9.150679611969598e-12
G83.11,1,0,4.1308785787022006e-12,0.0
H25.049,1,0,4.1308785787022006e-12,0.0
H35.713,1,0,4.1308785787022006e-12,0.0
H40.2223,3,0,1.2392635736106602e-11,0.0
H67.3,1,1,4.1308785787022006e-12,9.150679611969598e-12
I25.89,0,1,0.0,9.150679611969598e-12
I32.,1,0,4.1308785787022006e-12,0.0
I72.3,3,1,1.2392635736106602e-11,9.150679611969598e-12
J33.0,1,0,4.1308785787022006e-12,0.0
K50.913,1,0,4.1308785787022006e-12,0.0
K82.9,1,3,4.1308785787022006e-12,2.7452038835908793e-11
L22.,2,0,8.261757157404401e-12,0.0
M22.90,0,3,0.0,2.7452038835908793e-11
M23.221,2,21,8.261757157404401e-12,1.9216427185136153e-10
E61.8,7,0,2.8916150050915402e-11,0.0
S90.31XA,1,1,4.1308785787022006e-12,9.150679611969598e-12
T84.093D,1,0,4.1308785787022006e-12,0.0
Z95.4,2,0,8.261757157404401e-12,0.0
Z87.438,2,1,8.261757157404401e-12,9.150679611969598e-12
Z92.0,1,0,4.1308785787022006e-12,0.0
A86.,1,0,4.1308785787022006e-12,0.0
C83.10,1,2,4.1308785787022006e-12,1.8301359223939195e-11
D61.89,1,0,4.1308785787022006e-12,0.0
D72.829,2,2,8.261757157404401e-12,1.8301359223939195e-11
F14.120,8,0,3.3047028629617605e-11,0.0
C34.92,2,2,8.261757157404401e-12,1.8301359223939195e-11
E08.9,2,4,8.261757157404401e-12,3.660271844787839e-11
F10.259,1,0,4.1308785787022006e-12,0.0
F17.228,14,1,5.7832300101830805e-11,9.150679611969598e-12
F17.299,13,0,5.3701421523128606e-11,0.0
Z79.890,4,0,1.6523514314808802e-11,0.0
S82.91XG,1,0,4.1308785787022006e-12,0.0
T23.002S,1,0,4.1308785787022006e-12,0.0
Z93.0,1,0,4.1308785787022006e-12,0.0
S46.019A,3,2,1.2392635736106602e-11,1.8301359223939195e-11
S59.901S,0,1,0.0,9.150679611969598e-12
S32.018D,1,0,4.1308785787022006e-12,0.0
S58.019S,0,1,0.0,9.150679611969598e-12
S76.011A,29,5,1.1979547878236381e-10,4.5753398059847985e-11
S43.439S,0,1,0.0,9.150679611969598e-12
H02.432,1,0,4.1308785787022006e-12,0.0
H65.04,1,1,4.1308785787022006e-12,9.150679611969598e-12
I69.259,2,0,8.261757157404401e-12,0.0
J02.8,0,2,0.0,1.8301359223939195e-11
J43.8,9,0,3.7177907208319803e-11,0.0
K57.90,6,1,2.4785271472213203e-11,9.150679611969598e-12
M10.079,0,1,0.0,9.150679611969598e-12
M10.372,0,2,0.0,1.8301359223939195e-11
M21.542,0,1,0.0,9.150679611969598e-12
F10.980,18,3,7.435581441663961e-11,2.7452038835908793e-11
K04.90,0,20,0.0,1.8301359223939194e-10
M77.51,2,2,8.261757157404401e-12,1.8301359223939195e-11
M83.5,2,0,8.261757157404401e-12,0.0
C31.9,1,0,4.1308785787022006e-12,0.0
F10.232,2,1,8.261757157404401e-12,9.150679611969598e-12
G25.69,11,0,4.54396643657242e-11,0.0
H67.2,2,1,8.261757157404401e-12,9.150679611969598e-12
H70.13,0,1,0.0,9.150679611969598e-12
I47.9,8,0,3.3047028629617605e-11,0.0
K08.431,2,1,8.261757157404401e-12,9.150679611969598e-12
M06.88,0,1,0.0,9.150679611969598e-12
M12.852,1,0,4.1308785787022006e-12,0.0
M18.32,1,1,4.1308785787022006e-12,9.150679611969598e-12
M23.200,1,1,4.1308785787022006e-12,9.150679611969598e-12
M23.307,1,2,4.1308785787022006e-12,1.8301359223939195e-11
M24.231,0,1,0.0,9.150679611969598e-12
M41.53,0,1,0.0,9.150679611969598e-12
R48.0,2,0,8.261757157404401e-12,0.0
S02.91XS,1,0,4.1308785787022006e-12,0.0
S06.2X1D,5,1,2.0654392893511e-11,9.150679611969598e-12
S06.2X5S,108,0,4.461348864998376e-10,0.0
M45.3,9,0,3.7177907208319803e-11,0.0
S14.107S,0,1,0.0,9.150679611969598e-12
S86.021A,1,3,4.1308785787022006e-12,2.7452038835908793e-11
G40.109,3,0,1.2392635736106602e-11,0.0
G56.12,2,0,8.261757157404401e-12,0.0
H81.23,2,0,8.261757157404401e-12,0.0
I69.292,60,0,2.47852714722132e-10,0.0
I82.501,2,0,8.261757157404401e-12,0.0
L72.3,2,3,8.261757157404401e-12,2.7452038835908793e-11
M21.80,1,0,4.1308785787022006e-12,0.0
M25.649,2,0,8.261757157404401e-12,0.0
M76.891,3,2,1.2392635736106602e-11,1.8301359223939195e-11
N60.19,1,0,4.1308785787022006e-12,0.0
M02.39,4,1,1.6523514314808802e-11,9.150679611969598e-12
S39.092A,2,0,8.261757157404401e-12,0.0
S78.111S,3,1,1.2392635736106602e-11,9.150679611969598e-12
S83.203S,3,0,1.2392635736106602e-11,0.0
M99.85,27,6,1.115337216249594e-10,5.4904077671817586e-11
S96.811S,0,1,0.0,9.150679611969598e-12
S02.5XXS,1,0,4.1308785787022006e-12,0.0
S06.2X4S,1,0,4.1308785787022006e-12,0.0
G57.30,0,1,0.0,9.150679611969598e-12
L74.510,1,1,4.1308785787022006e-12,9.150679611969598e-12
M67.962,0,1,0.0,9.150679611969598e-12
S06.2X3D,8,0,3.3047028629617605e-11,0.0
Z87.19,5,4,2.0654392893511e-11,3.660271844787839e-11
C50.211,5,0,2.0654392893511e-11,0.0
D32.9,1,3,4.1308785787022006e-12,2.7452038835908793e-11
D42.0,1,0,4.1308785787022006e-12,0.0
H51.11,1,1,4.1308785787022006e-12,9.150679611969598e-12
K23.,3,0,1.2392635736106602e-11,0.0
K27.4,1,0,4.1308785787022006e-12,0.0
K50.119,2,0,8.261757157404401e-12,0.0
L24.9,2,1,8.261757157404401e-12,9.150679611969598e-12
L40.4,1,0,4.1308785787022006e-12,0.0
M21.279,5,0,2.0654392893511e-11,0.0
M46.07,2,1,8.261757157404401e-12,9.150679611969598e-12
M65.832,3,1,1.2392635736106602e-11,9.150679611969598e-12
M90.80,1,0,4.1308785787022006e-12,0.0
M95.9,6,2,2.4785271472213203e-11,1.8301359223939195e-11
N43.3,9,3,3.7177907208319803e-11,2.7452038835908793e-11
H18.9,0,3,0.0,2.7452038835908793e-11
S82.92XS,4,0,1.6523514314808802e-11,0.0
S88.012A,1,0,4.1308785787022006e-12,0.0
M67.819,1,0,4.1308785787022006e-12,0.0
S34.4XXD,1,0,4.1308785787022006e-12,0.0
S43.111A,0,1,0.0,9.150679611969598e-12
S43.121S,1,1,4.1308785787022006e-12,9.150679611969598e-12
S43.122A,0,1,0.0,9.150679611969598e-12
S43.214S,0,3,0.0,2.7452038835908793e-11
S46.891D,0,3,0.0,2.7452038835908793e-11
S52.501A,0,5,0.0,4.5753398059847985e-11
S52.532E,0,2,0.0,1.8301359223939195e-11
S62.111G,0,1,0.0,9.150679611969598e-12
S63.592D,0,1,0.0,9.150679611969598e-12
S72.401P,0,6,0.0,5.4904077671817586e-11
S76.219S,0,1,0.0,9.150679611969598e-12
S83.011S,1,0,4.1308785787022006e-12,0.0
S83.281S,1,1,4.1308785787022006e-12,9.150679611969598e-12
S83.62XA,0,1,0.0,9.150679611969598e-12
S86.012S,3,7,1.2392635736106602e-11,6.405475728378719e-11
S86.022S,2,0,8.261757157404401e-12,0.0
T23.152A,0,1,0.0,9.150679611969598e-12
T79.A21D,0,1,0.0,9.150679611969598e-12
T84.022S,8,1,3.3047028629617605e-11,9.150679611969598e-12
Z97.2,0,1,0.0,9.150679611969598e-12
S42.002D,1,1,4.1308785787022006e-12,9.150679611969598e-12
S43.312S,2,0,8.261757157404401e-12,0.0
S22.31XD,2,1,8.261757157404401e-12,9.150679611969598e-12
S28.0XXD,0,1,0.0,9.150679611969598e-12
S32.030G,0,1,0.0,9.150679611969598e-12
S32.599D,1,0,4.1308785787022006e-12,0.0
S49.92XD,2,13,8.261757157404401e-12,1.1895883495560475e-10
S43.215D,0,1,0.0,9.150679611969598e-12
Z30.40,2,0,8.261757157404401e-12,0.0
S82.113S,1,0,4.1308785787022006e-12,0.0
V89.0XXD,1,0,4.1308785787022006e-12,0.0
W18.43XA,1,0,4.1308785787022006e-12,0.0
Y93.75,9,0,3.7177907208319803e-11,0.0
S91.104A,0,1,0.0,9.150679611969598e-12
S98.222D,0,1,0.0,9.150679611969598e-12
S99.929D,0,1,0.0,9.150679611969598e-12
T81.89XS,0,1,0.0,9.150679611969598e-12
S83.8X2A,0,4,0.0,3.660271844787839e-11
B39.9,1,0,4.1308785787022006e-12,0.0
D3A.00,2,0,8.261757157404401e-12,0.0
F44.89,11,1,4.54396643657242e-11,9.150679611969598e-12
S40.011A,1,0,4.1308785787022006e-12,0.0
S80.02XS,0,1,0.0,9.150679611969598e-12
S83.012A,2,0,8.261757157404401e-12,0.0
S83.242D,2,0,8.261757157404401e-12,0.0
M48.34,1,0,4.1308785787022006e-12,0.0
M50.220,62,0,2.561144718795364e-10,0.0
N61.0,1,1,4.1308785787022006e-12,9.150679611969598e-12
E11.3292,2,1,8.261757157404401e-12,9.150679611969598e-12
H40.1190,0,1,0.0,9.150679611969598e-12
D89.40,4,0,1.6523514314808802e-11,0.0
E85.82,2,1,8.261757157404401e-12,9.150679611969598e-12
T14.8XXA,0,6,0.0,5.4904077671817586e-11
A04.71,0,1,0.0,9.150679611969598e-12
A04.72,0,2,0.0,1.8301359223939195e-11
N63.10,0,1,0.0,9.150679611969598e-12
N63.13,1,1,4.1308785787022006e-12,9.150679611969598e-12
K06.010,1,0,4.1308785787022006e-12,0.0
N35.916,4,0,1.6523514314808802e-11,0.0
Q66.221,3,0,1.2392635736106602e-11,0.0
I48.21,0,6,0.0,5.4904077671817586e-11
Q66.72,2,4,8.261757157404401e-12,3.660271844787839e-11
Q66.70,5,4,2.0654392893511e-11,3.660271844787839e-11
U07.0,1,1,4.1308785787022006e-12,9.150679611969598e-12
F40.241,7,0,2.8916150050915402e-11,0.0
A39.82,0,2,0.0,1.8301359223939195e-11
E51.2,1,0,4.1308785787022006e-12,0.0
C85.12,1,0,4.1308785787022006e-12,0.0
Z79.84,3,1,1.2392635736106602e-11,9.150679611969598e-12
S42.001A,0,2,0.0,1.8301359223939195e-11
S81.002D,1,0,4.1308785787022006e-12,0.0
S82.032S,1,0,4.1308785787022006e-12,0.0
S88.919D,1,0,4.1308785787022006e-12,0.0
S93.419S,1,0,4.1308785787022006e-12,0.0
T75.3XXA,0,1,0.0,9.150679611969598e-12
Z65.5,0,1,0.0,9.150679611969598e-12
M13.151,6,1,2.4785271472213203e-11,9.150679611969598e-12
M14.869,1,0,4.1308785787022006e-12,0.0
S39.92XS,19,0,7.848669299534181e-11,0.0
F42.4,6,2,2.4785271472213203e-11,1.8301359223939195e-11
N83.00,0,1,0.0,9.150679611969598e-12
I72.6,1,0,4.1308785787022006e-12,0.0
H40.1121,1,0,4.1308785787022006e-12,0.0
E11.3393,1,0,4.1308785787022006e-12,0.0
E11.3592,0,1,0.0,9.150679611969598e-12
H34.8311,1,0,4.1308785787022006e-12,0.0
H40.1133,1,0,4.1308785787022006e-12,0.0
I63.233,0,1,0.0,9.150679611969598e-12
K52.3,5,0,2.0654392893511e-11,0.0
K85.81,1,0,4.1308785787022006e-12,0.0
S02.40DS,1,0,4.1308785787022006e-12,0.0
I26.94,4,1,1.6523514314808802e-11,9.150679611969598e-12
D75.A,0,1,0.0,9.150679611969598e-12
F51.9,3,1,1.2392635736106602e-11,9.150679611969598e-12
E13.21,2,0,8.261757157404401e-12,0.0
F90.1,4,2,1.6523514314808802e-11,1.8301359223939195e-11
M23.304,0,1,0.0,9.150679611969598e-12
S19.82XS,1,1,4.1308785787022006e-12,9.150679611969598e-12
S46.191A,2,0,8.261757157404401e-12,0.0
F53.1,1,0,4.1308785787022006e-12,0.0
I48.11,1,3,4.1308785787022006e-12,2.7452038835908793e-11
A66.6,0,1,0.0,9.150679611969598e-12
R11.15,7,0,2.8916150050915402e-11,0.0
C41.0,1,0,4.1308785787022006e-12,0.0
C92.11,12,1,4.9570542944426407e-11,9.150679611969598e-12
M97.02XD,0,1,0.0,9.150679611969598e-12
F19.11,3,0,1.2392635736106602e-11,0.0
C44.1222,0,1,0.0,9.150679611969598e-12
D02.0,1,1,4.1308785787022006e-12,9.150679611969598e-12
C72.0,2,0,8.261757157404401e-12,0.0
C83.35,0,6,0.0,5.4904077671817586e-11
H66.90,2,0,8.261757157404401e-12,0.0
C82.93,0,1,0.0,9.150679611969598e-12
D80.4,0,1,0.0,9.150679611969598e-12
K40.41,1,0,4.1308785787022006e-12,0.0
O74.5,2,0,8.261757157404401e-12,0.0
M31.5,5,0,2.0654392893511e-11,0.0
N70.93,1,0,4.1308785787022006e-12,0.0
N81.10,0,2,0.0,1.8301359223939195e-11
C43.0,1,0,4.1308785787022006e-12,0.0
A43.9,0,1,0.0,9.150679611969598e-12
E56.1,1,0,4.1308785787022006e-12,0.0
D89.0,1,0,4.1308785787022006e-12,0.0
M25.672,4,1,1.6523514314808802e-11,9.150679611969598e-12
I69.251,5,0,2.0654392893511e-11,0.0
N73.6,0,1,0.0,9.150679611969598e-12
G40.509,1,0,4.1308785787022006e-12,0.0
H83.01,1,1,4.1308785787022006e-12,9.150679611969598e-12
J91.0,1,0,4.1308785787022006e-12,0.0
L05.91,6,0,2.4785271472213203e-11,0.0
M14.60,1,0,4.1308785787022006e-12,0.0
M46.27,2,0,8.261757157404401e-12,0.0
M48.26,5,0,2.0654392893511e-11,0.0
S74.12XS,4,0,1.6523514314808802e-11,0.0
M89.441,3,0,1.2392635736106602e-11,0.0
M93.212,1,0,4.1308785787022006e-12,0.0
F15.14,1,0,4.1308785787022006e-12,0.0
I82.531,0,1,0.0,9.150679611969598e-12
S06.309A,2,2,8.261757157404401e-12,1.8301359223939195e-11
M66.851,0,2,0.0,1.8301359223939195e-11
P91.60,17,0,7.02249358379374e-11,0.0
S00.83XA,1,1,4.1308785787022006e-12,9.150679611969598e-12
S49.92XA,3,1,1.2392635736106602e-11,9.150679611969598e-12
S53.492A,1,0,4.1308785787022006e-12,0.0
H54.3,0,1,0.0,9.150679611969598e-12
I82.891,1,0,4.1308785787022006e-12,0.0
M12.812,2,1,8.261757157404401e-12,9.150679611969598e-12
M70.931,5,0,2.0654392893511e-11,0.0
E11.649,2,3,8.261757157404401e-12,2.7452038835908793e-11
E11.36,2,0,8.261757157404401e-12,0.0
G31.89,1,0,4.1308785787022006e-12,0.0
G57.81,4,0,1.6523514314808802e-11,0.0
I77.3,1,5,4.1308785787022006e-12,4.5753398059847985e-11
J38.7,14,0,5.7832300101830805e-11,0.0
M23.303,2,0,8.261757157404401e-12,0.0
M65.241,1,1,4.1308785787022006e-12,9.150679611969598e-12
M70.32,0,2,0.0,1.8301359223939195e-11
M85.811,3,1,1.2392635736106602e-11,9.150679611969598e-12
R10.811,4,0,1.6523514314808802e-11,0.0
R94.31,1,1,4.1308785787022006e-12,9.150679611969598e-12
S43.081A,0,2,0.0,1.8301359223939195e-11
S44.02XS,5,1,2.0654392893511e-11,9.150679611969598e-12
S76.902A,1,1,4.1308785787022006e-12,9.150679611969598e-12
S88.919A,0,1,0.0,9.150679611969598e-12
S86.011S,2,0,8.261757157404401e-12,0.0
S34.109A,0,17,0.0,1.5556155340348316e-10
S34.3XXA,1,0,4.1308785787022006e-12,0.0
S46.292A,1,1,4.1308785787022006e-12,9.150679611969598e-12
S24.102D,3,0,1.2392635736106602e-11,0.0
S32.020D,6,1,2.4785271472213203e-11,9.150679611969598e-12
S32.029D,1,0,4.1308785787022006e-12,0.0
S39.002A,2,0,8.261757157404401e-12,0.0
S43.081S,2,0,8.261757157404401e-12,0.0
S46.111A,7,0,2.8916150050915402e-11,0.0
S46.191S,3,3,1.2392635736106602e-11,2.7452038835908793e-11
S52.121K,4,0,1.6523514314808802e-11,0.0
S54.12XS,2,0,8.261757157404401e-12,0.0
S56.119A,1,0,4.1308785787022006e-12,0.0
S62.002S,1,0,4.1308785787022006e-12,0.0
S62.292D,1,0,4.1308785787022006e-12,0.0
S64.22XD,2,1,8.261757157404401e-12,9.150679611969598e-12
S64.22XS,1,0,4.1308785787022006e-12,0.0
S76.101S,1,0,4.1308785787022006e-12,0.0
S76.191D,3,0,1.2392635736106602e-11,0.0
S76.899A,1,0,4.1308785787022006e-12,0.0
S95.191D,0,1,0.0,9.150679611969598e-12
Z91.120,0,1,0.0,9.150679611969598e-12
S16.2XXD,1,0,4.1308785787022006e-12,0.0
S22.22XA,0,1,0.0,9.150679611969598e-12
S32.058S,0,1,0.0,9.150679611969598e-12
S42.192D,1,0,4.1308785787022006e-12,0.0
S46.911D,0,1,0.0,9.150679611969598e-12
S59.901A,0,1,0.0,9.150679611969598e-12
S21.009A,1,0,4.1308785787022006e-12,0.0
S42.001S,0,1,0.0,9.150679611969598e-12
S76.812A,2,0,8.261757157404401e-12,0.0
S86.021D,1,1,4.1308785787022006e-12,9.150679611969598e-12
S32.028A,1,1,4.1308785787022006e-12,9.150679611969598e-12
S32.2XXB,1,0,4.1308785787022006e-12,0.0
S68.629S,1,0,4.1308785787022006e-12,0.0
S88.012S,0,1,0.0,9.150679611969598e-12
W17.89XS,1,0,4.1308785787022006e-12,0.0
Z13.858,1,0,4.1308785787022006e-12,0.0
Z90.01,1,0,4.1308785787022006e-12,0.0
Z90.2,1,0,4.1308785787022006e-12,0.0
A69.29,3,0,1.2392635736106602e-11,0.0
C50.412,0,2,0.0,1.8301359223939195e-11
C81.06,0,1,0.0,9.150679611969598e-12
Z85.72,2,0,8.261757157404401e-12,0.0
B34.2,1,0,4.1308785787022006e-12,0.0
B19.20,1,4,4.1308785787022006e-12,3.660271844787839e-11
B37.41,1,0,4.1308785787022006e-12,0.0
C04.9,0,1,0.0,9.150679611969598e-12
C50.511,4,0,1.6523514314808802e-11,0.0
C67.2,0,1,0.0,9.150679611969598e-12
D00.05,0,1,0.0,9.150679611969598e-12
D05.91,0,2,0.0,1.8301359223939195e-11
D12.9,0,1,0.0,9.150679611969598e-12
D13.0,0,1,0.0,9.150679611969598e-12
D17.21,1,0,4.1308785787022006e-12,0.0
D24.2,0,1,0.0,9.150679611969598e-12
D35.1,0,1,0.0,9.150679611969598e-12
D38.0,0,1,0.0,9.150679611969598e-12
D47.3,0,1,0.0,9.150679611969598e-12
D48.61,2,0,8.261757157404401e-12,0.0
G90.2,1,1,4.1308785787022006e-12,9.150679611969598e-12
G95.20,11,1,4.54396643657242e-11,9.150679611969598e-12
H02.834,0,1,0.0,9.150679611969598e-12
H21.342,1,0,4.1308785787022006e-12,0.0
H25.032,1,1,4.1308785787022006e-12,9.150679611969598e-12
H25.22,0,2,0.0,1.8301359223939195e-11
H25.23,1,0,4.1308785787022006e-12,0.0
H33.8,1,0,4.1308785787022006e-12,0.0
H65.491,0,1,0.0,9.150679611969598e-12
I42.1,0,1,0.0,9.150679611969598e-12
I49.1,0,1,0.0,9.150679611969598e-12
I65.09,1,6,4.1308785787022006e-12,5.4904077671817586e-11
I70.8,8,0,3.3047028629617605e-11,0.0
I83.92,0,1,0.0,9.150679611969598e-12
I86.8,2,0,8.261757157404401e-12,0.0
J35.01,1,0,4.1308785787022006e-12,0.0
J35.1,0,1,0.0,9.150679611969598e-12
J67.9,0,1,0.0,9.150679611969598e-12
K08.23,0,1,0.0,9.150679611969598e-12
K08.3,1,0,4.1308785787022006e-12,0.0
K35.80,1,0,4.1308785787022006e-12,0.0
K60.3,0,1,0.0,9.150679611969598e-12
K60.5,0,1,0.0,9.150679611969598e-12
K63.2,1,0,4.1308785787022006e-12,0.0
K64.0,3,2,1.2392635736106602e-11,1.8301359223939195e-11
K74.3,0,1,0.0,9.150679611969598e-12
K81.1,1,4,4.1308785787022006e-12,3.660271844787839e-11
L02.622,1,0,4.1308785787022006e-12,0.0
L03.031,3,1,1.2392635736106602e-11,9.150679611969598e-12
L50.0,4,1,1.6523514314808802e-11,9.150679611969598e-12
L89.95,0,1,0.0,9.150679611969598e-12
L95.9,1,0,4.1308785787022006e-12,0.0
L97.521,0,2,0.0,1.8301359223939195e-11
L97.524,1,0,4.1308785787022006e-12,0.0
M21.179,0,1,0.0,9.150679611969598e-12
M70.50,6,0,2.4785271472213203e-11,0.0
G46.0,9,0,3.7177907208319803e-11,0.0
I69.152,1,0,4.1308785787022006e-12,0.0
L30.4,1,0,4.1308785787022006e-12,0.0
L89.92,1,0,4.1308785787022006e-12,0.0
M01.X79,1,0,4.1308785787022006e-12,0.0
M05.662,3,0,1.2392635736106602e-11,0.0
M13.119,1,0,4.1308785787022006e-12,0.0
M18.10,1,0,4.1308785787022006e-12,0.0
M22.8X2,1,0,4.1308785787022006e-12,0.0
M24.562,3,3,1.2392635736106602e-11,2.7452038835908793e-11
M32.13,3,0,1.2392635736106602e-11,0.0
M34.9,4,0,1.6523514314808802e-11,0.0
M54.11,1,0,4.1308785787022006e-12,0.0
M62.459,1,0,4.1308785787022006e-12,0.0
M65.359,1,0,4.1308785787022006e-12,0.0
M70.911,1,0,4.1308785787022006e-12,0.0
M71.352,1,0,4.1308785787022006e-12,0.0
M84.459D,1,0,4.1308785787022006e-12,0.0
M93.261,1,0,4.1308785787022006e-12,0.0
N52.31,1,0,4.1308785787022006e-12,0.0
R19.03,2,0,8.261757157404401e-12,0.0
R47.81,3,1,1.2392635736106602e-11,9.150679611969598e-12
S12.101D,1,0,4.1308785787022006e-12,0.0
S22.43XS,5,0,2.0654392893511e-11,0.0
S24.109D,3,0,1.2392635736106602e-11,0.0
S32.009S,0,2,0.0,1.8301359223939195e-11
M71.431,0,1,0.0,9.150679611969598e-12
I63.239,0,2,0.0,1.8301359223939195e-11
J92.9,0,1,0.0,9.150679611969598e-12
S76.329D,1,0,4.1308785787022006e-12,0.0
S76.392S,8,0,3.3047028629617605e-11,0.0
Z43.1,0,1,0.0,9.150679611969598e-12
Z76.1,0,2,0.0,1.8301359223939195e-11
Z89.419,0,8,0.0,7.320543689575678e-11
Z04.3,2,0,8.261757157404401e-12,0.0
Z85.038,1,5,4.1308785787022006e-12,4.5753398059847985e-11
Z89.622,1,0,4.1308785787022006e-12,0.0
C50.312,2,3,8.261757157404401e-12,2.7452038835908793e-11
J35.8,0,1,0.0,9.150679611969598e-12
K57.80,0,2,0.0,1.8301359223939195e-11
M19.022,6,2,2.4785271472213203e-11,1.8301359223939195e-11
M67.371,1,0,4.1308785787022006e-12,0.0
M71.10,1,0,4.1308785787022006e-12,0.0
M76.10,1,1,4.1308785787022006e-12,9.150679611969598e-12
M76.70,1,1,4.1308785787022006e-12,9.150679611969598e-12
M84.30XS,0,1,0.0,9.150679611969598e-12
R06.09,11,4,4.54396643657242e-11,3.660271844787839e-11
S82.401A,0,1,0.0,9.150679611969598e-12
S82.201A,2,0,8.261757157404401e-12,0.0
S82.62XS,2,3,8.261757157404401e-12,2.7452038835908793e-11
S83.207A,1,0,4.1308785787022006e-12,0.0
S83.271D,1,0,4.1308785787022006e-12,0.0
S83.281D,2,0,8.261757157404401e-12,0.0
S93.492A,2,4,8.261757157404401e-12,3.660271844787839e-11
S96.292A,1,0,4.1308785787022006e-12,0.0
T33.829A,1,0,4.1308785787022006e-12,0.0
Z13.1,1,0,4.1308785787022006e-12,0.0
Z87.440,3,4,1.2392635736106602e-11,3.660271844787839e-11
H11.31,0,1,0.0,9.150679611969598e-12
H93.291,0,1,0.0,9.150679611969598e-12
J69.0,0,2,0.0,1.8301359223939195e-11
M06.042,1,0,4.1308785787022006e-12,0.0
M35.09,0,1,0.0,9.150679611969598e-12
S32.008S,0,3,0.0,2.7452038835908793e-11
S32.009D,1,0,4.1308785787022006e-12,0.0
S54.00XA,1,1,4.1308785787022006e-12,9.150679611969598e-12
Z95.820,1,0,4.1308785787022006e-12,0.0
E10.21,1,1,4.1308785787022006e-12,9.150679611969598e-12
Z13.6,3,3,1.2392635736106602e-11,2.7452038835908793e-11
Z86.51,38,1,1.5697338599068362e-10,9.150679611969598e-12
S82.892A,1,0,4.1308785787022006e-12,0.0
S86.112A,2,1,8.261757157404401e-12,9.150679611969598e-12
S92.025A,1,0,4.1308785787022006e-12,0.0
T23.272A,1,0,4.1308785787022006e-12,0.0
T78.01XD,1,0,4.1308785787022006e-12,0.0
E87.0,1,0,4.1308785787022006e-12,0.0
I69.392,26,0,1.0740284304625721e-10,0.0
I69.820,1,0,4.1308785787022006e-12,0.0
I69.898,2,1,8.261757157404401e-12,9.150679611969598e-12
K25.9,1,0,4.1308785787022006e-12,0.0
R90.0,1,2,4.1308785787022006e-12,1.8301359223939195e-11
S06.9X0A,1,0,4.1308785787022006e-12,0.0
M23.201,2,1,8.261757157404401e-12,9.150679611969598e-12
M23.251,1,0,4.1308785787022006e-12,0.0
M25.319,3,2,1.2392635736106602e-11,1.8301359223939195e-11
M65.222,1,2,4.1308785787022006e-12,1.8301359223939195e-11
M65.329,1,0,4.1308785787022006e-12,0.0
M87.059,7,4,2.8916150050915402e-11,3.660271844787839e-11
S19.82XA,1,0,4.1308785787022006e-12,0.0
S20.409D,0,1,0.0,9.150679611969598e-12
F19.14,2,0,8.261757157404401e-12,0.0
G83.21,1,0,4.1308785787022006e-12,0.0
M93.252,6,0,2.4785271472213203e-11,0.0
S14.125A,0,2,0.0,1.8301359223939195e-11
M18.52,8,0,3.3047028629617605e-11,0.0
M43.03,4,2,1.6523514314808802e-11,1.8301359223939195e-11
M46.25,1,0,4.1308785787022006e-12,0.0
M54.09,1,0,4.1308785787022006e-12,0.0
M76.9,4,1,1.6523514314808802e-11,9.150679611969598e-12
N31.0,1,0,4.1308785787022006e-12,0.0
Q65.31,1,0,4.1308785787022006e-12,0.0
S00.409A,1,0,4.1308785787022006e-12,0.0
S14.124S,1,0,4.1308785787022006e-12,0.0
M19.239,0,2,0.0,1.8301359223939195e-11
M75.00,36,8,1.4871162883327921e-10,7.320543689575678e-11
W00.0XXA,1,1,4.1308785787022006e-12,9.150679611969598e-12
Z53.01,1,0,4.1308785787022006e-12,0.0
K27.9,1,0,4.1308785787022006e-12,0.0
Z93.3,2,0,8.261757157404401e-12,0.0
E63.8,1,0,4.1308785787022006e-12,0.0
F60.0,1,1,4.1308785787022006e-12,9.150679611969598e-12
S86.119D,1,0,4.1308785787022006e-12,0.0
Z53.21,7,0,2.8916150050915402e-11,0.0
Z86.008,2,0,8.261757157404401e-12,0.0
C68.0,0,1,0.0,9.150679611969598e-12
Q78.3,3,0,1.2392635736106602e-11,0.0
E09.21,1,0,4.1308785787022006e-12,0.0
E09.9,2,0,8.261757157404401e-12,0.0
D01.5,1,1,4.1308785787022006e-12,9.150679611969598e-12
F63.81,2,0,8.261757157404401e-12,0.0
S23.429A,1,0,4.1308785787022006e-12,0.0
S32.009A,3,0,1.2392635736106602e-11,0.0
S70.02XA,48,6,1.9828217177770563e-10,5.4904077671817586e-11
S60.932D,0,1,0.0,9.150679611969598e-12
I13.0,2,6,8.261757157404401e-12,5.4904077671817586e-11
G83.24,6,0,2.4785271472213203e-11,0.0
L95.8,1,0,4.1308785787022006e-12,0.0
M62.512,10,0,4.1308785787022e-11,0.0
S14.106S,0,1,0.0,9.150679611969598e-12
S79.922D,0,1,0.0,9.150679611969598e-12
Z13.83,0,1,0.0,9.150679611969598e-12
Z59.6,0,3,0.0,2.7452038835908793e-11
S91.201D,1,0,4.1308785787022006e-12,0.0
T87.34,19,0,7.848669299534181e-11,0.0
Z68.32,0,2,0.0,1.8301359223939195e-11
S54.22XA,2,0,8.261757157404401e-12,0.0
H04.222,3,0,1.2392635736106602e-11,0.0
R41.844,1,0,4.1308785787022006e-12,0.0
S04.52XS,1,0,4.1308785787022006e-12,0.0
A64.,1,1,4.1308785787022006e-12,9.150679611969598e-12
A87.9,0,1,0.0,9.150679611969598e-12
D33.2,1,0,4.1308785787022006e-12,0.0
E26.89,1,0,4.1308785787022006e-12,0.0
K51.00,1,0,4.1308785787022006e-12,0.0
K59.9,5,0,2.0654392893511e-11,0.0
M05.731,1,0,4.1308785787022006e-12,0.0
M14.871,2,0,8.261757157404401e-12,0.0
M67.814,2,1,8.261757157404401e-12,9.150679611969598e-12
E85.9,34,3,1.404498716758748e-10,2.7452038835908793e-11
Q05.9,1,0,4.1308785787022006e-12,0.0
R14.1,1,0,4.1308785787022006e-12,0.0
R19.00,0,1,0.0,9.150679611969598e-12
S14.125S,2,0,8.261757157404401e-12,0.0
S82.042S,1,0,4.1308785787022006e-12,0.0
S91.301S,0,1,0.0,9.150679611969598e-12
S29.019A,2,1,8.261757157404401e-12,9.150679611969598e-12
S32.038S,7,0,2.8916150050915402e-11,0.0
S33.2XXS,4,1,1.6523514314808802e-11,9.150679611969598e-12
S36.09XD,0,2,0.0,1.8301359223939195e-11
S42.031A,1,0,4.1308785787022006e-12,0.0
S43.085S,1,0,4.1308785787022006e-12,0.0
S74.01XD,1,0,4.1308785787022006e-12,0.0
M62.441,12,0,4.9570542944426407e-11,0.0
M99.11,13,1,5.3701421523128606e-11,9.150679611969598e-12
Q27.39,1,0,4.1308785787022006e-12,0.0
R94.121,1,0,4.1308785787022006e-12,0.0
S44.90XS,0,1,0.0,9.150679611969598e-12
S64.01XD,1,0,4.1308785787022006e-12,0.0
S33.131D,1,0,4.1308785787022006e-12,0.0
S50.341A,0,1,0.0,9.150679611969598e-12
S74.00XD,1,0,4.1308785787022006e-12,0.0
S80.01XD,0,2,0.0,1.8301359223939195e-11
S86.891A,0,1,0.0,9.150679611969598e-12
S90.32XA,0,1,0.0,9.150679611969598e-12
S93.05XD,0,1,0.0,9.150679611969598e-12
I82.592,1,0,4.1308785787022006e-12,0.0
S14.153D,1,2,4.1308785787022006e-12,1.8301359223939195e-11
S22.040A,2,0,8.261757157404401e-12,0.0
T43.595S,5,0,2.0654392893511e-11,0.0
W22.8XXS,1,0,4.1308785787022006e-12,0.0
S22.22XS,0,2,0.0,1.8301359223939195e-11
S82.455A,1,1,4.1308785787022006e-12,9.150679611969598e-12
S93.412S,1,0,4.1308785787022006e-12,0.0
S88.912A,0,1,0.0,9.150679611969598e-12
S14.153S,2,0,8.261757157404401e-12,0.0
S82.034A,2,0,8.261757157404401e-12,0.0
K75.89,1,0,4.1308785787022006e-12,0.0
L02.612,2,0,8.261757157404401e-12,0.0
L03.011,2,0,8.261757157404401e-12,0.0
L74.512,2,0,8.261757157404401e-12,0.0
J04.0,2,0,8.261757157404401e-12,0.0
R80.8,1,0,4.1308785787022006e-12,0.0
M20.012,2,0,8.261757157404401e-12,0.0
H02.402,1,0,4.1308785787022006e-12,0.0
H60.312,0,1,0.0,9.150679611969598e-12
H94.81,0,1,0.0,9.150679611969598e-12
J45.42,1,0,4.1308785787022006e-12,0.0
K06.1,1,0,4.1308785787022006e-12,0.0
L13.8,1,0,4.1308785787022006e-12,0.0
G44.84,8,0,3.3047028629617605e-11,0.0
M65.861,2,0,8.261757157404401e-12,0.0
S91.302S,0,2,0.0,1.8301359223939195e-11
S91.341A,1,0,4.1308785787022006e-12,0.0
T40.2X1A,0,1,0.0,9.150679611969598e-12
T67.2XXA,0,1,0.0,9.150679611969598e-12
H90.41,0,1,0.0,9.150679611969598e-12
L97.322,0,7,0.0,6.405475728378719e-11
R90.82,0,1,0.0,9.150679611969598e-12
S14.124D,5,1,2.0654392893511e-11,9.150679611969598e-12
W06.XXXA,1,2,4.1308785787022006e-12,1.8301359223939195e-11
W17.89XA,1,0,4.1308785787022006e-12,0.0
Z62.810,2,0,8.261757157404401e-12,0.0
I25.82,0,1,0.0,9.150679611969598e-12
I42.8,0,4,0.0,3.660271844787839e-11
M67.952,1,0,4.1308785787022006e-12,0.0
S29.011A,4,2,1.6523514314808802e-11,1.8301359223939195e-11
S39.013A,1,0,4.1308785787022006e-12,0.0
M43.5X9,1,0,4.1308785787022006e-12,0.0
Q68.8,1,0,4.1308785787022006e-12,0.0
Q78.1,0,2,0.0,1.8301359223939195e-11
S00.81XA,1,1,4.1308785787022006e-12,9.150679611969598e-12
H44.133,3,0,1.2392635736106602e-11,0.0
K50.811,1,0,4.1308785787022006e-12,0.0
M61.551,1,0,4.1308785787022006e-12,0.0
T84.59XD,2,0,8.261757157404401e-12,0.0
S20.211A,1,0,4.1308785787022006e-12,0.0
S24.2XXS,3,2,1.2392635736106602e-11,1.8301359223939195e-11
S29.9XXD,1,0,4.1308785787022006e-12,0.0
S52.502S,1,0,4.1308785787022006e-12,0.0
S63.630A,1,0,4.1308785787022006e-12,0.0
S66.211A,1,0,4.1308785787022006e-12,0.0
S81.832S,1,0,4.1308785787022006e-12,0.0
E83.110,1,1,4.1308785787022006e-12,9.150679611969598e-12
I69.998,1,0,4.1308785787022006e-12,0.0
M40.46,4,0,1.6523514314808802e-11,0.0
M71.572,4,0,1.6523514314808802e-11,0.0
O03.9,2,0,8.261757157404401e-12,0.0
O26.40,1,0,4.1308785787022006e-12,0.0
S87.81XD,1,0,4.1308785787022006e-12,0.0
C44.321,1,5,4.1308785787022006e-12,4.5753398059847985e-11
D03.60,0,1,0.0,9.150679611969598e-12
D05.81,1,0,4.1308785787022006e-12,0.0
D22.5,3,0,1.2392635736106602e-11,0.0
S47.1XXS,1,0,4.1308785787022006e-12,0.0
G44.099,2,2,8.261757157404401e-12,1.8301359223939195e-11
C44.91,0,3,0.0,2.7452038835908793e-11
Z31.9,4,0,1.6523514314808802e-11,0.0
Z53.8,1,0,4.1308785787022006e-12,0.0
Z56.3,9,1,3.7177907208319803e-11,9.150679611969598e-12
C32.1,0,2,0.0,1.8301359223939195e-11
I70.312,1,0,4.1308785787022006e-12,0.0
Z04.2,0,4,0.0,3.660271844787839e-11
Z48.3,1,0,4.1308785787022006e-12,0.0
Z53.9,2,1,8.261757157404401e-12,9.150679611969598e-12
Z87.441,0,1,0.0,9.150679611969598e-12
S20.211D,1,0,4.1308785787022006e-12,0.0
S22.010A,0,1,0.0,9.150679611969598e-12
S42.301A,0,1,0.0,9.150679611969598e-12
D44.10,0,1,0.0,9.150679611969598e-12
C81.11,1,0,4.1308785787022006e-12,0.0
H60.10,1,0,4.1308785787022006e-12,0.0
H60.559,1,0,4.1308785787022006e-12,0.0
I67.82,1,0,4.1308785787022006e-12,0.0
I73.1,4,0,1.6523514314808802e-11,0.0
I80.221,1,0,4.1308785787022006e-12,0.0
K22.9,1,0,4.1308785787022006e-12,0.0
K72.90,1,0,4.1308785787022006e-12,0.0
L02.838,1,0,4.1308785787022006e-12,0.0
L64.9,1,0,4.1308785787022006e-12,0.0
J38.1,1,1,4.1308785787022006e-12,9.150679611969598e-12
J39.9,8,1,3.3047028629617605e-11,9.150679611969598e-12
K00.9,0,1,0.0,9.150679611969598e-12
K80.63,0,1,0.0,9.150679611969598e-12
L60.2,1,1,4.1308785787022006e-12,9.150679611969598e-12
M25.471,0,1,0.0,9.150679611969598e-12
S22.030S,3,1,1.2392635736106602e-11,9.150679611969598e-12
S29.019D,0,1,0.0,9.150679611969598e-12
S70.11XA,2,0,8.261757157404401e-12,0.0
S76.011S,1,1,4.1308785787022006e-12,9.150679611969598e-12
S80.912S,1,1,4.1308785787022006e-12,9.150679611969598e-12
S92.334A,1,0,4.1308785787022006e-12,0.0
T51.94XD,0,3,0.0,2.7452038835908793e-11
T38.6X5D,1,0,4.1308785787022006e-12,0.0
Z63.6,8,0,3.3047028629617605e-11,0.0
Z74.2,3,0,1.2392635736106602e-11,0.0
W57.XXXS,0,1,0.0,9.150679611969598e-12
X94.2XXS,1,0,4.1308785787022006e-12,0.0
M25.859,5,1,2.0654392893511e-11,9.150679611969598e-12
C41.1,0,5,0.0,4.5753398059847985e-11
C31.0,1,0,4.1308785787022006e-12,0.0
C34.2,0,4,0.0,3.660271844787839e-11
E26.9,0,1,0.0,9.150679611969598e-12
B30.9,1,0,4.1308785787022006e-12,0.0
D21.6,1,1,4.1308785787022006e-12,9.150679611969598e-12
S24.101D,0,2,0.0,1.8301359223939195e-11
S24.143D,0,3,0.0,2.7452038835908793e-11
N39.42,4,0,1.6523514314808802e-11,0.0
S22.070S,3,2,1.2392635736106602e-11,1.8301359223939195e-11
S24.153A,0,1,0.0,9.150679611969598e-12
S43.005S,0,1,0.0,9.150679611969598e-12
S52.532S,1,0,4.1308785787022006e-12,0.0
S72.042D,0,1,0.0,9.150679611969598e-12
S76.292D,0,1,0.0,9.150679611969598e-12
H93.8X9,0,1,0.0,9.150679611969598e-12
I13.10,0,4,0.0,3.660271844787839e-11
I42.2,1,1,4.1308785787022006e-12,9.150679611969598e-12
I70.222,1,1,4.1308785787022006e-12,9.150679611969598e-12
K91.2,1,1,4.1308785787022006e-12,9.150679611969598e-12
L03.113,0,1,0.0,9.150679611969598e-12
M06.341,1,0,4.1308785787022006e-12,0.0
M14.819,0,7,0.0,6.405475728378719e-11
Q82.0,0,1,0.0,9.150679611969598e-12
R37.,1,0,4.1308785787022006e-12,0.0
S22.088S,11,1,4.54396643657242e-11,9.150679611969598e-12
S88.911S,0,10,0.0,9.150679611969597e-11
H20.12,1,0,4.1308785787022006e-12,0.0
H55.89,16,1,6.609405725923521e-11,9.150679611969598e-12
Z77.118,4,0,1.6523514314808802e-11,0.0
C34.30,3,0,1.2392635736106602e-11,0.0
F40.8,8,1,3.3047028629617605e-11,9.150679611969598e-12
M84.350S,2,0,8.261757157404401e-12,0.0
M06.032,1,0,4.1308785787022006e-12,0.0
M48.8X9,15,1,6.1963178680533e-11,9.150679611969598e-12
M65.831,3,0,1.2392635736106602e-11,0.0
M65.871,10,4,4.1308785787022e-11,3.660271844787839e-11
N45.2,3,0,1.2392635736106602e-11,0.0
R90.89,2,0,8.261757157404401e-12,0.0
M93.1,2,0,8.261757157404401e-12,0.0
M85.841,1,0,4.1308785787022006e-12,0.0
F48.8,6,1,2.4785271472213203e-11,9.150679611969598e-12
I45.89,1,0,4.1308785787022006e-12,0.0
I81.,0,1,0.0,9.150679611969598e-12
S42.002A,1,0,4.1308785787022006e-12,0.0
S44.92XD,0,1,0.0,9.150679611969598e-12
S46.819A,0,9,0.0,8.235611650772638e-11
Z08.,1,0,4.1308785787022006e-12,0.0
D32.1,1,0,4.1308785787022006e-12,0.0
K40.31,2,1,8.261757157404401e-12,9.150679611969598e-12
L40.51,15,2,6.1963178680533e-11,1.8301359223939195e-11
E73.9,1,0,4.1308785787022006e-12,0.0
D13.6,2,0,8.261757157404401e-12,0.0
D51.3,2,0,8.261757157404401e-12,0.0
F31.72,0,2,0.0,1.8301359223939195e-11
G40.011,0,1,0.0,9.150679611969598e-12
K31.819,0,1,0.0,9.150679611969598e-12
M02.811,1,0,4.1308785787022006e-12,0.0
S46.809A,3,0,1.2392635736106602e-11,0.0
S34.21XD,4,0,1.6523514314808802e-11,0.0
S74.12XA,15,0,6.1963178680533e-11,0.0
T79.A29D,9,0,3.7177907208319803e-11,0.0
C14.0,0,1,0.0,9.150679611969598e-12
C24.9,0,4,0.0,3.660271844787839e-11
C41.3,4,0,1.6523514314808802e-11,0.0
C62.91,4,1,1.6523514314808802e-11,9.150679611969598e-12
H40.1211,2,0,8.261757157404401e-12,0.0
L81.0,1,0,4.1308785787022006e-12,0.0
M32.15,0,2,0.0,1.8301359223939195e-11
I11.0,5,8,2.0654392893511e-11,7.320543689575678e-11
R58.,0,2,0.0,1.8301359223939195e-11
R71.0,0,2,0.0,1.8301359223939195e-11
S52.532A,0,1,0.0,9.150679611969598e-12
T84.092D,0,6,0.0,5.4904077671817586e-11
N94.12,1,0,4.1308785787022006e-12,0.0
E11.3293,1,2,4.1308785787022006e-12,1.8301359223939195e-11
I16.1,1,2,4.1308785787022006e-12,1.8301359223939195e-11
N13.0,1,1,4.1308785787022006e-12,9.150679611969598e-12
L56.2,0,1,0.0,9.150679611969598e-12
L60.3,1,12,4.1308785787022006e-12,1.0980815534363517e-10
L75.9,0,1,0.0,9.150679611969598e-12
L85.9,0,1,0.0,9.150679611969598e-12
M86.8X7,0,12,0.0,1.0980815534363517e-10
N13.39,0,2,0.0,1.8301359223939195e-11
D49.519,0,11,0.0,1.0065747573166556e-10
M87.011,12,0,4.9570542944426407e-11,0.0
N52.01,2,0,8.261757157404401e-12,0.0
R19.09,2,0,8.261757157404401e-12,0.0
S43.109D,1,0,4.1308785787022006e-12,0.0
S46.392D,1,0,4.1308785787022006e-12,0.0
S76.892S,1,0,4.1308785787022006e-12,0.0
K08.439,0,1,0.0,9.150679611969598e-12
M13.112,0,1,0.0,9.150679611969598e-12
M1A.00X0,4,2,1.6523514314808802e-11,1.8301359223939195e-11
M19.121,0,3,0.0,2.7452038835908793e-11
M23.262,0,1,0.0,9.150679611969598e-12
M60.88,13,1,5.3701421523128606e-11,9.150679611969598e-12
A31.0,0,2,0.0,1.8301359223939195e-11
B34.9,1,4,4.1308785787022006e-12,3.660271844787839e-11
C10.2,0,5,0.0,4.5753398059847985e-11
C13.9,0,3,0.0,2.7452038835908793e-11
C25.4,0,3,0.0,2.7452038835908793e-11
C34.81,0,1,0.0,9.150679611969598e-12
C45.0,3,9,1.2392635736106602e-11,8.235611650772638e-11
M24.112,1,0,4.1308785787022006e-12,0.0
M84.372G,0,1,0.0,9.150679611969598e-12
N11.9,0,1,0.0,9.150679611969598e-12
N36.8,0,1,0.0,9.150679611969598e-12
S04.31XD,4,0,1.6523514314808802e-11,0.0
S06.6X4S,1,1,4.1308785787022006e-12,9.150679611969598e-12
S06.9X1D,0,1,0.0,9.150679611969598e-12
S06.9X1S,1,1,4.1308785787022006e-12,9.150679611969598e-12
S06.9X9A,1,0,4.1308785787022006e-12,0.0
S06.9X9D,0,1,0.0,9.150679611969598e-12
S59.902A,1,0,4.1308785787022006e-12,0.0
S88.912D,1,0,4.1308785787022006e-12,0.0
S96.112D,0,1,0.0,9.150679611969598e-12
Z01.812,0,3,0.0,2.7452038835908793e-11
Z43.2,0,1,0.0,9.150679611969598e-12
Z51.11,0,3,0.0,2.7452038835908793e-11
Z51.12,0,3,0.0,2.7452038835908793e-11
A08.39,0,1,0.0,9.150679611969598e-12
A41.4,0,1,0.0,9.150679611969598e-12
A51.1,0,1,0.0,9.150679611969598e-12
A54.09,0,1,0.0,9.150679611969598e-12
B36.9,0,1,0.0,9.150679611969598e-12
C18.6,0,1,0.0,9.150679611969598e-12
C43.60,1,0,4.1308785787022006e-12,0.0
C44.82,0,1,0.0,9.150679611969598e-12
C77.9,0,1,0.0,9.150679611969598e-12
C78.4,0,1,0.0,9.150679611969598e-12
C79.81,0,1,0.0,9.150679611969598e-12
C79.11,0,1,0.0,9.150679611969598e-12
C7A.019,0,1,0.0,9.150679611969598e-12
C92.10,2,3,8.261757157404401e-12,2.7452038835908793e-11
D68.62,0,2,0.0,1.8301359223939195e-11
E85.0,0,1,0.0,9.150679611969598e-12
F12.250,0,2,0.0,1.8301359223939195e-11
F31.10,0,2,0.0,1.8301359223939195e-11
I49.8,0,3,0.0,2.7452038835908793e-11
I69.890,0,2,0.0,1.8301359223939195e-11
I82.403,1,1,4.1308785787022006e-12,9.150679611969598e-12
I82.502,0,2,0.0,1.8301359223939195e-11
I82.90,0,2,0.0,1.8301359223939195e-11
J93.9,0,2,0.0,1.8301359223939195e-11
K02.51,2,0,8.261757157404401e-12,0.0
K02.63,4,0,1.6523514314808802e-11,0.0
K08.411,2,0,8.261757157404401e-12,0.0
K57.21,0,2,0.0,1.8301359223939195e-11
K64.2,1,5,4.1308785787022006e-12,4.5753398059847985e-11
K70.11,0,2,0.0,1.8301359223939195e-11
Z52.4,0,1,0.0,9.150679611969598e-12
F42.2,2,0,8.261757157404401e-12,0.0
I69.318,0,1,0.0,9.150679611969598e-12
R93.429,0,2,0.0,1.8301359223939195e-11
T83.61XA,0,1,0.0,9.150679611969598e-12
I69.311,2,1,8.261757157404401e-12,9.150679611969598e-12
K59.39,1,0,4.1308785787022006e-12,0.0
M97.01XA,1,0,4.1308785787022006e-12,0.0
M04.8,2,0,8.261757157404401e-12,0.0
R93.421,2,0,8.261757157404401e-12,0.0
H34.8310,11,0,4.54396643657242e-11,0.0
N83.291,0,1,0.0,9.150679611969598e-12
T07.XXXA,1,0,4.1308785787022006e-12,0.0
H54.2X11,1,0,4.1308785787022006e-12,0.0
N18.31,23,23,9.501020731015061e-11,2.1046563107530072e-10
J84.178,26,0,1.0740284304625721e-10,0.0
M26.643,22,3,9.08793287314484e-11,2.7452038835908793e-11
M26.659,23,3,9.501020731015061e-11,2.7452038835908793e-11
N18.30,23,19,9.501020731015061e-11,1.7386291262742234e-10
M06.0A,1,0,4.1308785787022006e-12,0.0
M26.641,16,0,6.609405725923521e-11,0.0
I50.82,1,0,4.1308785787022006e-12,0.0
N35.911,1,0,4.1308785787022006e-12,0.0
Z96.82,2,1,8.261757157404401e-12,9.150679611969598e-12
M26.642,21,1,8.674845015274621e-11,9.150679611969598e-12
R51.0,56,6,2.3132920040732322e-10,5.4904077671817586e-11
F10.130,12,0,4.9570542944426407e-11,0.0
F10.939,2,5,8.261757157404401e-12,4.5753398059847985e-11
M26.652,5,3,2.0654392893511e-11,2.7452038835908793e-11
R74.01,5,14,2.0654392893511e-11,1.2810951456757437e-10
M26.651,6,3,2.4785271472213203e-11,2.7452038835908793e-11
F10.139,2,4,8.261757157404401e-12,3.660271844787839e-11
K74.00,2,1,8.261757157404401e-12,9.150679611969598e-12
K74.02,1,3,4.1308785787022006e-12,2.7452038835908793e-11
Q93.51,1,0,4.1308785787022006e-12,0.0
K21.01,3,1,1.2392635736106602e-11,9.150679611969598e-12
K74.01,1,0,4.1308785787022006e-12,0.0
M26.649,13,2,5.3701421523128606e-11,1.8301359223939195e-11
K20.80,1,0,4.1308785787022006e-12,0.0
M24.69,0,1,0.0,9.150679611969598e-12
H18.513,2,0,8.261757157404401e-12,0.0
K20.81,0,1,0.0,9.150679611969598e-12
G71.21,1,2,4.1308785787022006e-12,1.8301359223939195e-11
M05.8A,1,0,4.1308785787022006e-12,0.0
M06.8A,8,0,3.3047028629617605e-11,0.0
Z86.16,14,20,5.7832300101830805e-11,1.8301359223939194e-10
S24.143S,1,0,4.1308785787022006e-12,0.0
S27.808A,2,0,8.261757157404401e-12,0.0
S72.044S,0,1,0.0,9.150679611969598e-12
Z91.014,49,37,2.0241305035640782e-10,3.3857514564287507e-10
R35.81,23,0,9.501020731015061e-11,0.0
Z59.812,36,3,1.4871162883327921e-10,2.7452038835908793e-11
Z59.819,1,8,4.1308785787022006e-12,7.320543689575678e-11
Z59.01,30,14,1.23926357361066e-10,1.2810951456757437e-10
R05.8,1,3,4.1308785787022006e-12,2.7452038835908793e-11
Z59.811,4,7,1.6523514314808802e-11,6.405475728378719e-11
Z59.89,10,1,4.1308785787022e-11,9.150679611969598e-12
Z59.02,6,4,2.4785271472213203e-11,3.660271844787839e-11
S43.085D,1,0,4.1308785787022006e-12,0.0
S76.109S,0,1,0.0,9.150679611969598e-12
S86.012D,2,2,8.261757157404401e-12,1.8301359223939195e-11
Q61.9,1,0,4.1308785787022006e-12,0.0
S83.511D,3,1,1.2392635736106602e-11,9.150679611969598e-12
S82.61XS,4,0,1.6523514314808802e-11,0.0
S86.091S,3,0,1.2392635736106602e-11,0.0
S48.122S,1,0,4.1308785787022006e-12,0.0
G56.80,0,2,0.0,1.8301359223939195e-11
R45.86,40,15,1.65235143148088e-10,1.3726019417954397e-10
H01.135,1,0,4.1308785787022006e-12,0.0
M20.002,1,0,4.1308785787022006e-12,0.0
M21.70,3,1,1.2392635736106602e-11,9.150679611969598e-12
M47.891,1,0,4.1308785787022006e-12,0.0
S14.103A,12,0,4.9570542944426407e-11,0.0
R05.2,5,3,2.0654392893511e-11,2.7452038835908793e-11
M87.112,1,0,4.1308785787022006e-12,0.0
M00.869,1,0,4.1308785787022006e-12,0.0
M48.36,1,0,4.1308785787022006e-12,0.0
M66.311,1,0,4.1308785787022006e-12,0.0
M94.8X1,0,1,0.0,9.150679611969598e-12
S88.012D,1,0,4.1308785787022006e-12,0.0
I87.319,0,3,0.0,2.7452038835908793e-11
M45.A6,110,0,4.5439664365724205e-10,0.0
Z02.79,4,0,1.6523514314808802e-11,0.0
S42.002S,5,1,2.0654392893511e-11,9.150679611969598e-12
S42.022D,0,4,0.0,3.660271844787839e-11
S43.311D,4,0,1.6523514314808802e-11,0.0
S06.5X0D,0,2,0.0,1.8301359223939195e-11
T68.XXXD,0,1,0.0,9.150679611969598e-12
S73.011S,4,0,1.6523514314808802e-11,0.0
F43.81,25,4,1.03271964467555e-10,3.660271844787839e-11
D75.839,2,2,8.261757157404401e-12,1.8301359223939195e-11
M45.A5,1,0,4.1308785787022006e-12,0.0
M45.A4,2,0,8.261757157404401e-12,0.0
K31.A0,1,0,4.1308785787022006e-12,0.0
M45.A0,1,0,4.1308785787022006e-12,0.0
F02.B0,2,0,8.261757157404401e-12,0.0
F03.93,9,18,3.7177907208319803e-11,1.6471223301545275e-10
G93.31,18,0,7.435581441663961e-11,0.0
S06.89AS,1,0,4.1308785787022006e-12,0.0
F01.B18,1,0,4.1308785787022006e-12,0.0
F03.911,0,1,0.0,9.150679611969598e-12
I71.21,1,3,4.1308785787022006e-12,2.7452038835908793e-11
N80.103,1,0,4.1308785787022006e-12,0.0
N80.00,7,1,2.8916150050915402e-11,9.150679611969598e-12
F06.70,7,0,2.8916150050915402e-11,0.0
N80.41,0,1,0.0,9.150679611969598e-12
S06.0XAS,2,2,8.261757157404401e-12,1.8301359223939195e-11
G93.32,15,3,6.1963178680533e-11,2.7452038835908793e-11
I71.011,1,1,4.1308785787022006e-12,9.150679611969598e-12
I71.40,4,4,1.6523514314808802e-11,3.660271844787839e-11
F03.B0,0,3,0.0,2.7452038835908793e-11
F12.91,1,0,4.1308785787022006e-12,0.0
S06.2XAA,1,2,4.1308785787022006e-12,1.8301359223939195e-11
Z60.9,2,1,8.261757157404401e-12,9.150679611969598e-12
K50.812,0,2,0.0,1.8301359223939195e-11
K94.00,0,1,0.0,9.150679611969598e-12
M1A.09X1,1,0,4.1308785787022006e-12,0.0
F10.91,10,3,4.1308785787022e-11,2.7452038835908793e-11
F02.A0,4,1,1.6523514314808802e-11,9.150679611969598e-12
I77.82,4,0,1.6523514314808802e-11,0.0
F14.91,4,8,1.6523514314808802e-11,7.320543689575678e-11
T43.655A,0,4,0.0,3.660271844787839e-11
F03.B18,1,1,4.1308785787022006e-12,9.150679611969598e-12
V29.498S,0,2,0.0,1.8301359223939195e-11
T43.655D,0,4,0.0,3.660271844787839e-11
G90.A,14,1,5.7832300101830805e-11,9.150679611969598e-12
F03.92,2,0,8.261757157404401e-12,0.0
E88.810,9,5,3.7177907208319803e-11,4.5753398059847985e-11
G20.A2,22,9,9.08793287314484e-11,8.235611650772638e-11
K63.8219,0,1,0.0,9.150679611969598e-12
G43.E01,48,13,1.9828217177770563e-10,1.1895883495560475e-10
M51.371,14,4,5.7832300101830805e-11,3.660271844787839e-11
F50.811,7,2,2.8916150050915402e-11,1.8301359223939195e-11
E66.813,7,5,2.8916150050915402e-11,4.5753398059847985e-11
S52.532D,0,1,0.0,9.150679611969598e-12
K29.71,1,0,4.1308785787022006e-12,0.0
M25.619,0,1,0.0,9.150679611969598e-12
S42.302D,0,1,0.0,9.150679611969598e-12
F11.13,2,1,8.261757157404401e-12,9.150679611969598e-12
J44.89,68,1,2.808997433517496e-10,9.150679611969598e-12
I47.19,1,0,4.1308785787022006e-12,0.0
D13.91,0,1,0.0,9.150679611969598e-12
W44.H1XD,1,0,4.1308785787022006e-12,0.0
D48.19,0,1,0.0,9.150679611969598e-12
I20.89,1,0,4.1308785787022006e-12,0.0
G11.5,1,4,4.1308785787022006e-12,3.660271844787839e-11
E66.812,6,3,2.4785271472213203e-11,2.7452038835908793e-11
Z86.0109,1,1,4.1308785787022006e-12,9.150679611969598e-12
C88.90,0,1,0.0,9.150679611969598e-12
M65.941,2,0,8.261757157404401e-12,0.0
Z86.0100,1,1,4.1308785787022006e-12,9.150679611969598e-12
C88.01,1,0,4.1308785787022006e-12,0.0
Z83.72,0,1,0.0,9.150679611969598e-12
L29.89,14,1,5.7832300101830805e-11,9.150679611969598e-12
J18.0,0,1,0.0,9.150679611969598e-12
D69.3,1,0,4.1308785787022006e-12,0.0
T84.498A,1,0,4.1308785787022006e-12,0.0
R45.2,1,0,4.1308785787022006e-12,0.0
F11.91,6,1,2.4785271472213203e-11,9.150679611969598e-12
S76.319A,1,15,4.1308785787022006e-12,1.3726019417954397e-10
M25.871,1,0,4.1308785787022006e-12,0.0
R03.1,2,3,8.261757157404401e-12,2.7452038835908793e-11
C79.9,1,2,4.1308785787022006e-12,1.8301359223939195e-11
C84.00,11,0,4.54396643657242e-11,0.0
C91.01,2,0,8.261757157404401e-12,0.0
C96.4,3,1,1.2392635736106602e-11,9.150679611969598e-12
D05.80,9,1,3.7177907208319803e-11,9.150679611969598e-12
F50.021,0,1,0.0,9.150679611969598e-12
H01.83,1,0,4.1308785787022006e-12,0.0
R10.A1,25,9,1.03271964467555e-10,8.235611650772638e-11
R10.A3,1,1,4.1308785787022006e-12,9.150679611969598e-12
R10.21,4,15,1.6523514314808802e-11,1.3726019417954397e-10
G35.A,22,0,9.08793287314484e-11,0.0
G35.C1,1,1,4.1308785787022006e-12,9.150679611969598e-12
G35.D,112,70,4.6265840081464644e-10,6.405475728378718e-10
R10.85,9,4,3.7177907208319803e-11,3.660271844787839e-11
G35.B0,2,0,8.261757157404401e-12,0.0
R10.24,1,1,4.1308785787022006e-12,9.150679611969598e-12
G35.C2,1,0,4.1308785787022006e-12,0.0
E11.A,0,1,0.0,9.150679611969598e-12
S06.9X0D,4,0,1.6523514314808802e-11,0.0
S22.089S,4,0,1.6523514314808802e-11,0.0
C90.21,6,0,2.4785271472213203e-11,0.0
S86.919S,2,0,8.261757157404401e-12,0.0
S86.092A,1,0,4.1308785787022006e-12,0.0
S43.004A,1,0,4.1308785787022006e-12,0.0
M67.02,1,0,4.1308785787022006e-12,0.0
K31.2,1,0,4.1308785787022006e-12,0.0
S92.909A,0,1,0.0,9.150679611969598e-12
T84.53XA,0,2,0.0,1.8301359223939195e-11
G52.9,0,1,0.0,9.150679611969598e-12
I74.09,0,1,0.0,9.150679611969598e-12
K29.90,3,0,1.2392635736106602e-11,0.0
K22.0,26,1,1.0740284304625721e-10,9.150679611969598e-12
A52.16,63,19,2.6024535045823864e-10,1.7386291262742234e-10
S22.010K,6,0,2.4785271472213203e-11,0.0
M40.293,1,0,4.1308785787022006e-12,0.0
C92.A2,2,0,8.261757157404401e-12,0.0
Z3A.09,1,0,4.1308785787022006e-12,0.0
M13.179,0,2,0.0,1.8301359223939195e-11
S53.21XS,0,1,0.0,9.150679611969598e-12
S74.11XS,1,2,4.1308785787022006e-12,1.8301359223939195e-11
S06.300D,0,1,0.0,9.150679611969598e-12
N80.123,1,2,4.1308785787022006e-12,1.8301359223939195e-11
R82.90,2,1,8.261757157404401e-12,9.150679611969598e-12
S42.335A,0,1,0.0,9.150679611969598e-12
M71.579,1,0,4.1308785787022006e-12,0.0
I83.025,0,1,0.0,9.150679611969598e-12
S06.9X4S,1,0,4.1308785787022006e-12,0.0
N50.9,23,1,9.501020731015061e-11,9.150679611969598e-12
S42.018S,0,1,0.0,9.150679611969598e-12
S42.211A,1,0,4.1308785787022006e-12,0.0
S44.21XA,1,0,4.1308785787022006e-12,0.0
S46.891S,0,1,0.0,9.150679611969598e-12
S46.909D,0,1,0.0,9.150679611969598e-12
S63.045A,2,0,8.261757157404401e-12,0.0
S66.119S,1,0,4.1308785787022006e-12,0.0
S43.491D,1,0,4.1308785787022006e-12,0.0
S76.391S,1,0,4.1308785787022006e-12,0.0
S79.811D,1,0,4.1308785787022006e-12,0.0
S90.931D,1,0,4.1308785787022006e-12,0.0
S92.355D,2,0,8.261757157404401e-12,0.0
Y83.9,2,0,8.261757157404401e-12,0.0
C24.0,0,1,0.0,9.150679611969598e-12
C43.71,0,1,0.0,9.150679611969598e-12
I26.02,0,1,0.0,9.150679611969598e-12
I35.8,0,1,0.0,9.150679611969598e-12
I63.441,1,0,4.1308785787022006e-12,0.0
J01.40,1,0,4.1308785787022006e-12,0.0
L97.512,0,1,0.0,9.150679611969598e-12
M12.861,1,0,4.1308785787022006e-12,0.0
M48.52XG,1,0,4.1308785787022006e-12,0.0
Z13.21,1,0,4.1308785787022006e-12,0.0
I74.3,1,0,4.1308785787022006e-12,0.0
S12.090S,0,2,0.0,1.8301359223939195e-11
M89.449,0,5,0.0,4.5753398059847985e-11
Z48.24,1,0,4.1308785787022006e-12,0.0
H27.01,1,0,4.1308785787022006e-12,0.0
S14.111S,1,0,4.1308785787022006e-12,0.0
C82.20,0,1,0.0,9.150679611969598e-12
S46.021A,1,0,4.1308785787022006e-12,0.0
T84.039A,0,1,0.0,9.150679611969598e-12
M43.8X6,15,2,6.1963178680533e-11,1.8301359223939195e-11
S43.432S,6,0,2.4785271472213203e-11,0.0
A18.15,0,1,0.0,9.150679611969598e-12
M10.031,0,6,0.0,5.4904077671817586e-11
T16.1XXA,0,1,0.0,9.150679611969598e-12
F01.B3,1,1,4.1308785787022006e-12,9.150679611969598e-12
M25.121,1,0,4.1308785787022006e-12,0.0
N81.4,4,0,1.6523514314808802e-11,0.0
F13.921,1,0,4.1308785787022006e-12,0.0
S33.130D,1,0,4.1308785787022006e-12,0.0
M46.80,1,0,4.1308785787022006e-12,0.0
W57.XXXA,2,1,8.261757157404401e-12,9.150679611969598e-12
F44.6,1,0,4.1308785787022006e-12,0.0
M21.769,1,1,4.1308785787022006e-12,9.150679611969598e-12
E05.01,0,2,0.0,1.8301359223939195e-11
E11.618,1,4,4.1308785787022006e-12,3.660271844787839e-11
G90.01,1,3,4.1308785787022006e-12,2.7452038835908793e-11
H25.091,0,2,0.0,1.8301359223939195e-11
H25.811,0,3,0.0,2.7452038835908793e-11
D21.4,0,1,0.0,9.150679611969598e-12
D30.00,0,1,0.0,9.150679611969598e-12
E08.8,1,1,4.1308785787022006e-12,9.150679611969598e-12
F11.182,0,1,0.0,9.150679611969598e-12
H10.89,0,1,0.0,9.150679611969598e-12
H16.001,0,1,0.0,9.150679611969598e-12
H25.812,0,1,0.0,9.150679611969598e-12
H33.20,0,1,0.0,9.150679611969598e-12
H43.11,0,1,0.0,9.150679611969598e-12
H59.091,0,1,0.0,9.150679611969598e-12
H60.392,0,2,0.0,1.8301359223939195e-11
H60.533,0,1,0.0,9.150679611969598e-12
H60.8X9,0,1,0.0,9.150679611969598e-12
H65.92,0,1,0.0,9.150679611969598e-12
H92.12,0,1,0.0,9.150679611969598e-12
I43.,0,1,0.0,9.150679611969598e-12
I51.4,0,1,0.0,9.150679611969598e-12
I63.411,0,1,0.0,9.150679611969598e-12
I75.023,0,1,0.0,9.150679611969598e-12
I82.622,0,1,0.0,9.150679611969598e-12
I83.11,0,1,0.0,9.150679611969598e-12
J18.1,0,1,0.0,9.150679611969598e-12
J21.0,0,2,0.0,1.8301359223939195e-11
J45.901,1,1,4.1308785787022006e-12,9.150679611969598e-12
K08.109,1,0,4.1308785787022006e-12,0.0
K08.422,1,0,4.1308785787022006e-12,0.0
K08.429,1,0,4.1308785787022006e-12,0.0
K29.40,0,1,0.0,9.150679611969598e-12
K51.011,1,1,4.1308785787022006e-12,9.150679611969598e-12
K56.2,0,1,0.0,9.150679611969598e-12
K65.9,0,1,0.0,9.150679611969598e-12
K92.0,0,1,0.0,9.150679611969598e-12
L03.114,1,1,4.1308785787022006e-12,9.150679611969598e-12
M48.54XA,0,1,0.0,9.150679611969598e-12
M62.422,0,1,0.0,9.150679611969598e-12
M71.052,0,1,0.0,9.150679611969598e-12
M88.1,0,1,0.0,9.150679611969598e-12
N11.1,0,1,0.0,9.150679611969598e-12
N30.81,0,1,0.0,9.150679611969598e-12
Q21.1,0,1,0.0,9.150679611969598e-12
Q85.02,0,1,0.0,9.150679611969598e-12
R19.5,0,1,0.0,9.150679611969598e-12
R59.1,0,1,0.0,9.150679611969598e-12
R92.2,0,2,0.0,1.8301359223939195e-11
S00.261A,0,1,0.0,9.150679611969598e-12
S30.862A,0,1,0.0,9.150679611969598e-12
S31.109D,0,1,0.0,9.150679611969598e-12
S31.109S,0,1,0.0,9.150679611969598e-12
S34.3XXS,1,2,4.1308785787022006e-12,1.8301359223939195e-11
S41.112S,0,1,0.0,9.150679611969598e-12
S42.292A,0,1,0.0,9.150679611969598e-12
S46.292S,0,1,0.0,9.150679611969598e-12
S61.411A,0,2,0.0,1.8301359223939195e-11
S62.002K,0,1,0.0,9.150679611969598e-12
S82.031D,0,1,0.0,9.150679611969598e-12
S82.491S,0,1,0.0,9.150679611969598e-12
T50.B95A,0,1,0.0,9.150679611969598e-12
T63.441D,0,1,0.0,9.150679611969598e-12
T79.2XXD,0,1,0.0,9.150679611969598e-12
T82.7XXS,0,1,0.0,9.150679611969598e-12
T87.43,0,1,0.0,9.150679611969598e-12
Y04.8XXS,0,1,0.0,9.150679611969598e-12
Y08.02XS,0,1,0.0,9.150679611969598e-12
Z01.21,1,0,4.1308785787022006e-12,0.0
Z02.4,0,1,0.0,9.150679611969598e-12
Z80.42,0,2,0.0,1.8301359223939195e-11
S39.092D,4,1,1.6523514314808802e-11,9.150679611969598e-12
N39.45,1,0,4.1308785787022006e-12,0.0
K26.7,0,1,0.0,9.150679611969598e-12
S32.475S,0,1,0.0,9.150679611969598e-12
S88.022D,1,0,4.1308785787022006e-12,0.0
S82.201K,0,1,0.0,9.150679611969598e-12
I69.910,1,0,4.1308785787022006e-12,0.0
S54.12XA,1,0,4.1308785787022006e-12,0.0
K56.699,0,1,0.0,9.150679611969598e-12
S43.81XS,1,2,4.1308785787022006e-12,1.8301359223939195e-11
M67.879,0,3,0.0,2.7452038835908793e-11
S82.62XG,3,0,1.2392635736106602e-11,0.0
E11.638,0,1,0.0,9.150679611969598e-12
S42.111S,1,0,4.1308785787022006e-12,0.0
K52.0,2,0,8.261757157404401e-12,0.0
F01.A0,4,1,1.6523514314808802e-11,9.150679611969598e-12
S06.890S,1,0,4.1308785787022006e-12,0.0
E88.89,2,0,8.261757157404401e-12,0.0
I1A.0,1,0,4.1308785787022006e-12,0.0
M18.50,2,0,8.261757157404401e-12,0.0
S42.221D,1,0,4.1308785787022006e-12,0.0
S73.191S,6,2,2.4785271472213203e-11,1.8301359223939195e-11
S43.393D,0,1,0.0,9.150679611969598e-12
S43.402S,1,0,4.1308785787022006e-12,0.0
S01.322A,1,0,4.1308785787022006e-12,0.0
E10.649,1,0,4.1308785787022006e-12,0.0
D00.03,0,1,0.0,9.150679611969598e-12
R22.40,1,0,4.1308785787022006e-12,0.0
K20.90,4,1,1.6523514314808802e-11,9.150679611969598e-12
R15.9,11,0,4.54396643657242e-11,0.0
S86.022D,0,1,0.0,9.150679611969598e-12
S60.811A,0,1,0.0,9.150679611969598e-12
E50.9,10,2,4.1308785787022e-11,1.8301359223939195e-11
C83.94,0,1,0.0,9.150679611969598e-12
D43.2,5,0,2.0654392893511e-11,0.0
R65.10,2,0,8.261757157404401e-12,0.0
M26.54,1,0,4.1308785787022006e-12,0.0
F10.982,1,0,4.1308785787022006e-12,0.0
H52.223,1,0,4.1308785787022006e-12,0.0
S32.050D,0,1,0.0,9.150679611969598e-12
S92.591A,1,0,4.1308785787022006e-12,0.0
T31.70,0,1,0.0,9.150679611969598e-12
S82.876S,1,0,4.1308785787022006e-12,0.0
S81.811A,0,1,0.0,9.150679611969598e-12
F02.A11,0,1,0.0,9.150679611969598e-12
S32.512D,0,1,0.0,9.150679611969598e-12
Z11.52,3,48,1.2392635736106602e-11,4.392326213745407e-10
R93.5,1,1,4.1308785787022006e-12,9.150679611969598e-12
C49.A2,0,1,0.0,9.150679611969598e-12
I68.0,1,0,4.1308785787022006e-12,0.0
S24.104S,7,2,2.8916150050915402e-11,1.8301359223939195e-11
S82.55XA,0,1,0.0,9.150679611969598e-12
S52.301S,1,0,4.1308785787022006e-12,0.0
J84.115,2,5,8.261757157404401e-12,4.5753398059847985e-11
M25.211,2,0,8.261757157404401e-12,0.0
R80.0,1,0,4.1308785787022006e-12,0.0
G35.C0,6,32,2.4785271472213203e-11,2.928217475830271e-10
F19.99,3,1,1.2392635736106602e-11,9.150679611969598e-12
S24.142S,0,2,0.0,1.8301359223939195e-11
O24.12,1,0,4.1308785787022006e-12,0.0
H11.001,1,0,4.1308785787022006e-12,0.0
M05.832,2,0,8.261757157404401e-12,0.0
D51.0,1,1,4.1308785787022006e-12,9.150679611969598e-12
J39.2,10,0,4.1308785787022e-11,0.0
S14.103S,2,1,8.261757157404401e-12,9.150679611969598e-12
M08.3,2,1,8.261757157404401e-12,9.150679611969598e-12
C96.21,1,0,4.1308785787022006e-12,0.0
G56.30,0,2,0.0,1.8301359223939195e-11
S52.031S,0,2,0.0,1.8301359223939195e-11
M31.30,1,0,4.1308785787022006e-12,0.0
K08.131,0,1,0.0,9.150679611969598e-12
M41.20,4,2,1.6523514314808802e-11,1.8301359223939195e-11
D44.0,0,1,0.0,9.150679611969598e-12
M84.473S,1,0,4.1308785787022006e-12,0.0
S60.571D,0,1,0.0,9.150679611969598e-12
V89.2XXS,3,2,1.2392635736106602e-11,1.8301359223939195e-11
G90.89,1,0,4.1308785787022006e-12,0.0
J15.8,0,1,0.0,9.150679611969598e-12
Z41.2,0,1,0.0,9.150679611969598e-12
M96.4,3,0,1.2392635736106602e-11,0.0
E05.00,3,1,1.2392635736106602e-11,9.150679611969598e-12
S40.012S,0,1,0.0,9.150679611969598e-12
M30.0,4,0,1.6523514314808802e-11,0.0
H40.831,0,1,0.0,9.150679611969598e-12
M53.2X1,1,0,4.1308785787022006e-12,0.0
S42.322D,1,0,4.1308785787022006e-12,0.0
H16.011,3,0,1.2392635736106602e-11,0.0
S42.251A,1,0,4.1308785787022006e-12,0.0
S93.411D,3,0,1.2392635736106602e-11,0.0
M05.261,1,6,4.1308785787022006e-12,5.4904077671817586e-11
G44.091,6,1,2.4785271472213203e-11,9.150679611969598e-12
C90.20,1,0,4.1308785787022006e-12,0.0
S99.811S,0,1,0.0,9.150679611969598e-12
M12.552,1,1,4.1308785787022006e-12,9.150679611969598e-12
Z65.2,0,2,0.0,1.8301359223939195e-11
C85.93,1,0,4.1308785787022006e-12,0.0
M07.611,0,3,0.0,2.7452038835908793e-11
S43.004D,2,0,8.261757157404401e-12,0.0
Z99.2,1,3,4.1308785787022006e-12,2.7452038835908793e-11
M65.231,2,0,8.261757157404401e-12,0.0
B37.9,0,2,0.0,1.8301359223939195e-11
S22.058D,1,0,4.1308785787022006e-12,0.0
F50.89,1,0,4.1308785787022006e-12,0.0
E87.70,2,4,8.261757157404401e-12,3.660271844787839e-11
N30.11,42,2,1.7349690030549242e-10,1.8301359223939195e-11
S46.199S,1,0,4.1308785787022006e-12,0.0
S82.121S,0,1,0.0,9.150679611969598e-12
M99.12,4,0,1.6523514314808802e-11,0.0
J45.31,2,0,8.261757157404401e-12,0.0
S92.001D,1,0,4.1308785787022006e-12,0.0
D09.19,0,1,0.0,9.150679611969598e-12
L97.801,2,1,8.261757157404401e-12,9.150679611969598e-12
Q03.8,1,0,4.1308785787022006e-12,0.0
M25.872,1,0,4.1308785787022006e-12,0.0
G47.54,0,3,0.0,2.7452038835908793e-11
F50.012,0,1,0.0,9.150679611969598e-12
N30.90,1,3,4.1308785787022006e-12,2.7452038835908793e-11
H53.453,1,2,4.1308785787022006e-12,1.8301359223939195e-11
S76.811S,2,0,8.261757157404401e-12,0.0
L74.511,4,3,1.6523514314808802e-11,2.7452038835908793e-11
M45.A7,5,0,2.0654392893511e-11,0.0
M43.28,3,0,1.2392635736106602e-11,0.0
S82.492S,0,1,0.0,9.150679611969598e-12
F95.9,2,0,8.261757157404401e-12,0.0
N97.1,8,0,3.3047028629617605e-11,0.0
S00.90XD,1,0,4.1308785787022006e-12,0.0
S06.2X2S,1,0,4.1308785787022006e-12,0.0
M65.272,0,1,0.0,9.150679611969598e-12
M12.332,1,0,4.1308785787022006e-12,0.0
S56.012A,1,0,4.1308785787022006e-12,0.0
H34.239,1,0,4.1308785787022006e-12,0.0
H95.191,0,5,0.0,4.5753398059847985e-11
Z96.0,0,1,0.0,9.150679611969598e-12
S42.201G,0,1,0.0,9.150679611969598e-12
G71.02,2,0,8.261757157404401e-12,0.0
S76.891S,1,0,4.1308785787022006e-12,0.0
R30.9,0,12,0.0,1.0980815534363517e-10
M66.261,1,0,4.1308785787022006e-12,0.0
S91.302A,1,0,4.1308785787022006e-12,0.0
S43.52XA,0,11,0.0,1.0065747573166556e-10
H61.109,0,1,0.0,9.150679611969598e-12
M25.879,6,4,2.4785271472213203e-11,3.660271844787839e-11
I82.509,0,1,0.0,9.150679611969598e-12
H68.023,0,2,0.0,1.8301359223939195e-11
C34.82,10,0,4.1308785787022e-11,0.0
S43.304S,0,2,0.0,1.8301359223939195e-11
G47.14,1,1,4.1308785787022006e-12,9.150679611969598e-12
M65.319,3,0,1.2392635736106602e-11,0.0
I70.221,1,6,4.1308785787022006e-12,5.4904077671817586e-11
S41.101A,2,0,8.261757157404401e-12,0.0
A50.05,3,0,1.2392635736106602e-11,0.0
M05.7A,0,1,0.0,9.150679611969598e-12
F10.930,1,0,4.1308785787022006e-12,0.0
D84.81,0,1,0.0,9.150679611969598e-12
F10.931,1,0,4.1308785787022006e-12,0.0
F10.131,1,0,4.1308785787022006e-12,0.0
Z20.822,2,1,8.261757157404401e-12,9.150679611969598e-12
J12.82,1,0,4.1308785787022006e-12,0.0
M35.81,1,0,4.1308785787022006e-12,0.0
Z59.41,0,1,0.0,9.150679611969598e-12
L02.412,1,0,4.1308785787022006e-12,0.0
D18.09,0,1,0.0,9.150679611969598e-12
M11.80,0,1,0.0,9.150679611969598e-12
C18.4,0,1,0.0,9.150679611969598e-12
M71.311,0,1,0.0,9.150679611969598e-12
F50.2,3,0,1.2392635736106602e-11,0.0
L01.00,2,1,8.261757157404401e-12,9.150679611969598e-12
H72.821,0,1,0.0,9.150679611969598e-12
H53.10,1,0,4.1308785787022006e-12,0.0
V86.55XA,0,1,0.0,9.150679611969598e-12
I72.8,1,0,4.1308785787022006e-12,0.0
H18.593,1,0,4.1308785787022006e-12,0.0
B95.8,1,2,4.1308785787022006e-12,1.8301359223939195e-11
J38.2,1,0,4.1308785787022006e-12,0.0
E83.10,0,1,0.0,9.150679611969598e-12
L89.94,1,0,4.1308785787022006e-12,0.0
E05.80,3,0,1.2392635736106602e-11,0.0
K83.09,0,1,0.0,9.150679611969598e-12
I63.519,5,0,2.0654392893511e-11,0.0
S19.89XS,3,41,1.2392635736106602e-11,3.751778640907535e-10
S46.912D,1,0,4.1308785787022006e-12,0.0
S42.202D,2,0,8.261757157404401e-12,0.0
S76.292A,4,0,1.6523514314808802e-11,0.0
G04.89,2,0,8.261757157404401e-12,0.0
S52.352S,0,1,0.0,9.150679611969598e-12
M70.80,1,0,4.1308785787022006e-12,0.0
M19.19,3,0,1.2392635736106602e-11,0.0
R47.9,8,0,3.3047028629617605e-11,0.0
S22.050S,1,1,4.1308785787022006e-12,9.150679611969598e-12
I71.20,6,4,2.4785271472213203e-11,3.660271844787839e-11
I95.89,2,0,8.261757157404401e-12,0.0
F51.12,0,2,0.0,1.8301359223939195e-11
Z66.,0,1,0.0,9.150679611969598e-12
H25.012,0,5,0.0,4.5753398059847985e-11
H61.321,17,1,7.02249358379374e-11,9.150679611969598e-12
H65.412,0,1,0.0,9.150679611969598e-12
S76.309A,1,0,4.1308785787022006e-12,0.0
A41.51,1,0,4.1308785787022006e-12,0.0
D17.39,0,1,0.0,9.150679611969598e-12
Z34.03,9,0,3.7177907208319803e-11,0.0
S20.221A,3,0,1.2392635736106602e-11,0.0
S06.8A0S,0,3,0.0,2.7452038835908793e-11
S23.428S,2,0,8.261757157404401e-12,0.0
T84.092S,0,1,0.0,9.150679611969598e-12
S52.512S,1,0,4.1308785787022006e-12,0.0
S32.2XXD,0,1,0.0,9.150679611969598e-12
S76.101D,1,0,4.1308785787022006e-12,0.0
S76.211D,1,0,4.1308785787022006e-12,0.0
L62.,0,4,0.0,3.660271844787839e-11
M13.171,2,2,8.261757157404401e-12,1.8301359223939195e-11
S66.115A,1,0,4.1308785787022006e-12,0.0
S92.301A,0,1,0.0,9.150679611969598e-12
M62.421,3,1,1.2392635736106602e-11,9.150679611969598e-12
S37.898S,2,0,8.261757157404401e-12,0.0
M40.14,1,2,4.1308785787022006e-12,1.8301359223939195e-11
S93.691A,1,0,4.1308785787022006e-12,0.0
S72.002D,0,1,0.0,9.150679611969598e-12
S70.01XA,0,1,0.0,9.150679611969598e-12
N45.3,1,0,4.1308785787022006e-12,0.0
M51.A0,2,0,8.261757157404401e-12,0.0
F20.81,1,0,4.1308785787022006e-12,0.0
M65.20,0,1,0.0,9.150679611969598e-12
S73.192D,2,0,8.261757157404401e-12,0.0
M84.452S,0,1,0.0,9.150679611969598e-12
S24.132A,0,1,0.0,9.150679611969598e-12
C43.61,0,1,0.0,9.150679611969598e-12
D00.08,0,1,0.0,9.150679611969598e-12
T43.625A,4,0,1.6523514314808802e-11,0.0
S62.316S,1,0,4.1308785787022006e-12,0.0
H59.099,0,1,0.0,9.150679611969598e-12
T84.091A,0,1,0.0,9.150679611969598e-12
S66.193D,1,0,4.1308785787022006e-12,0.0
D07.39,2,0,8.261757157404401e-12,0.0
M88.9,7,1,2.8916150050915402e-11,9.150679611969598e-12
R23.9,0,1,0.0,9.150679611969598e-12
S96.912A,0,1,0.0,9.150679611969598e-12
S61.317D,0,1,0.0,9.150679611969598e-12
Y36.290D,1,0,4.1308785787022006e-12,0.0
H81.01,7,0,2.8916150050915402e-11,0.0
S81.801S,0,3,0.0,2.7452038835908793e-11
B02.21,2,0,8.261757157404401e-12,0.0
M86.68,2,0,8.261757157404401e-12,0.0
M40.50,2,0,8.261757157404401e-12,0.0
Z85.21,1,0,4.1308785787022006e-12,0.0
L98.1,0,2,0.0,1.8301359223939195e-11
M45.A2,5,1,2.0654392893511e-11,9.150679611969598e-12
T66.XXXS,1,0,4.1308785787022006e-12,0.0
I50.21,3,7,1.2392635736106602e-11,6.405475728378719e-11
S24.104D,0,4,0.0,3.660271844787839e-11
I69.323,1,0,4.1308785787022006e-12,0.0
S34.104A,1,0,4.1308785787022006e-12,0.0
S14.109D,3,0,1.2392635736106602e-11,0.0
L28.0,1,0,4.1308785787022006e-12,0.0
S52.121G,2,0,8.261757157404401e-12,0.0
M71.111,1,0,4.1308785787022006e-12,0.0
G90.1,3,0,1.2392635736106602e-11,0.0
H25.031,1,1,4.1308785787022006e-12,9.150679611969598e-12
L85.1,5,1,2.0654392893511e-11,9.150679611969598e-12
R39.9,1,2,4.1308785787022006e-12,1.8301359223939195e-11
S22.069A,0,1,0.0,9.150679611969598e-12
M23.231,1,0,4.1308785787022006e-12,0.0
M11.9,0,1,0.0,9.150679611969598e-12
M61.9,1,0,4.1308785787022006e-12,0.0
L76.32,1,1,4.1308785787022006e-12,9.150679611969598e-12
E11.10,0,1,0.0,9.150679611969598e-12
Z11.8,0,1,0.0,9.150679611969598e-12
G71.12,8,0,3.3047028629617605e-11,0.0
M71.559,1,0,4.1308785787022006e-12,0.0
J84.03,0,1,0.0,9.150679611969598e-12
M24.422,0,4,0.0,3.660271844787839e-11
S16.8XXA,0,1,0.0,9.150679611969598e-12
Z87.311,1,0,4.1308785787022006e-12,0.0
S53.402A,1,0,4.1308785787022006e-12,0.0
Y99.1,0,1,0.0,9.150679611969598e-12
S06.9X0S,3,0,1.2392635736106602e-11,0.0
M63.879,0,1,0.0,9.150679611969598e-12
Z45.1,2,0,8.261757157404401e-12,0.0
G56.13,0,2,0.0,1.8301359223939195e-11
M46.45,1,3,4.1308785787022006e-12,2.7452038835908793e-11
M40.205,1,0,4.1308785787022006e-12,0.0
J41.1,1,0,4.1308785787022006e-12,0.0
M20.61,0,1,0.0,9.150679611969598e-12
S14.129D,2,3,8.261757157404401e-12,2.7452038835908793e-11
I70.203,0,1,0.0,9.150679611969598e-12
S91.001S,0,1,0.0,9.150679611969598e-12
H33.001,0,1,0.0,9.150679611969598e-12
M12.30,1,0,4.1308785787022006e-12,0.0
Y93.B9,0,33,0.0,3.019724271949967e-10
S76.892A,4,0,1.6523514314808802e-11,0.0
R92.1,0,1,0.0,9.150679611969598e-12
F10.97,0,2,0.0,1.8301359223939195e-11
V29.608D,8,0,3.3047028629617605e-11,0.0
S33.8XXD,2,0,8.261757157404401e-12,0.0
S86.812A,1,0,4.1308785787022006e-12,0.0
N52.37,1,0,4.1308785787022006e-12,0.0
T78.49XD,3,0,1.2392635736106602e-11,0.0
S53.401S,1,0,4.1308785787022006e-12,0.0
S80.821S,0,1,0.0,9.150679611969598e-12
F07.0,1,0,4.1308785787022006e-12,0.0
D89.1,0,1,0.0,9.150679611969598e-12
S72.115A,1,0,4.1308785787022006e-12,0.0
C83.39,1,1,4.1308785787022006e-12,9.150679611969598e-12
M43.5X4,1,0,4.1308785787022006e-12,0.0
S16.8XXS,10,0,4.1308785787022e-11,0.0
T84.061A,0,5,0.0,4.5753398059847985e-11
Y99.2,1,0,4.1308785787022006e-12,0.0
M23.203,4,0,1.6523514314808802e-11,0.0
K51.813,1,0,4.1308785787022006e-12,0.0
K22.3,0,3,0.0,2.7452038835908793e-11
S72.144A,1,0,4.1308785787022006e-12,0.0
Z94.2,3,0,1.2392635736106602e-11,0.0
F84.0,1,0,4.1308785787022006e-12,0.0
K82.0,1,1,4.1308785787022006e-12,9.150679611969598e-12
M67.48,0,1,0.0,9.150679611969598e-12
H49.31,1,0,4.1308785787022006e-12,0.0
S82.031A,0,1,0.0,9.150679611969598e-12
I21.9,1,0,4.1308785787022006e-12,0.0
C10.8,3,0,1.2392635736106602e-11,0.0
R10.816,0,1,0.0,9.150679611969598e-12
Z71.88,1,1,4.1308785787022006e-12,9.150679611969598e-12
S54.21XA,2,0,8.261757157404401e-12,0.0
M87.251,1,0,4.1308785787022006e-12,0.0
S20.91XA,1,0,4.1308785787022006e-12,0.0
L97.419,1,0,4.1308785787022006e-12,0.0
O99.341,1,0,4.1308785787022006e-12,0.0
M21.169,0,1,0.0,9.150679611969598e-12
S92.592A,0,1,0.0,9.150679611969598e-12
M25.659,1,0,4.1308785787022006e-12,0.0
A08.4,1,0,4.1308785787022006e-12,0.0
M65.262,1,0,4.1308785787022006e-12,0.0
B95.62,0,1,0.0,9.150679611969598e-12
S42.302S,1,0,4.1308785787022006e-12,0.0
S46.819D,1,0,4.1308785787022006e-12,0.0
H52.532,1,1,4.1308785787022006e-12,9.150679611969598e-12
C82.90,2,4,8.261757157404401e-12,3.660271844787839e-11
D38.3,0,2,0.0,1.8301359223939195e-11
S71.122D,1,0,4.1308785787022006e-12,0.0
T43.655S,1,0,4.1308785787022006e-12,0.0
F01.518,2,2,8.261757157404401e-12,1.8301359223939195e-11
F02.C0,2,0,8.261757157404401e-12,0.0
F03.A0,4,5,1.6523514314808802e-11,4.5753398059847985e-11
S06.30AA,2,0,8.261757157404401e-12,0.0
S06.0XAA,3,0,1.2392635736106602e-11,0.0
Z59.10,1,2,4.1308785787022006e-12,1.8301359223939195e-11
B37.32,0,1,0.0,9.150679611969598e-12
F03.C18,0,1,0.0,9.150679611969598e-12
I71.30,0,1,0.0,9.150679611969598e-12
F01.B0,2,1,8.261757157404401e-12,9.150679611969598e-12
F02.B4,0,1,0.0,9.150679611969598e-12
Z59.86,1,1,4.1308785787022006e-12,9.150679611969598e-12
F03.A4,1,1,4.1308785787022006e-12,9.150679611969598e-12
F01.A3,1,0,4.1308785787022006e-12,0.0
I71.43,0,1,0.0,9.150679611969598e-12
Z91.198,0,1,0.0,9.150679611969598e-12
F02.A3,1,1,4.1308785787022006e-12,9.150679611969598e-12
I20.2,0,1,0.0,9.150679611969598e-12
I25.112,0,1,0.0,9.150679611969598e-12
F15.91,1,0,4.1308785787022006e-12,0.0
F02.B2,1,0,4.1308785787022006e-12,0.0
V29.99XS,0,1,0.0,9.150679611969598e-12
J20.0,1,0,4.1308785787022006e-12,0.0
S62.355D,4,0,1.6523514314808802e-11,0.0
S73.191D,2,1,8.261757157404401e-12,9.150679611969598e-12
F10.920,1,0,4.1308785787022006e-12,0.0
N99.114,1,0,4.1308785787022006e-12,0.0
B09.,0,2,0.0,1.8301359223939195e-11
M21.942,1,0,4.1308785787022006e-12,0.0
S46.212D,2,0,8.261757157404401e-12,0.0
S76.912D,0,1,0.0,9.150679611969598e-12
M48.56XS,1,1,4.1308785787022006e-12,9.150679611969598e-12
M23.232,2,1,8.261757157404401e-12,9.150679611969598e-12
E74.04,0,1,0.0,9.150679611969598e-12
I70.219,2,1,8.261757157404401e-12,9.150679611969598e-12
F53.0,10,0,4.1308785787022e-11,0.0
I69.90,4,0,1.6523514314808802e-11,0.0
S93.492D,0,1,0.0,9.150679611969598e-12
L02.33,1,0,4.1308785787022006e-12,0.0
G93.89,2,0,8.261757157404401e-12,0.0
Z85.030,2,0,8.261757157404401e-12,0.0
M25.261,1,1,4.1308785787022006e-12,9.150679611969598e-12
W46.1XXA,0,1,0.0,9.150679611969598e-12
S02.85XS,0,1,0.0,9.150679611969598e-12
N08.,1,0,4.1308785787022006e-12,0.0
J98.6,3,1,1.2392635736106602e-11,9.150679611969598e-12
H02.422,0,1,0.0,9.150679611969598e-12
M23.261,0,1,0.0,9.150679611969598e-12
E78.79,0,1,0.0,9.150679611969598e-12
L89.629,1,0,4.1308785787022006e-12,0.0
S44.00XA,1,0,4.1308785787022006e-12,0.0
L02.232,1,0,4.1308785787022006e-12,0.0
H68.102,1,0,4.1308785787022006e-12,0.0
S30.861A,0,1,0.0,9.150679611969598e-12
K63.9,0,1,0.0,9.150679611969598e-12
M61.061,2,0,8.261757157404401e-12,0.0
S42.009S,1,0,4.1308785787022006e-12,0.0
M26.04,1,0,4.1308785787022006e-12,0.0
L94.3,1,1,4.1308785787022006e-12,9.150679611969598e-12
C21.1,1,3,4.1308785787022006e-12,2.7452038835908793e-11
S93.621A,0,1,0.0,9.150679611969598e-12
I80.00,1,0,4.1308785787022006e-12,0.0
M24.874,0,1,0.0,9.150679611969598e-12
J02.0,0,1,0.0,9.150679611969598e-12
S87.81XS,1,0,4.1308785787022006e-12,0.0
L03.316,0,1,0.0,9.150679611969598e-12
S24.2XXA,1,0,4.1308785787022006e-12,0.0
S49.90XD,0,1,0.0,9.150679611969598e-12
T25.239D,0,1,0.0,9.150679611969598e-12
G23.3,1,0,4.1308785787022006e-12,0.0
M67.362,0,2,0.0,1.8301359223939195e-11
R43.1,2,0,8.261757157404401e-12,0.0
C50.812,8,0,3.3047028629617605e-11,0.0
M14.879,1,0,4.1308785787022006e-12,0.0
R22.31,3,1,1.2392635736106602e-11,9.150679611969598e-12
S59.901D,1,0,4.1308785787022006e-12,0.0
M84.9,0,1,0.0,9.150679611969598e-12
M24.071,1,0,4.1308785787022006e-12,0.0
N80.D5,5,0,2.0654392893511e-11,0.0
L97.812,0,6,0.0,5.4904077671817586e-11
S80.12XD,1,0,4.1308785787022006e-12,0.0
K86.89,1,1,4.1308785787022006e-12,9.150679611969598e-12
L03.211,1,1,4.1308785787022006e-12,9.150679611969598e-12
M24.675,0,2,0.0,1.8301359223939195e-11
I69.315,6,0,2.4785271472213203e-11,0.0
S72.8X1S,1,0,4.1308785787022006e-12,0.0
Z85.01,0,1,0.0,9.150679611969598e-12
M23.361,11,0,4.54396643657242e-11,0.0
M21.522,0,4,0.0,3.660271844787839e-11
E10.22,2,0,8.261757157404401e-12,0.0
S90.01XA,0,1,0.0,9.150679611969598e-12
S50.01XD,0,1,0.0,9.150679611969598e-12
F01.C11,1,0,4.1308785787022006e-12,0.0
M07.69,0,1,0.0,9.150679611969598e-12
S64.02XD,1,0,4.1308785787022006e-12,0.0
S76.012S,1,1,4.1308785787022006e-12,9.150679611969598e-12
I88.9,0,2,0.0,1.8301359223939195e-11
L66.10,2,0,8.261757157404401e-12,0.0
L21.0,3,0,1.2392635736106602e-11,0.0
L03.811,0,1,0.0,9.150679611969598e-12
G21.2,4,0,1.6523514314808802e-11,0.0
H91.03,1,0,4.1308785787022006e-12,0.0
S82.91XD,1,0,4.1308785787022006e-12,0.0
M25.631,1,0,4.1308785787022006e-12,0.0
M12.549,0,1,0.0,9.150679611969598e-12
G32.89,7,0,2.8916150050915402e-11,0.0
J70.3,1,0,4.1308785787022006e-12,0.0
T84.84XD,0,1,0.0,9.150679611969598e-12
M12.542,0,1,0.0,9.150679611969598e-12
T88.7XXA,1,0,4.1308785787022006e-12,0.0
S86.001D,5,0,2.0654392893511e-11,0.0
S92.516A,0,1,0.0,9.150679611969598e-12
M23.322,1,0,4.1308785787022006e-12,0.0
K50.00,1,1,4.1308785787022006e-12,9.150679611969598e-12
S32.019S,1,0,4.1308785787022006e-12,0.0
H11.32,0,1,0.0,9.150679611969598e-12
H40.1123,1,0,4.1308785787022006e-12,0.0
D35.6,1,0,4.1308785787022006e-12,0.0
S84.92XA,0,5,0.0,4.5753398059847985e-11
F12.251,0,1,0.0,9.150679611969598e-12
I44.1,0,1,0.0,9.150679611969598e-12
Z63.9,0,1,0.0,9.150679611969598e-12
D18.03,0,1,0.0,9.150679611969598e-12
C49.A5,1,0,4.1308785787022006e-12,0.0
Y83.5,1,0,4.1308785787022006e-12,0.0
K52.831,1,1,4.1308785787022006e-12,9.150679611969598e-12
H83.92,1,0,4.1308785787022006e-12,0.0
I82.4Z3,0,1,0.0,9.150679611969598e-12
H47.099,1,0,4.1308785787022006e-12,0.0
M45.A8,3,0,1.2392635736106602e-11,0.0
F14.288,0,1,0.0,9.150679611969598e-12
E89.5,1,0,4.1308785787022006e-12,0.0
S93.492S,3,0,1.2392635736106602e-11,0.0
M20.092,1,0,4.1308785787022006e-12,0.0
L89.610,2,0,8.261757157404401e-12,0.0
C50.411,0,1,0.0,9.150679611969598e-12
S44.91XD,1,0,4.1308785787022006e-12,0.0
S83.8X9S,1,0,4.1308785787022006e-12,0.0
M14.872,1,0,4.1308785787022006e-12,0.0
C92.41,2,0,8.261757157404401e-12,0.0
M23.339,1,0,4.1308785787022006e-12,0.0
K51.411,1,1,4.1308785787022006e-12,9.150679611969598e-12
M76.899,2,0,8.261757157404401e-12,0.0
T25.122A,0,1,0.0,9.150679611969598e-12
S62.633K,0,1,0.0,9.150679611969598e-12
L97.209,0,1,0.0,9.150679611969598e-12
J09.X1,0,1,0.0,9.150679611969598e-12
E13.52,0,2,0.0,1.8301359223939195e-11
K75.9,1,0,4.1308785787022006e-12,0.0
Z13.828,1,0,4.1308785787022006e-12,0.0
I66.21,1,0,4.1308785787022006e-12,0.0
H61.91,0,2,0.0,1.8301359223939195e-11
F12.229,0,1,0.0,9.150679611969598e-12
S49.91XS,0,2,0.0,1.8301359223939195e-11
T85.391D,1,0,4.1308785787022006e-12,0.0
C43.62,1,0,4.1308785787022006e-12,0.0
Z30.46,1,0,4.1308785787022006e-12,0.0
Z75.8,1,0,4.1308785787022006e-12,0.0
S62.525A,0,1,0.0,9.150679611969598e-12
M45.1,1,0,4.1308785787022006e-12,0.0
T81.89XA,2,1,8.261757157404401e-12,9.150679611969598e-12
N60.01,1,0,4.1308785787022006e-12,0.0
G44.53,8,1,3.3047028629617605e-11,9.150679611969598e-12
L08.89,0,1,0.0,9.150679611969598e-12
S86.819A,3,0,1.2392635736106602e-11,0.0
L65.9,15,0,6.1963178680533e-11,0.0
M22.91,0,1,0.0,9.150679611969598e-12
I67.1,0,3,0.0,2.7452038835908793e-11
E34.9,5,0,2.0654392893511e-11,0.0
C92.91,2,0,8.261757157404401e-12,0.0
F14.23,3,0,1.2392635736106602e-11,0.0
J34.1,1,0,4.1308785787022006e-12,0.0
S63.8X1A,3,0,1.2392635736106602e-11,0.0
I71.2,0,2,0.0,1.8301359223939195e-11
M31.31,1,0,4.1308785787022006e-12,0.0
G52.3,5,0,2.0654392893511e-11,0.0
S54.22XS,1,0,4.1308785787022006e-12,0.0
S92.354A,0,2,0.0,1.8301359223939195e-11
O01.9,0,1,0.0,9.150679611969598e-12
M23.009,0,1,0.0,9.150679611969598e-12
M71.522,0,1,0.0,9.150679611969598e-12
H35.363,1,0,4.1308785787022006e-12,0.0
C88.4,1,2,4.1308785787022006e-12,1.8301359223939195e-11
S06.6XAA,1,0,4.1308785787022006e-12,0.0
S46.992S,1,0,4.1308785787022006e-12,0.0
T84.51XA,1,0,4.1308785787022006e-12,0.0
S76.122A,0,1,0.0,9.150679611969598e-12
L89.609,3,0,1.2392635736106602e-11,0.0
C7B.8,23,0,9.501020731015061e-11,0.0
S59.801A,1,0,4.1308785787022006e-12,0.0
J01.20,2,0,8.261757157404401e-12,0.0
L74.9,0,1,0.0,9.150679611969598e-12
C85.97,1,1,4.1308785787022006e-12,9.150679611969598e-12
I63.349,1,0,4.1308785787022006e-12,0.0
S83.271A,1,0,4.1308785787022006e-12,0.0
M24.312,1,0,4.1308785787022006e-12,0.0
M20.039,0,3,0.0,2.7452038835908793e-11
H65.419,1,0,4.1308785787022006e-12,0.0
F15.959,0,1,0.0,9.150679611969598e-12
F14.980,1,0,4.1308785787022006e-12,0.0
S61.300A,1,0,4.1308785787022006e-12,0.0
H20.022,0,1,0.0,9.150679611969598e-12
Z13.810,0,1,0.0,9.150679611969598e-12
F17.223,1,0,4.1308785787022006e-12,0.0
S46.212S,3,0,1.2392635736106602e-11,0.0
C67.8,1,1,4.1308785787022006e-12,9.150679611969598e-12
S32.10XA,2,0,8.261757157404401e-12,0.0
S14.126S,1,0,4.1308785787022006e-12,0.0
S43.305D,3,0,1.2392635736106602e-11,0.0
M76.12,1,1,4.1308785787022006e-12,9.150679611969598e-12
W01.0XXD,0,1,0.0,9.150679611969598e-12
S42.351S,1,0,4.1308785787022006e-12,0.0
M21.851,1,0,4.1308785787022006e-12,0.0
J98.9,1,0,4.1308785787022006e-12,0.0
I77.6,3,3,1.2392635736106602e-11,2.7452038835908793e-11
Z47.32,1,2,4.1308785787022006e-12,1.8301359223939195e-11
E61.0,0,1,0.0,9.150679611969598e-12
L23.3,1,0,4.1308785787022006e-12,0.0
M21.759,0,2,0.0,1.8301359223939195e-11
S13.150S,1,0,4.1308785787022006e-12,0.0
F02.B3,0,1,0.0,9.150679611969598e-12
R86.1,4,1,1.6523514314808802e-11,9.150679611969598e-12
S14.145S,3,0,1.2392635736106602e-11,0.0
M93.911,2,0,8.261757157404401e-12,0.0
E08.36,1,0,4.1308785787022006e-12,0.0
S76.121S,1,0,4.1308785787022006e-12,0.0
M43.9,1,0,4.1308785787022006e-12,0.0
S86.899D,6,0,2.4785271472213203e-11,0.0
K43.6,3,1,1.2392635736106602e-11,9.150679611969598e-12
E72.12,3,0,1.2392635736106602e-11,0.0
M62.85,2,0,8.261757157404401e-12,0.0
K64.4,0,1,0.0,9.150679611969598e-12
S91.104D,0,1,0.0,9.150679611969598e-12
F64.1,1,0,4.1308785787022006e-12,0.0
H57.89,0,1,0.0,9.150679611969598e-12
Z91.51,1,2,4.1308785787022006e-12,1.8301359223939195e-11
H46.9,3,0,1.2392635736106602e-11,0.0
K05.11,1,0,4.1308785787022006e-12,0.0
C49.A9,1,0,4.1308785787022006e-12,0.0
Z48.811,3,0,1.2392635736106602e-11,0.0
I87.331,1,0,4.1308785787022006e-12,0.0
M21.339,0,1,0.0,9.150679611969598e-12
M48.48XA,3,0,1.2392635736106602e-11,0.0
C02.3,2,0,8.261757157404401e-12,0.0
S02.129D,2,0,8.261757157404401e-12,0.0
N72.,1,0,4.1308785787022006e-12,0.0
M48.54XD,3,1,1.2392635736106602e-11,9.150679611969598e-12
K08.499,0,1,0.0,9.150679611969598e-12
C63.02,0,6,0.0,5.4904077671817586e-11
S39.001A,1,0,4.1308785787022006e-12,0.0
M89.442,1,0,4.1308785787022006e-12,0.0
M86.8X8,1,1,4.1308785787022006e-12,9.150679611969598e-12
F12.188,4,1,1.6523514314808802e-11,9.150679611969598e-12
Q23.1,0,1,0.0,9.150679611969598e-12
S83.91XD,2,0,8.261757157404401e-12,0.0
I69.331,9,0,3.7177907208319803e-11,0.0
M04.9,1,0,4.1308785787022006e-12,0.0
Z84.0,5,0,2.0654392893511e-11,0.0
L02.93,1,1,4.1308785787022006e-12,9.150679611969598e-12
A60.02,1,0,4.1308785787022006e-12,0.0
S82.202D,0,2,0.0,1.8301359223939195e-11
I47.11,14,0,5.7832300101830805e-11,0.0
F95.8,1,1,4.1308785787022006e-12,9.150679611969598e-12
S22.059A,1,0,4.1308785787022006e-12,0.0
K06.8,0,1,0.0,9.150679611969598e-12
B02.7,2,0,8.261757157404401e-12,0.0
L98.429,12,0,4.9570542944426407e-11,0.0
E88.01,1,1,4.1308785787022006e-12,9.150679611969598e-12
L02.32,1,1,4.1308785787022006e-12,9.150679611969598e-12
F06.0,1,0,4.1308785787022006e-12,0.0
H34.8110,1,0,4.1308785787022006e-12,0.0
L74.3,0,2,0.0,1.8301359223939195e-11
W54.0XXA,0,2,0.0,1.8301359223939195e-11
M70.969,0,1,0.0,9.150679611969598e-12
M25.432,1,0,4.1308785787022006e-12,0.0
L03.012,1,1,4.1308785787022006e-12,9.150679611969598e-12
S30.1XXA,0,1,0.0,9.150679611969598e-12
S64.21XS,1,0,4.1308785787022006e-12,0.0
H36.,0,1,0.0,9.150679611969598e-12
Q66.71,0,3,0.0,2.7452038835908793e-11
M79.3,0,1,0.0,9.150679611969598e-12
M84.311A,1,0,4.1308785787022006e-12,0.0
M24.552,20,0,8.2617571574044e-11,0.0
F31.5,1,0,4.1308785787022006e-12,0.0
F06.33,0,1,0.0,9.150679611969598e-12
K91.86,0,1,0.0,9.150679611969598e-12
D23.39,0,1,0.0,9.150679611969598e-12
S24.102S,3,1,1.2392635736106602e-11,9.150679611969598e-12
N44.2,0,2,0.0,1.8301359223939195e-11
Z85.840,0,1,0.0,9.150679611969598e-12
N60.99,1,0,4.1308785787022006e-12,0.0
D63.8,0,2,0.0,1.8301359223939195e-11
S92.351S,0,1,0.0,9.150679611969598e-12
Z77.110,3,0,1.2392635736106602e-11,0.0
Z86.000,1,0,4.1308785787022006e-12,0.0
S14.121A,9,0,3.7177907208319803e-11,0.0
L02.31,1,0,4.1308785787022006e-12,0.0
K05.322,5,0,2.0654392893511e-11,0.0
N48.6,1,0,4.1308785787022006e-12,0.0
D49.89,0,1,0.0,9.150679611969598e-12
M24.251,0,1,0.0,9.150679611969598e-12
D72.9,4,0,1.6523514314808802e-11,0.0
M71.862,0,1,0.0,9.150679611969598e-12
I70.728,1,0,4.1308785787022006e-12,0.0
Z84.89,0,1,0.0,9.150679611969598e-12
K91.30,1,0,4.1308785787022006e-12,0.0
Z71.85,3,1,1.2392635736106602e-11,9.150679611969598e-12
F03.B3,1,0,4.1308785787022006e-12,0.0
N39.9,2,0,8.261757157404401e-12,0.0
L29.1,6,0,2.4785271472213203e-11,0.0
C09.1,2,0,8.261757157404401e-12,0.0
T75.4XXS,0,1,0.0,9.150679611969598e-12
L23.1,0,1,0.0,9.150679611969598e-12
M65.849,2,1,8.261757157404401e-12,9.150679611969598e-12
G72.1,1,0,4.1308785787022006e-12,0.0
Z48.810,1,0,4.1308785787022006e-12,0.0
M60.851,1,0,4.1308785787022006e-12,0.0
S06.0XAD,4,0,1.6523514314808802e-11,0.0
S06.2X4A,2,15,8.261757157404401e-12,1.3726019417954397e-10
Z60.2,0,1,0.0,9.150679611969598e-12
Z48.89,3,2,1.2392635736106602e-11,1.8301359223939195e-11
H70.001,1,0,4.1308785787022006e-12,0.0
D22.9,1,1,4.1308785787022006e-12,9.150679611969598e-12
S43.102A,1,0,4.1308785787022006e-12,0.0
L65.8,1,0,4.1308785787022006e-12,0.0
K56.609,1,1,4.1308785787022006e-12,9.150679611969598e-12
H40.1113,1,0,4.1308785787022006e-12,0.0
Z85.819,1,1,4.1308785787022006e-12,9.150679611969598e-12
H52.03,3,0,1.2392635736106602e-11,0.0
S52.502B,0,1,0.0,9.150679611969598e-12
T68.XXXS,1,0,4.1308785787022006e-12,0.0
H66.42,0,1,0.0,9.150679611969598e-12
F10.951,2,0,8.261757157404401e-12,0.0
S23.8XXS,1,0,4.1308785787022006e-12,0.0
G51.31,3,4,1.2392635736106602e-11,3.660271844787839e-11
S82.002S,0,1,0.0,9.150679611969598e-12
H25.011,0,1,0.0,9.150679611969598e-12
H49.01,6,0,2.4785271472213203e-11,0.0
G96.191,1,0,4.1308785787022006e-12,0.0
C22.7,1,1,4.1308785787022006e-12,9.150679611969598e-12
G71.19,0,2,0.0,1.8301359223939195e-11
L14.,1,0,4.1308785787022006e-12,0.0
M62.429,1,0,4.1308785787022006e-12,0.0
R06.81,1,0,4.1308785787022006e-12,0.0
K09.0,0,1,0.0,9.150679611969598e-12
C84.Z0,0,1,0.0,9.150679611969598e-12
S32.049S,3,0,1.2392635736106602e-11,0.0
T84.090S,1,0,4.1308785787022006e-12,0.0
D48.62,0,1,0.0,9.150679611969598e-12
S70.362A,1,0,4.1308785787022006e-12,0.0
C88.00,1,0,4.1308785787022006e-12,0.0
S62.015K,1,0,4.1308785787022006e-12,0.0
G55.,1,0,4.1308785787022006e-12,0.0
M00.012,1,0,4.1308785787022006e-12,0.0
I45.81,1,0,4.1308785787022006e-12,0.0
G40.201,0,1,0.0,9.150679611969598e-12
M62.519,6,0,2.4785271472213203e-11,0.0
M25.111,3,0,1.2392635736106602e-11,0.0
M75.90,0,4,0.0,3.660271844787839e-11
K70.40,0,1,0.0,9.150679611969598e-12
N25.89,0,1,0.0,9.150679611969598e-12
M25.212,0,1,0.0,9.150679611969598e-12
J84.89,3,0,1.2392635736106602e-11,0.0
S76.191S,1,0,4.1308785787022006e-12,0.0
H90.A32,0,1,0.0,9.150679611969598e-12
S72.492S,0,1,0.0,9.150679611969598e-12
T76.21XA,1,0,4.1308785787022006e-12,0.0
Q84.5,0,1,0.0,9.150679611969598e-12
S63.286D,0,1,0.0,9.150679611969598e-12
K80.00,1,0,4.1308785787022006e-12,0.0
C65.2,0,1,0.0,9.150679611969598e-12
Z13.84,0,2,0.0,1.8301359223939195e-11
M99.79,1,0,4.1308785787022006e-12,0.0
S14.102S,4,0,1.6523514314808802e-11,0.0
R76.11,1,0,4.1308785787022006e-12,0.0
T84.51XD,0,1,0.0,9.150679611969598e-12
F15.13,0,1,0.0,9.150679611969598e-12
S36.33XA,0,1,0.0,9.150679611969598e-12
R82.998,1,0,4.1308785787022006e-12,0.0
N99.89,1,0,4.1308785787022006e-12,0.0
S90.912A,0,2,0.0,1.8301359223939195e-11
S14.104D,2,0,8.261757157404401e-12,0.0
E10.10,0,1,0.0,9.150679611969598e-12
G40.419,12,0,4.9570542944426407e-11,0.0
M25.712,4,1,1.6523514314808802e-11,9.150679611969598e-12
F15.151,0,2,0.0,1.8301359223939195e-11
M1A.3720,0,1,0.0,9.150679611969598e-12
M46.88,0,1,0.0,9.150679611969598e-12
E53.1,1,0,4.1308785787022006e-12,0.0
F95.0,8,2,3.3047028629617605e-11,1.8301359223939195e-11
S63.692D,1,0,4.1308785787022006e-12,0.0
M84.359G,1,0,4.1308785787022006e-12,0.0
B01.89,6,0,2.4785271472213203e-11,0.0
E11.3493,0,1,0.0,9.150679611969598e-12
I42.6,0,1,0.0,9.150679611969598e-12
R94.39,0,1,0.0,9.150679611969598e-12
S42.032S,1,0,4.1308785787022006e-12,0.0
S42.111G,1,0,4.1308785787022006e-12,0.0
S24.104A,2,1,8.261757157404401e-12,9.150679611969598e-12
F50.82,8,0,3.3047028629617605e-11,0.0
I69.811,3,0,1.2392635736106602e-11,0.0
M80.00XS,3,0,1.2392635736106602e-11,0.0
E11.622,5,1,2.0654392893511e-11,9.150679611969598e-12
L92.0,1,0,4.1308785787022006e-12,0.0
C49.A3,0,1,0.0,9.150679611969598e-12
L03.312,0,1,0.0,9.150679611969598e-12
L98.7,3,1,1.2392635736106602e-11,9.150679611969598e-12
M47.11,1,0,4.1308785787022006e-12,0.0
F15.922,1,0,4.1308785787022006e-12,0.0
R78.81,0,3,0.0,2.7452038835908793e-11
S94.21XS,0,1,0.0,9.150679611969598e-12
F12.159,1,0,4.1308785787022006e-12,0.0
M00.9,1,0,4.1308785787022006e-12,0.0
S86.099D,1,0,4.1308785787022006e-12,0.0
M00.849,0,1,0.0,9.150679611969598e-12
H60.93,0,1,0.0,9.150679611969598e-12
I82.B11,0,1,0.0,9.150679611969598e-12
S46.992D,1,0,4.1308785787022006e-12,0.0
G47.69,1,0,4.1308785787022006e-12,0.0
M89.419,1,1,4.1308785787022006e-12,9.150679611969598e-12
C51.9,0,1,0.0,9.150679611969598e-12
S43.015A,0,1,0.0,9.150679611969598e-12
M62.449,1,0,4.1308785787022006e-12,0.0
D86.3,1,2,4.1308785787022006e-12,1.8301359223939195e-11
S33.100D,0,1,0.0,9.150679611969598e-12
S72.145A,0,3,0.0,2.7452038835908793e-11
M86.141,0,1,0.0,9.150679611969598e-12
S06.2X5D,2,0,8.261757157404401e-12,0.0
E11.3299,0,1,0.0,9.150679611969598e-12
S86.911A,1,0,4.1308785787022006e-12,0.0
Z89.431,0,1,0.0,9.150679611969598e-12
D05.82,1,0,4.1308785787022006e-12,0.0
I69.321,1,0,4.1308785787022006e-12,0.0
M10.479,0,1,0.0,9.150679611969598e-12
E87.4,1,0,4.1308785787022006e-12,0.0
D35.01,1,0,4.1308785787022006e-12,0.0
L03.221,0,1,0.0,9.150679611969598e-12
S83.512S,2,1,8.261757157404401e-12,9.150679611969598e-12
M86.172,1,1,4.1308785787022006e-12,9.150679611969598e-12
M46.98,1,0,4.1308785787022006e-12,0.0
Z31.83,1,0,4.1308785787022006e-12,0.0
M92.521,1,0,4.1308785787022006e-12,0.0
R40.1,1,0,4.1308785787022006e-12,0.0
S63.642D,1,0,4.1308785787022006e-12,0.0
D16.8,1,0,4.1308785787022006e-12,0.0
S52.532F,1,0,4.1308785787022006e-12,0.0
Z3A.30,1,0,4.1308785787022006e-12,0.0
E10.319,4,0,1.6523514314808802e-11,0.0
S43.396D,0,1,0.0,9.150679611969598e-12
Z96.41,0,1,0.0,9.150679611969598e-12
S46.919S,0,1,0.0,9.150679611969598e-12
C18.8,0,2,0.0,1.8301359223939195e-11
G40.211,1,0,4.1308785787022006e-12,0.0
F98.5,1,0,4.1308785787022006e-12,0.0
M54.06,12,7,4.9570542944426407e-11,6.405475728378719e-11
M43.5X6,4,0,1.6523514314808802e-11,0.0
D35.4,1,0,4.1308785787022006e-12,0.0
M67.864,1,1,4.1308785787022006e-12,9.150679611969598e-12
E11.3412,1,0,4.1308785787022006e-12,0.0
K08.124,1,0,4.1308785787022006e-12,0.0
D00.1,1,1,4.1308785787022006e-12,9.150679611969598e-12
M24.89,1,0,4.1308785787022006e-12,0.0
K56.690,0,1,0.0,9.150679611969598e-12
S32.019D,2,0,8.261757157404401e-12,0.0
D89.82,0,4,0.0,3.660271844787839e-11
M60.812,1,0,4.1308785787022006e-12,0.0
M43.14,1,0,4.1308785787022006e-12,0.0
Q27.32,28,0,1.1566460020366161e-10,0.0
R79.1,1,0,4.1308785787022006e-12,0.0
S06.2X0D,2,1,8.261757157404401e-12,9.150679611969598e-12
G04.01,1,0,4.1308785787022006e-12,0.0
H47.10,1,0,4.1308785787022006e-12,0.0
S06.0X9D,1,1,4.1308785787022006e-12,9.150679611969598e-12
E74.02,1,0,4.1308785787022006e-12,0.0
K62.3,0,1,0.0,9.150679611969598e-12
H40.32X3,1,0,4.1308785787022006e-12,0.0
S95.109D,1,0,4.1308785787022006e-12,0.0
K51.819,1,0,4.1308785787022006e-12,0.0
N87.9,7,3,2.8916150050915402e-11,2.7452038835908793e-11
H93.92,0,4,0.0,3.660271844787839e-11
K85.30,1,0,4.1308785787022006e-12,0.0
L73.8,1,0,4.1308785787022006e-12,0.0
K66.0,2,0,8.261757157404401e-12,0.0
I69.819,1,0,4.1308785787022006e-12,0.0
S80.01XA,0,1,0.0,9.150679611969598e-12
D21.9,1,0,4.1308785787022006e-12,0.0
S31.809D,1,0,4.1308785787022006e-12,0.0
S06.6XAD,1,0,4.1308785787022006e-12,0.0
D00.06,41,0,1.693660217267902e-10,0.0
K85.80,0,1,0.0,9.150679611969598e-12
R79.81,0,1,0.0,9.150679611969598e-12
H61.93,0,1,0.0,9.150679611969598e-12
S39.013S,1,0,4.1308785787022006e-12,0.0
S06.5X0A,24,4,9.914108588885281e-11,3.660271844787839e-11
M25.459,0,1,0.0,9.150679611969598e-12
H33.22,1,0,4.1308785787022006e-12,0.0
H72.01,0,1,0.0,9.150679611969598e-12
M25.771,1,0,4.1308785787022006e-12,0.0
G25.70,1,0,4.1308785787022006e-12,0.0
Z34.00,1,0,4.1308785787022006e-12,0.0
F05.,0,1,0.0,9.150679611969598e-12
G56.32,1,0,4.1308785787022006e-12,0.0
F18.11,1,1,4.1308785787022006e-12,9.150679611969598e-12
S86.001A,1,0,4.1308785787022006e-12,0.0
Z85.028,1,0,4.1308785787022006e-12,0.0
M60.80,4,0,1.6523514314808802e-11,0.0
S43.002D,1,0,4.1308785787022006e-12,0.0
C92.31,0,6,0.0,5.4904077671817586e-11
F10.282,0,1,0.0,9.150679611969598e-12
H04.213,1,0,4.1308785787022006e-12,0.0
M62.562,1,0,4.1308785787022006e-12,0.0
I62.02,1,0,4.1308785787022006e-12,0.0
M97.12XS,0,1,0.0,9.150679611969598e-12
L28.2,2,0,8.261757157404401e-12,0.0
K74.2,3,0,1.2392635736106602e-11,0.0
H47.011,1,0,4.1308785787022006e-12,0.0
M25.669,0,1,0.0,9.150679611969598e-12
S60.940A,1,0,4.1308785787022006e-12,0.0
S09.11XD,1,0,4.1308785787022006e-12,0.0
L68.0,1,0,4.1308785787022006e-12,0.0
A48.0,0,1,0.0,9.150679611969598e-12
C94.6,2,0,8.261757157404401e-12,0.0
Z59.1,0,1,0.0,9.150679611969598e-12
H53.483,0,1,0.0,9.150679611969598e-12
M62.559,1,1,4.1308785787022006e-12,9.150679611969598e-12
S44.32XS,1,0,4.1308785787022006e-12,0.0
S74.02XD,9,0,3.7177907208319803e-11,0.0
Z89.221,2,0,8.261757157404401e-12,0.0
A51.31,0,1,0.0,9.150679611969598e-12
S82.191S,1,0,4.1308785787022006e-12,0.0
K57.93,1,0,4.1308785787022006e-12,0.0
N36.5,0,2,0.0,1.8301359223939195e-11
Z15.04,0,1,0.0,9.150679611969598e-12
M67.00,0,1,0.0,9.150679611969598e-12
S01.312S,1,0,4.1308785787022006e-12,0.0
Z68.35,2,0,8.261757157404401e-12,0.0
Y00.XXXS,0,1,0.0,9.150679611969598e-12
S83.8X9D,0,1,0.0,9.150679611969598e-12
H91.8X9,1,0,4.1308785787022006e-12,0.0
S20.211S,0,1,0.0,9.150679611969598e-12
H72.91,0,1,0.0,9.150679611969598e-12
E66.1,2,0,8.261757157404401e-12,0.0
S42.202A,1,1,4.1308785787022006e-12,9.150679611969598e-12
D22.4,1,0,4.1308785787022006e-12,0.0
S83.8X1A,0,1,0.0,9.150679611969598e-12
H35.52,2,0,8.261757157404401e-12,0.0
S61.211D,0,1,0.0,9.150679611969598e-12
Z20.89,1,0,4.1308785787022006e-12,0.0
S53.449A,1,0,4.1308785787022006e-12,0.0
S92.134S,0,4,0.0,3.660271844787839e-11
S43.394S,1,0,4.1308785787022006e-12,0.0
C50.929,1,0,4.1308785787022006e-12,0.0
S83.239S,0,1,0.0,9.150679611969598e-12
H92.11,1,0,4.1308785787022006e-12,0.0
Z34.01,9,0,3.7177907208319803e-11,0.0
K82.8,0,1,0.0,9.150679611969598e-12
E85.1,0,1,0.0,9.150679611969598e-12
G47.20,2,0,8.261757157404401e-12,0.0
I78.0,0,1,0.0,9.150679611969598e-12
D75.89,1,0,4.1308785787022006e-12,0.0
S82.301S,1,0,4.1308785787022006e-12,0.0
S76.302A,1,0,4.1308785787022006e-12,0.0
M40.203,0,3,0.0,2.7452038835908793e-11
S33.39XA,1,0,4.1308785787022006e-12,0.0
S13.120D,4,0,1.6523514314808802e-11,0.0
S62.91XA,0,1,0.0,9.150679611969598e-12
T24.302D,1,0,4.1308785787022006e-12,0.0
I83.12,1,0,4.1308785787022006e-12,0.0
A41.2,0,1,0.0,9.150679611969598e-12
N36.9,0,1,0.0,9.150679611969598e-12
S12.401A,0,8,0.0,7.320543689575678e-11
S82.151A,0,1,0.0,9.150679611969598e-12
Z85.850,0,1,0.0,9.150679611969598e-12
F10.182,0,1,0.0,9.150679611969598e-12
Z20.5,16,16,6.609405725923521e-11,1.4641087379151356e-10
M80.88XA,2,0,8.261757157404401e-12,0.0
K05.213,2,0,8.261757157404401e-12,0.0
L01.09,4,0,1.6523514314808802e-11,0.0
M13.152,8,0,3.3047028629617605e-11,0.0
Z91.849,1,0,4.1308785787022006e-12,0.0
M12.011,1,0,4.1308785787022006e-12,0.0
V23.9XXS,1,0,4.1308785787022006e-12,0.0
S14.106A,0,5,0.0,4.5753398059847985e-11
K11.21,1,0,4.1308785787022006e-12,0.0
E23.0,1,0,4.1308785787022006e-12,0.0
S40.012A,0,4,0.0,3.660271844787839e-11
Z30.433,0,1,0.0,9.150679611969598e-12
R76.89,0,1,0.0,9.150679611969598e-12
Z28.39,1,0,4.1308785787022006e-12,0.0
S72.402S,0,1,0.0,9.150679611969598e-12
M48.55XS,0,1,0.0,9.150679611969598e-12
F10.96,0,2,0.0,1.8301359223939195e-11
K27.7,0,1,0.0,9.150679611969598e-12
E29.8,1,0,4.1308785787022006e-12,0.0
J86.9,0,1,0.0,9.150679611969598e-12
M23.42,0,1,0.0,9.150679611969598e-12
S93.691D,1,0,4.1308785787022006e-12,0.0
C7A.00,0,1,0.0,9.150679611969598e-12
M87.150,0,1,0.0,9.150679611969598e-12
S02.609S,0,1,0.0,9.150679611969598e-12
I26.09,1,0,4.1308785787022006e-12,0.0
D80.1,3,0,1.2392635736106602e-11,0.0
S01.91XD,0,1,0.0,9.150679611969598e-12
M24.871,0,2,0.0,1.8301359223939195e-11
I69.10,1,0,4.1308785787022006e-12,0.0
L23.5,1,0,4.1308785787022006e-12,0.0
L74.513,24,0,9.914108588885281e-11,0.0
S16.9XXS,2,1,8.261757157404401e-12,9.150679611969598e-12
S62.114G,0,1,0.0,9.150679611969598e-12
S62.367S,1,0,4.1308785787022006e-12,0.0
G52.0,1,0,4.1308785787022006e-12,0.0
M76.892,1,0,4.1308785787022006e-12,0.0
T38.7X5S,1,0,4.1308785787022006e-12,0.0
Z74.3,0,1,0.0,9.150679611969598e-12
I50.43,1,0,4.1308785787022006e-12,0.0
M51.A4,1,0,4.1308785787022006e-12,0.0
S86.019S,0,1,0.0,9.150679611969598e-12
C32.0,1,0,4.1308785787022006e-12,0.0
D18.00,0,1,0.0,9.150679611969598e-12
S76.891D,1,0,4.1308785787022006e-12,0.0
H28.,0,1,0.0,9.150679611969598e-12
I44.4,0,2,0.0,1.8301359223939195e-11
S82.392G,1,0,4.1308785787022006e-12,0.0
N32.0,2,0,8.261757157404401e-12,0.0
S29.9XXA,1,2,4.1308785787022006e-12,1.8301359223939195e-11
S81.809S,0,2,0.0,1.8301359223939195e-11
N46.8,1,0,4.1308785787022006e-12,0.0
H61.92,0,2,0.0,1.8301359223939195e-11
C02.9,0,1,0.0,9.150679611969598e-12
L91.9,4,0,1.6523514314808802e-11,0.0
S83.31XA,1,0,4.1308785787022006e-12,0.0
M25.861,1,1,4.1308785787022006e-12,9.150679611969598e-12
P14.3,1,0,4.1308785787022006e-12,0.0
G81.03,1,0,4.1308785787022006e-12,0.0
K06.3,0,1,0.0,9.150679611969598e-12
S32.811A,2,0,8.261757157404401e-12,0.0
I69.254,1,1,4.1308785787022006e-12,9.150679611969598e-12
M70.90,2,0,8.261757157404401e-12,0.0
G57.22,3,0,1.2392635736106602e-11,0.0
G44.83,18,0,7.435581441663961e-11,0.0
S12.150A,0,1,0.0,9.150679611969598e-12
S76.811D,4,1,1.6523514314808802e-11,9.150679611969598e-12
H90.A31,0,1,0.0,9.150679611969598e-12
S42.022S,0,2,0.0,1.8301359223939195e-11
T81.42XD,2,0,8.261757157404401e-12,0.0
F20.5,1,0,4.1308785787022006e-12,0.0
J12.89,1,0,4.1308785787022006e-12,0.0
S93.692A,2,0,8.261757157404401e-12,0.0
I25.730,0,1,0.0,9.150679611969598e-12
F03.94,0,1,0.0,9.150679611969598e-12
L89.140,0,2,0.0,1.8301359223939195e-11
S83.206S,1,0,4.1308785787022006e-12,0.0
G71.09,0,1,0.0,9.150679611969598e-12
Q79.69,7,0,2.8916150050915402e-11,0.0
S36.200S,1,0,4.1308785787022006e-12,0.0
L63.1,6,0,2.4785271472213203e-11,0.0
I82.4Z1,2,0,8.261757157404401e-12,0.0
Z85.43,14,1,5.7832300101830805e-11,9.150679611969598e-12
M32.0,1,0,4.1308785787022006e-12,0.0
S43.51XD,1,0,4.1308785787022006e-12,0.0
A52.17,1,0,4.1308785787022006e-12,0.0
S06.9X5S,6,1,2.4785271472213203e-11,9.150679611969598e-12
S22.070A,1,0,4.1308785787022006e-12,0.0
M70.99,1,0,4.1308785787022006e-12,0.0
B07.8,0,1,0.0,9.150679611969598e-12
T15.12XA,1,0,4.1308785787022006e-12,0.0
M84.375D,1,0,4.1308785787022006e-12,0.0
S92.532A,0,1,0.0,9.150679611969598e-12
K29.80,1,0,4.1308785787022006e-12,0.0
S82.001D,0,1,0.0,9.150679611969598e-12
G40.501,2,0,8.261757157404401e-12,0.0
E08.01,1,0,4.1308785787022006e-12,0.0
S13.8XXS,7,0,2.8916150050915402e-11,0.0
S54.00XD,3,0,1.2392635736106602e-11,0.0
I83.90,0,1,0.0,9.150679611969598e-12
I21.09,1,0,4.1308785787022006e-12,0.0
S13.0XXA,0,1,0.0,9.150679611969598e-12
F17.229,1,0,4.1308785787022006e-12,0.0
H18.603,0,1,0.0,9.150679611969598e-12
R87.610,1,0,4.1308785787022006e-12,0.0
C06.9,2,0,8.261757157404401e-12,0.0
S22.32XK,1,0,4.1308785787022006e-12,0.0
J98.8,2,0,8.261757157404401e-12,0.0
F10.27,1,1,4.1308785787022006e-12,9.150679611969598e-12
S40.911A,0,1,0.0,9.150679611969598e-12
F15.229,1,0,4.1308785787022006e-12,0.0
Z91.414,1,0,4.1308785787022006e-12,0.0
B94.8,1,0,4.1308785787022006e-12,0.0
S44.02XD,1,0,4.1308785787022006e-12,0.0
S92.345A,0,1,0.0,9.150679611969598e-12
S34.01XS,1,0,4.1308785787022006e-12,0.0
S99.911A,3,0,1.2392635736106602e-11,0.0
M85.851,1,0,4.1308785787022006e-12,0.0
I63.231,0,1,0.0,9.150679611969598e-12
I51.7,0,2,0.0,1.8301359223939195e-11
L89.159,1,1,4.1308785787022006e-12,9.150679611969598e-12
Z89.421,0,12,0.0,1.0980815534363517e-10
L97.809,1,0,4.1308785787022006e-12,0.0
S62.91XD,2,0,8.261757157404401e-12,0.0
F18.259,1,0,4.1308785787022006e-12,0.0
J96.02,0,1,0.0,9.150679611969598e-12
E83.31,1,0,4.1308785787022006e-12,0.0
Z87.2,0,1,0.0,9.150679611969598e-12
K56.0,1,0,4.1308785787022006e-12,0.0
M16.32,3,0,1.2392635736106602e-11,0.0
R40.4,1,0,4.1308785787022006e-12,0.0
M65.28,2,0,8.261757157404401e-12,0.0
D30.01,1,0,4.1308785787022006e-12,0.0
N80.02,0,1,0.0,9.150679611969598e-12
H60.543,0,1,0.0,9.150679611969598e-12
M89.311,2,0,8.261757157404401e-12,0.0
S42.242A,0,2,0.0,1.8301359223939195e-11
K05.321,1,0,4.1308785787022006e-12,0.0
M71.162,0,13,0.0,1.1895883495560475e-10
M25.20,2,0,8.261757157404401e-12,0.0
S46.912S,1,0,4.1308785787022006e-12,0.0
W01.10XA,0,2,0.0,1.8301359223939195e-11
F19.988,2,5,8.261757157404401e-12,4.5753398059847985e-11
I63.549,0,1,0.0,9.150679611969598e-12
S21.109S,0,1,0.0,9.150679611969598e-12
M48.52XA,2,0,8.261757157404401e-12,0.0
S52.125S,1,0,4.1308785787022006e-12,0.0
K85.92,0,1,0.0,9.150679611969598e-12
K40.01,1,0,4.1308785787022006e-12,0.0
S32.048A,0,1,0.0,9.150679611969598e-12
R26.1,6,0,2.4785271472213203e-11,0.0
L89.614,1,0,4.1308785787022006e-12,0.0
M93.262,1,0,4.1308785787022006e-12,0.0
G94.,0,2,0.0,1.8301359223939195e-11
S52.514A,0,1,0.0,9.150679611969598e-12
S69.90XS,0,1,0.0,9.150679611969598e-12
Z99.89,1,0,4.1308785787022006e-12,0.0
S42.292G,1,0,4.1308785787022006e-12,0.0
M23.300,1,0,4.1308785787022006e-12,0.0
D49.4,0,1,0.0,9.150679611969598e-12
J09.X3,0,1,0.0,9.150679611969598e-12
T14.90XD,1,0,4.1308785787022006e-12,0.0
S43.51XS,2,0,8.261757157404401e-12,0.0
S07.8XXS,2,0,8.261757157404401e-12,0.0
M80.052S,0,2,0.0,1.8301359223939195e-11
M67.873,2,0,8.261757157404401e-12,0.0
M32.12,1,0,4.1308785787022006e-12,0.0
M71.49,0,1,0.0,9.150679611969598e-12
H02.839,1,0,4.1308785787022006e-12,0.0
I44.7,1,0,4.1308785787022006e-12,0.0
Z92.89,0,1,0.0,9.150679611969598e-12
Z29.8,1,0,4.1308785787022006e-12,0.0
S22.040S,1,0,4.1308785787022006e-12,0.0
S82.391A,0,1,0.0,9.150679611969598e-12
Q07.02,3,0,1.2392635736106602e-11,0.0
M62.521,0,1,0.0,9.150679611969598e-12
M67.421,1,0,4.1308785787022006e-12,0.0
C69.52,0,1,0.0,9.150679611969598e-12
S16.9XXA,5,0,2.0654392893511e-11,0.0
D75.838,1,0,4.1308785787022006e-12,0.0
F19.120,1,0,4.1308785787022006e-12,0.0
N84.0,0,1,0.0,9.150679611969598e-12
K43.0,0,2,0.0,1.8301359223939195e-11
I70.202,1,0,4.1308785787022006e-12,0.0
G40.019,7,0,2.8916150050915402e-11,0.0
S13.9XXS,7,0,2.8916150050915402e-11,0.0
S83.8X9A,0,1,0.0,9.150679611969598e-12
S82.191A,1,0,4.1308785787022006e-12,0.0
F15.980,2,3,8.261757157404401e-12,2.7452038835908793e-11
F19.129,1,0,4.1308785787022006e-12,0.0
I63.232,5,0,2.0654392893511e-11,0.0
H34.12,8,0,3.3047028629617605e-11,0.0
K57.91,2,0,8.261757157404401e-12,0.0
S80.862A,0,1,0.0,9.150679611969598e-12
S04.51XS,4,0,1.6523514314808802e-11,0.0
E08.00,0,1,0.0,9.150679611969598e-12
S22.008D,1,0,4.1308785787022006e-12,0.0
I44.2,0,1,0.0,9.150679611969598e-12
S88.112A,1,0,4.1308785787022006e-12,0.0
E61.2,4,0,1.6523514314808802e-11,0.0
S34.112S,0,1,0.0,9.150679611969598e-12
Y83.4,1,0,4.1308785787022006e-12,0.0
Z98.52,0,1,0.0,9.150679611969598e-12
R87.615,1,0,4.1308785787022006e-12,0.0
I63.02,4,0,1.6523514314808802e-11,0.0
M80.88XG,2,0,8.261757157404401e-12,0.0
Z85.528,1,0,4.1308785787022006e-12,0.0
S60.399D,1,0,4.1308785787022006e-12,0.0
M40.57,1,0,4.1308785787022006e-12,0.0
S39.82XS,1,0,4.1308785787022006e-12,0.0
S86.001S,1,0,4.1308785787022006e-12,0.0
S46.111S,1,0,4.1308785787022006e-12,0.0
G56.40,0,9,0.0,8.235611650772638e-11
N30.21,3,0,1.2392635736106602e-11,0.0
E89.2,3,0,1.2392635736106602e-11,0.0
S52.509A,0,4,0.0,3.660271844787839e-11
C09.0,1,0,4.1308785787022006e-12,0.0
E88.09,1,0,4.1308785787022006e-12,0.0
J33.9,6,0,2.4785271472213203e-11,0.0
M11.869,0,1,0.0,9.150679611969598e-12
M25.351,1,0,4.1308785787022006e-12,0.0
D72.820,1,0,4.1308785787022006e-12,0.0
L89.623,0,1,0.0,9.150679611969598e-12
Z96.89,0,1,0.0,9.150679611969598e-12
M25.676,1,0,4.1308785787022006e-12,0.0
M89.412,10,0,4.1308785787022e-11,0.0
M46.47,0,1,0.0,9.150679611969598e-12
D75.0,1,0,4.1308785787022006e-12,0.0
Z12.2,1,0,4.1308785787022006e-12,0.0
S72.114S,0,1,0.0,9.150679611969598e-12
M84.472S,1,0,4.1308785787022006e-12,0.0
S12.8XXS,3,0,1.2392635736106602e-11,0.0
M33.12,1,0,4.1308785787022006e-12,0.0
Z89.212,0,1,0.0,9.150679611969598e-12
Z45.018,3,0,1.2392635736106602e-11,0.0
M48.37,2,0,8.261757157404401e-12,0.0
D14.31,0,1,0.0,9.150679611969598e-12
R15.0,1,0,4.1308785787022006e-12,0.0
S96.901A,0,1,0.0,9.150679611969598e-12
M84.312S,1,0,4.1308785787022006e-12,0.0
K51.818,1,0,4.1308785787022006e-12,0.0
V89.9XXS,1,0,4.1308785787022006e-12,0.0
S22.24XS,2,0,8.261757157404401e-12,0.0
F18.19,1,0,4.1308785787022006e-12,0.0
Q61.5,0,1,0.0,9.150679611969598e-12
C34.10,0,1,0.0,9.150679611969598e-12
Z02.0,0,1,0.0,9.150679611969598e-12
C83.398,1,0,4.1308785787022006e-12,0.0
J20.5,0,2,0.0,1.8301359223939195e-11
S09.8XXD,0,1,0.0,9.150679611969598e-12
S22.018S,1,0,4.1308785787022006e-12,0.0
K64.3,1,0,4.1308785787022006e-12,0.0
S34.105S,1,0,4.1308785787022006e-12,0.0
M24.872,0,1,0.0,9.150679611969598e-12
Z53.20,0,1,0.0,9.150679611969598e-12
S46.219A,1,0,4.1308785787022006e-12,0.0
S22.039S,1,0,4.1308785787022006e-12,0.0
M21.269,1,0,4.1308785787022006e-12,0.0
R82.79,1,0,4.1308785787022006e-12,0.0
W40.0XXS,2,0,8.261757157404401e-12,0.0
S46.892D,1,0,4.1308785787022006e-12,0.0
Z39.2,2,0,8.261757157404401e-12,0.0
S43.101A,1,0,4.1308785787022006e-12,0.0
G47.51,0,1,0.0,9.150679611969598e-12
M51.45,0,2,0.0,1.8301359223939195e-11
F03.A2,1,0,4.1308785787022006e-12,0.0
E75.29,0,1,0.0,9.150679611969598e-12
T43.215A,0,2,0.0,1.8301359223939195e-11
Z79.02,1,0,4.1308785787022006e-12,0.0
M86.651,0,1,0.0,9.150679611969598e-12
G11.2,1,0,4.1308785787022006e-12,0.0
M41.87,1,0,4.1308785787022006e-12,0.0
D33.7,0,1,0.0,9.150679611969598e-12
L29.3,1,0,4.1308785787022006e-12,0.0
F16.94,0,1,0.0,9.150679611969598e-12
S42.225D,1,0,4.1308785787022006e-12,0.0
S43.401D,1,0,4.1308785787022006e-12,0.0
S63.511A,0,1,0.0,9.150679611969598e-12
I87.312,0,1,0.0,9.150679611969598e-12
D86.86,1,0,4.1308785787022006e-12,0.0
W18.2XXA,0,1,0.0,9.150679611969598e-12
S72.301S,0,1,0.0,9.150679611969598e-12
M65.839,1,0,4.1308785787022006e-12,0.0
I44.0,0,1,0.0,9.150679611969598e-12
S83.012D,1,0,4.1308785787022006e-12,0.0
M21.941,1,0,4.1308785787022006e-12,0.0
S83.209D,0,1,0.0,9.150679611969598e-12
A60.9,0,1,0.0,9.150679611969598e-12
N84.1,1,0,4.1308785787022006e-12,0.0
S32.028S,3,5,1.2392635736106602e-11,4.5753398059847985e-11
J12.1,0,1,0.0,9.150679611969598e-12
S86.312S,1,0,4.1308785787022006e-12,0.0
S33.2XXD,2,0,8.261757157404401e-12,0.0
M12.569,0,10,0.0,9.150679611969597e-11
M48.46XS,1,0,4.1308785787022006e-12,0.0
C78.80,1,0,4.1308785787022006e-12,0.0
S06.365S,1,0,4.1308785787022006e-12,0.0
Z34.92,1,0,4.1308785787022006e-12,0.0
Z96.661,1,1,4.1308785787022006e-12,9.150679611969598e-12
N80.03,2,0,8.261757157404401e-12,0.0
I82.492,1,0,4.1308785787022006e-12,0.0
L12.1,0,1,0.0,9.150679611969598e-12
S92.424A,0,1,0.0,9.150679611969598e-12
D37.05,1,0,4.1308785787022006e-12,0.0
K94.09,0,2,0.0,1.8301359223939195e-11
Z20.1,1,0,4.1308785787022006e-12,0.0
Q79.4,0,1,0.0,9.150679611969598e-12
T79.A0XA,1,0,4.1308785787022006e-12,0.0
S76.192A,1,1,4.1308785787022006e-12,9.150679611969598e-12
D11.9,0,1,0.0,9.150679611969598e-12
S43.491A,0,1,0.0,9.150679611969598e-12
W10.8XXD,1,0,4.1308785787022006e-12,0.0
F02.818,1,0,4.1308785787022006e-12,0.0
S30.91XD,0,1,0.0,9.150679611969598e-12
S43.52XD,1,1,4.1308785787022006e-12,9.150679611969598e-12
H31.011,1,0,4.1308785787022006e-12,0.0
S41.111A,0,1,0.0,9.150679611969598e-12
M70.831,1,0,4.1308785787022006e-12,0.0
Z3A.12,1,0,4.1308785787022006e-12,0.0
Q79.63,4,0,1.6523514314808802e-11,0.0
Z93.2,1,0,4.1308785787022006e-12,0.0
S74.02XS,1,0,4.1308785787022006e-12,0.0
S72.91XA,1,0,4.1308785787022006e-12,0.0
K85.21,0,2,0.0,1.8301359223939195e-11
S69.91XA,1,0,4.1308785787022006e-12,0.0
S89.91XA,1,0,4.1308785787022006e-12,0.0
B37.83,1,0,4.1308785787022006e-12,0.0
S54.21XS,9,0,3.7177907208319803e-11,0.0
F17.298,1,0,4.1308785787022006e-12,0.0
S46.819S,0,1,0.0,9.150679611969598e-12
N34.1,1,0,4.1308785787022006e-12,0.0
M84.372A,2,0,8.261757157404401e-12,0.0
M43.8X8,0,1,0.0,9.150679611969598e-12
R46.89,1,0,4.1308785787022006e-12,0.0
M43.05,1,0,4.1308785787022006e-12,0.0
S72.392H,2,0,8.261757157404401e-12,0.0
S43.402D,1,0,4.1308785787022006e-12,0.0
D00.00,2,3,8.261757157404401e-12,2.7452038835908793e-11
Z87.42,1,1,4.1308785787022006e-12,9.150679611969598e-12
O04.88,0,1,0.0,9.150679611969598e-12
S80.02XD,0,1,0.0,9.150679611969598e-12
F02.83,0,1,0.0,9.150679611969598e-12
D52.9,1,0,4.1308785787022006e-12,0.0
K56.600,0,1,0.0,9.150679611969598e-12
H04.122,0,1,0.0,9.150679611969598e-12
S02.609D,0,1,0.0,9.150679611969598e-12
S90.812A,0,1,0.0,9.150679611969598e-12
S43.015D,1,0,4.1308785787022006e-12,0.0
M05.741,0,3,0.0,2.7452038835908793e-11
Z19.1,1,0,4.1308785787022006e-12,0.0
K90.83,0,1,0.0,9.150679611969598e-12
E09.10,0,1,0.0,9.150679611969598e-12
M08.811,1,1,4.1308785787022006e-12,9.150679611969598e-12
M19.149,2,3,8.261757157404401e-12,2.7452038835908793e-11
S66.401A,0,1,0.0,9.150679611969598e-12
S63.692S,0,1,0.0,9.150679611969598e-12
S32.82XA,0,1,0.0,9.150679611969598e-12
S46.301S,2,0,8.261757157404401e-12,0.0
L24.89,0,1,0.0,9.150679611969598e-12
M1A.0720,5,1,2.0654392893511e-11,9.150679611969598e-12
C15.4,0,1,0.0,9.150679611969598e-12
T79.A22S,1,0,4.1308785787022006e-12,0.0
C10.1,0,1,0.0,9.150679611969598e-12
S86.201D,1,0,4.1308785787022006e-12,0.0
M32.14,1,0,4.1308785787022006e-12,0.0
S06.9X1A,0,1,0.0,9.150679611969598e-12
S14.101S,0,1,0.0,9.150679611969598e-12
M62.431,1,0,4.1308785787022006e-12,0.0
S46.122S,1,0,4.1308785787022006e-12,0.0
Z85.71,0,1,0.0,9.150679611969598e-12
T75.00XS,0,1,0.0,9.150679611969598e-12
M48.50XA,1,0,4.1308785787022006e-12,0.0
S82.112A,0,1,0.0,9.150679611969598e-12
H02.30,0,1,0.0,9.150679611969598e-12
S06.5X0S,0,1,0.0,9.150679611969598e-12
T74.11XS,0,1,0.0,9.150679611969598e-12
S83.222A,0,1,0.0,9.150679611969598e-12
M12.262,0,1,0.0,9.150679611969598e-12
D86.1,1,0,4.1308785787022006e-12,0.0
D53.9,0,1,0.0,9.150679611969598e-12
R45.82,0,1,0.0,9.150679611969598e-12
M16.30,0,1,0.0,9.150679611969598e-12
L63.0,1,0,4.1308785787022006e-12,0.0
T34.531D,1,0,4.1308785787022006e-12,0.0
S14.119S,1,0,4.1308785787022006e-12,0.0
N49.3,0,1,0.0,9.150679611969598e-12
M84.659A,1,0,4.1308785787022006e-12,0.0
E22.2,1,0,4.1308785787022006e-12,0.0
J20.1,1,0,4.1308785787022006e-12,0.0
D86.82,1,0,4.1308785787022006e-12,0.0
K72.10,0,1,0.0,9.150679611969598e-12
S76.991A,0,1,0.0,9.150679611969598e-12
E28.319,0,1,0.0,9.150679611969598e-12
S92.514S,0,1,0.0,9.150679611969598e-12
S63.124A,0,1,0.0,9.150679611969598e-12
H74.90,0,1,0.0,9.150679611969598e-12
I82.599,1,0,4.1308785787022006e-12,0.0
S46.901S,1,0,4.1308785787022006e-12,0.0
M93.004,0,1,0.0,9.150679611969598e-12
N39.8,1,0,4.1308785787022006e-12,0.0
S42.292S,0,1,0.0,9.150679611969598e-12
T70.3XXD,2,0,8.261757157404401e-12,0.0
C67.4,1,0,4.1308785787022006e-12,0.0
S22.050A,1,0,4.1308785787022006e-12,0.0
Z86.0101,2,0,8.261757157404401e-12,0.0
S06.2XAD,0,1,0.0,9.150679611969598e-12
F51.03,1,0,4.1308785787022006e-12,0.0
F13.129,2,0,8.261757157404401e-12,0.0
I45.5,0,3,0.0,2.7452038835908793e-11
S40.029A,1,0,4.1308785787022006e-12,0.0
L27.2,1,0,4.1308785787022006e-12,0.0
D68.9,1,0,4.1308785787022006e-12,0.0
T43.615S,1,0,4.1308785787022006e-12,0.0
H02.121,0,1,0.0,9.150679611969598e-12
N91.1,1,0,4.1308785787022006e-12,0.0
S43.82XD,1,0,4.1308785787022006e-12,0.0
S92.911A,0,4,0.0,3.660271844787839e-11
C88.80,0,1,0.0,9.150679611969598e-12
O87.2,2,0,8.261757157404401e-12,0.0
C71.6,3,0,1.2392635736106602e-11,0.0
S63.693S,2,0,8.261757157404401e-12,0.0
R09.3,1,0,4.1308785787022006e-12,0.0
Z77.128,1,0,4.1308785787022006e-12,0.0
S91.111A,1,0,4.1308785787022006e-12,0.0
Y32.XXXA,0,1,0.0,9.150679611969598e-12
M1A.3410,0,1,0.0,9.150679611969598e-12
F44.0,0,1,0.0,9.150679611969598e-12
S82.145D,1,0,4.1308785787022006e-12,0.0
S82.155S,2,0,8.261757157404401e-12,0.0
Y07.521,1,0,4.1308785787022006e-12,0.0
M26.55,1,0,4.1308785787022006e-12,0.0
Z87.448,1,0,4.1308785787022006e-12,0.0
M85.642,1,0,4.1308785787022006e-12,0.0
T83.592S,1,0,4.1308785787022006e-12,0.0
T45.1X5D,1,0,4.1308785787022006e-12,0.0
S20.362A,1,0,4.1308785787022006e-12,0.0
G31.1,0,1,0.0,9.150679611969598e-12
S06.341A,1,0,4.1308785787022006e-12,0.0
S12.8XXA,0,2,0.0,1.8301359223939195e-11
O21.0,0,1,0.0,9.150679611969598e-12
M41.46,2,0,8.261757157404401e-12,0.0
R74.9,1,0,4.1308785787022006e-12,0.0
L89.224,0,1,0.0,9.150679611969598e-12
K35.32,0,1,0.0,9.150679611969598e-12
S92.061D,0,2,0.0,1.8301359223939195e-11
H00.015,0,1,0.0,9.150679611969598e-12
Z88.1,1,0,4.1308785787022006e-12,0.0
H65.22,0,1,0.0,9.150679611969598e-12
K37.,0,1,0.0,9.150679611969598e-12
G24.09,1,0,4.1308785787022006e-12,0.0
F13.90,1,0,4.1308785787022006e-12,0.0
C34.80,0,1,0.0,9.150679611969598e-12
S46.801A,1,0,4.1308785787022006e-12,0.0
S00.00XA,0,1,0.0,9.150679611969598e-12
S60.011A,2,0,8.261757157404401e-12,0.0
I60.00,1,0,4.1308785787022006e-12,0.0
A52.8,0,2,0.0,1.8301359223939195e-11
T50.905A,1,0,4.1308785787022006e-12,0.0
H00.14,0,1,0.0,9.150679611969598e-12
S32.021S,0,1,0.0,9.150679611969598e-12
M62.522,5,0,2.0654392893511e-11,0.0
C83.09,0,1,0.0,9.150679611969598e-12
R27.8,1,0,4.1308785787022006e-12,0.0
F01.511,1,0,4.1308785787022006e-12,0.0
S62.92XA,4,0,1.6523514314808802e-11,0.0
S01.81XD,1,0,4.1308785787022006e-12,0.0
M06.879,0,1,0.0,9.150679611969598e-12
M36.4,1,0,4.1308785787022006e-12,0.0
M86.179,0,1,0.0,9.150679611969598e-12
N50.3,0,1,0.0,9.150679611969598e-12
I69.921,1,0,4.1308785787022006e-12,0.0
D84.89,2,0,8.261757157404401e-12,0.0
T81.9XXS,1,0,4.1308785787022006e-12,0.0
S56.512A,0,1,0.0,9.150679611969598e-12
I77.89,2,0,8.261757157404401e-12,0.0
F02.B11,0,1,0.0,9.150679611969598e-12
S06.9XAD,0,1,0.0,9.150679611969598e-12
E87.22,0,1,0.0,9.150679611969598e-12
D56.8,2,0,8.261757157404401e-12,0.0
I80.252,1,0,4.1308785787022006e-12,0.0
